ISO-10303-21;
HEADER;
FILE_DESCRIPTION (( 'STEP AP214' ),
    '1' );
FILE_NAME ('BHX2-2032-PC.STEP',
    '2024-06-26T01:56:29',
    ( '' ),
    ( '' ),
    'SwSTEP 2.0',
    'SolidWorks 2021',
    '' );
FILE_SCHEMA (( 'AUTOMOTIVE_DESIGN' ));
ENDSEC;

DATA;
#1 = ADVANCED_FACE ( 'NONE', ( #5333 ), #6413, .T. ) ;
#2 = ORIENTED_EDGE ( 'NONE', *, *, #2534, .T. ) ;
#3 = EDGE_CURVE ( 'NONE', #2508, #3234, #7077, .T. ) ;
#4 = DIRECTION ( 'NONE',  ( 0.000000000000000000, 0.000000000000000000, -1.000000000000000000 ) ) ;
#5 = AXIS2_PLACEMENT_3D ( 'NONE', #6951, #1789, #4094 ) ;
#6 = ORIENTED_EDGE ( 'NONE', *, *, #1328, .T. ) ;
#7 = AXIS2_PLACEMENT_3D ( 'NONE', #7099, #4966, #1938 ) ;
#8 = PLANE ( 'NONE',  #6416 ) ;
#9 = LINE ( 'NONE', #5719, #2286 ) ;
#10 = ADVANCED_FACE ( 'NONE', ( #804 ), #5934, .T. ) ;
#11 =( GEOMETRIC_REPRESENTATION_CONTEXT ( 3 ) GLOBAL_UNCERTAINTY_ASSIGNED_CONTEXT ( ( #2832 ) ) GLOBAL_UNIT_ASSIGNED_CONTEXT ( ( #3213, #3801, #7110 ) ) REPRESENTATION_CONTEXT ( 'NONE', 'WORKASPACE' ) );
#12 = ORIENTED_EDGE ( 'NONE', *, *, #6446, .T. ) ;
#13 = CARTESIAN_POINT ( 'NONE',  ( -0.1663668302556448320, 0.2116535433070866334, 0.4006299212598424808 ) ) ;
#14 = DIRECTION ( 'NONE',  ( 3.188626069577461471E-15, -1.000000000000000000, -6.408516294314084387E-16 ) ) ;
#15 = B_SPLINE_CURVE_WITH_KNOTS ( 'NONE', 3,
 ( #6983, #6013, #3137, #5384 ),
 .UNSPECIFIED., .F., .F.,
 ( 4, 4 ),
 ( 0.000000000000000000, 0.6010120612918484762 ),
 .UNSPECIFIED. ) ;
#16 = CARTESIAN_POINT ( 'NONE',  ( -0.4507874015748029595, 0.3917322834645669549, 0.2185039370078739329 ) ) ;
#17 = CARTESIAN_POINT ( 'NONE',  ( -0.2973658521317058545, 0.2656432656125703451, 0.4490666058255518012 ) ) ;
#18 = ORIENTED_EDGE ( 'NONE', *, *, #7438, .F. ) ;
#19 = VERTEX_POINT ( 'NONE', #2388 ) ;
#20 = ORIENTED_EDGE ( 'NONE', *, *, #2217, .F. ) ;
#21 =( GEOMETRIC_REPRESENTATION_CONTEXT ( 3 ) GLOBAL_UNCERTAINTY_ASSIGNED_CONTEXT ( ( #6375 ) ) GLOBAL_UNIT_ASSIGNED_CONTEXT ( ( #4806, #4239, #4086 ) ) REPRESENTATION_CONTEXT ( 'NONE', 'WORKASPACE' ) );
#22 = CARTESIAN_POINT ( 'NONE',  ( -0.4704724409448824973, 0.1614476187188448042, -0.2054993803149607612 ) ) ;
#23 = CARTESIAN_POINT ( 'NONE',  ( -0.2512620141297439713, 0.2497657715097138520, -0.4529711509101964628 ) ) ;
#24 = DIRECTION ( 'NONE',  ( 0.000000000000000000, 0.000000000000000000, 1.000000000000000000 ) ) ;
#25 = LINE ( 'NONE', #2328, #4101 ) ;
#26 = CARTESIAN_POINT ( 'NONE',  ( 0.2387340609205521325, 0.2716535433070866312, 0.4086683970327761872 ) ) ;
#27 = DIRECTION ( 'NONE',  ( 0.4999999999999997224, -2.837241783022915639E-31, 0.8660254037844388186 ) ) ;
#28 = ORIENTED_EDGE ( 'NONE', *, *, #3687, .T. ) ;
#29 = ORIENTED_EDGE ( 'NONE', *, *, #5162, .T. ) ;
#30 = VECTOR ( 'NONE', #140, 39.37007874015748143 ) ;
#31 = CARTESIAN_POINT ( 'NONE',  ( 0.4789113459805934836, 0.04765840547478853578, 0.02205967480314803206 ) ) ;
#32 = DIRECTION ( 'NONE',  ( 0.000000000000000000, 0.000000000000000000, -1.000000000000000000 ) ) ;
#33 = AXIS2_PLACEMENT_3D ( 'NONE', #2586, #4772, #7053 ) ;
#34 = CARTESIAN_POINT ( 'NONE',  ( -0.2975463258582485837, 0.2614784873077389271, -0.4532313841303830526 ) ) ;
#35 = EDGE_CURVE ( 'NONE', #3940, #6954, #2469, .T. ) ;
#36 = VECTOR ( 'NONE', #6650, 39.37007874015748143 ) ;
#37 = AXIS2_PLACEMENT_3D ( 'NONE', #6241, #6933, #5717 ) ;
#38 = VERTEX_POINT ( 'NONE', #1812 ) ;
#39 = DIRECTION ( 'NONE',  ( -1.000000000000000000, 0.000000000000000000, 0.000000000000000000 ) ) ;
#40 = ADVANCED_FACE ( 'NONE', ( #4692 ), #4854, .T. ) ;
#41 = CARTESIAN_POINT ( 'NONE',  ( -0.2265748031496063741, 0.2416535433070866601, -0.4056299212598424297 ) ) ;
#42 = ORIENTED_EDGE ( 'NONE', *, *, #6230, .F. ) ;
#43 = VECTOR ( 'NONE', #2276, 39.37007874015748143 ) ;
#44 = CARTESIAN_POINT ( 'NONE',  ( -0.2978669291338584824, 0.2716535433070866312, -0.4606299212598424786 ) ) ;
#45 = ADVANCED_FACE ( 'NONE', ( #763 ), #4762, .T. ) ;
#46 = CYLINDRICAL_SURFACE ( 'NONE', #1080, 0.3499999999999999778 ) ;
#47 = EDGE_CURVE ( 'NONE', #3516, #6333, #5860, .T. ) ;
#48 = VECTOR ( 'NONE', #634, 39.37007874015748143 ) ;
#49 = DIRECTION ( 'NONE',  ( -6.672013369141570147E-16, 8.149294847492427083E-43, 1.000000000000000000 ) ) ;
#50 = EDGE_CURVE ( 'NONE', #3954, #2081, #1883, .T. ) ;
#51 = CARTESIAN_POINT ( 'NONE',  ( 0.4707524537788596031, 0.09772296914473160845, 0.02205967480314803206 ) ) ;
#52 = CARTESIAN_POINT ( 'NONE',  ( -0.2404527559055117947, 0.4015748031496061965, 0.1200787401574800739 ) ) ;
#53 = CARTESIAN_POINT ( 'NONE',  ( -0.2965669291338585145, 0.2716535433070866312, -0.3369861442512482319 ) ) ;
#54 = CARTESIAN_POINT ( 'NONE',  ( -0.3007205172105626989, 0.2716484245281008403, 0.4347835093365446935 ) ) ;
#55 = ORIENTED_EDGE ( 'NONE', *, *, #5355, .F. ) ;
#56 = ORIENTED_EDGE ( 'NONE', *, *, #5850, .T. ) ;
#57 = ORIENTED_EDGE ( 'NONE', *, *, #6526, .F. ) ;
#58 = CARTESIAN_POINT ( 'NONE',  ( 0.4291338582677163838, 0.3858267716535432323, -0.4035433070866143446 ) ) ;
#59 = CARTESIAN_POINT ( 'NONE',  ( 0.4725173040131662727, 0.03231368565854034897, 0.02205967480314803206 ) ) ;
#60 = DIRECTION ( 'NONE',  ( 0.000000000000000000, 0.000000000000000000, -1.000000000000000000 ) ) ;
#61 = DIRECTION ( 'NONE',  ( -6.672013369141570147E-16, -7.173277348340182133E-43, -1.000000000000000000 ) ) ;
#62 = DIRECTION ( 'NONE',  ( 0.000000000000000000, 0.000000000000000000, -1.000000000000000000 ) ) ;
#63 = DIRECTION ( 'NONE',  ( 3.396661351562978405E-15, -1.000000000000000000, -2.890305043900352215E-32 ) ) ;
#64 = VERTEX_POINT ( 'NONE', #192 ) ;
#65 = CARTESIAN_POINT ( 'NONE',  ( -0.4488188976377958661, 0.1580380698850482046, -0.2054993803149607612 ) ) ;
#66 = CARTESIAN_POINT ( 'NONE',  ( 0.1594488188976377896, 0.4015748031496062520, 0.1200787401574801017 ) ) ;
#67 = LINE ( 'NONE', #3423, #3215 ) ;
#68 = CARTESIAN_POINT ( 'NONE',  ( -0.4810721634446568640, 0.05284403589902079978, -0.03975134881889921118 ) ) ;
#69 = DIRECTION ( 'NONE',  ( -3.433861939970594219E-15, -1.000000000000000000, 0.000000000000000000 ) ) ;
#70 = EDGE_LOOP ( 'NONE', ( #1656, #6853, #3277, #3128 ) ) ;
#71 = ADVANCED_FACE ( 'NONE', ( #341 ), #7262, .T. ) ;
#72 = DIRECTION ( 'NONE',  ( 1.000000000000000000, 3.396661351562978405E-15, 1.141265444721584004E-16 ) ) ;
#73 = ORIENTED_EDGE ( 'NONE', *, *, #637, .T. ) ;
#74 = CIRCLE ( 'NONE', #191, 0.01377952755905510404 ) ;
#75 = DIRECTION ( 'NONE',  ( 0.000000000000000000, 1.000000000000000000, 7.661286097916305006E-43 ) ) ;
#76 = AXIS2_PLACEMENT_3D ( 'NONE', #2431, #2354, #6418 ) ;
#77 = ITEM_DEFINED_TRANSFORMATION ( 'NONE', 'NONE', #3622,  #7221 ) ;
#78 = EDGE_CURVE ( 'NONE', #38, #5368, #3441, .T. ) ;
#79 = DIRECTION ( 'NONE',  ( 6.672013369141568175E-16, 7.173277348340182133E-43, 1.000000000000000000 ) ) ;
#80 = ADVANCED_FACE ( 'NONE', ( #1539 ), #909, .F. ) ;
#81 = DIRECTION ( 'NONE',  ( 0.000000000000000000, 0.000000000000000000, -1.000000000000000000 ) ) ;
#82 = DIRECTION ( 'NONE',  ( 0.000000000000000000, -1.000000000000000000, -7.661286097916305006E-43 ) ) ;
#83 = DIRECTION ( 'NONE',  ( 0.3846363336743959804, -0.9230681940233445015, 0.000000000000000000 ) ) ;
#84 = DIRECTION ( 'NONE',  ( 0.000000000000000000, -1.000000000000000000, -3.491481338843132961E-15 ) ) ;
#85 = EDGE_CURVE ( 'NONE', #6936, #348, #5520, .T. ) ;
#86 = EDGE_LOOP ( 'NONE', ( #5020, #5219, #3866, #3714 ) ) ;
#87 = FILL_AREA_STYLE_COLOUR ( '', #2552 ) ;
#88 = VERTEX_POINT ( 'NONE', #1955 ) ;
#89 = ADVANCED_FACE ( 'NONE', ( #5445 ), #2194, .T. ) ;
#90 = ORIENTED_EDGE ( 'NONE', *, *, #4156, .F. ) ;
#91 = ADVANCED_FACE ( 'NONE', ( #3842 ), #875, .F. ) ;
#92 = DIRECTION ( 'NONE',  ( 0.000000000000000000, 0.000000000000000000, 1.000000000000000000 ) ) ;
#93 = CARTESIAN_POINT ( 'NONE',  ( -0.2965669291338584035, 0.2716535433070866312, 0.4306299212598424520 ) ) ;
#94 = FACE_OUTER_BOUND ( 'NONE', #6483, .T. ) ;
#95 = LINE ( 'NONE', #4704, #1780 ) ;
#96 = DIRECTION ( 'NONE',  ( 0.000000000000000000, -7.661286097916325716E-43, -1.000000000000000000 ) ) ;
#97 = ORIENTED_EDGE ( 'NONE', *, *, #396, .F. ) ;
#98 = AXIS2_PLACEMENT_3D ( 'NONE', #5201, #6842, #1079 ) ;
#99 = ORIENTED_EDGE ( 'NONE', *, *, #1456, .F. ) ;
#100 = PLANE ( 'NONE',  #4125 ) ;
#101 = CARTESIAN_POINT ( 'NONE',  ( -0.2665669291338584879, 0.000000000000000000, 0.3511974678401351690 ) ) ;
#102 = DIRECTION ( 'NONE',  ( 1.000000000000000000, 0.000000000000000000, 0.000000000000000000 ) ) ;
#103 = LINE ( 'NONE', #1663, #3806 ) ;
#104 = LINE ( 'NONE', #1800, #176 ) ;
#105 = LINE ( 'NONE', #4784, #121 ) ;
#106 = CARTESIAN_POINT ( 'NONE',  ( -0.4295669291338582996, 0.000000000000000000, -0.08999999999999999667 ) ) ;
#107 = ORIENTED_EDGE ( 'NONE', *, *, #3914, .T. ) ;
#108 = VERTEX_POINT ( 'NONE', #3700 ) ;
#109 = DIRECTION ( 'NONE',  ( 1.000000000000000000, 0.000000000000000000, -0.000000000000000000 ) ) ;
#110 = DIRECTION ( 'NONE',  ( 0.8660254037844388186, -2.345220000641100191E-31, -0.4999999999999997224 ) ) ;
#111 = ORIENTED_EDGE ( 'NONE', *, *, #3040, .F. ) ;
#112 = AXIS2_PLACEMENT_3D ( 'NONE', #6634, #916, #3206 ) ;
#113 = CARTESIAN_POINT ( 'NONE',  ( -0.3265669291338584301, 0.2416535433070866601, 0.4319299212598425308 ) ) ;
#114 = VECTOR ( 'NONE', #2317, 39.37007874015748143 ) ;
#115 = VERTEX_POINT ( 'NONE', #1995 ) ;
#116 = CIRCLE ( 'NONE', #7324, 0.05500000000000002803 ) ;
#117 = CYLINDRICAL_SURFACE ( 'NONE', #535, 0.01377952755905510404 ) ;
#118 = LINE ( 'NONE', #3549, #6640 ) ;
#119 = DIRECTION ( 'NONE',  ( -3.338476886082544684E-15, -1.000000000000000000, 0.000000000000000000 ) ) ;
#120 = DIRECTION ( 'NONE',  ( 1.000000000000000000, 0.000000000000000000, 0.000000000000000000 ) ) ;
#121 = VECTOR ( 'NONE', #5961, 39.37007874015748143 ) ;
#122 = EDGE_CURVE ( 'NONE', #4162, #2549, #4310, .T. ) ;
#123 = ORIENTED_EDGE ( 'NONE', *, *, #4617, .F. ) ;
#124 = VERTEX_POINT ( 'NONE', #6593 ) ;
#125 = EDGE_LOOP ( 'NONE', ( #2671, #6760, #5177, #2178 ) ) ;
#126 = DIRECTION ( 'NONE',  ( 0.3846363336743944261, -0.9230681940233451677, 0.000000000000000000 ) ) ;
#127 = DIRECTION ( 'NONE',  ( -8.459571950149005536E-16, -7.042530573768935242E-43, -1.000000000000000000 ) ) ;
#128 = VECTOR ( 'NONE', #3292, 39.37007874015748143 ) ;
#129 = DIRECTION ( 'NONE',  ( 0.000000000000000000, -1.000000000000000000, -3.491481338843132961E-15 ) ) ;
#130 = DIRECTION ( 'NONE',  ( -1.000000000000000000, -3.396661351562978405E-15, -1.141265444721584004E-16 ) ) ;
#131 = ADVANCED_FACE ( 'NONE', ( #1425 ), #3090, .T. ) ;
#132 = DIRECTION ( 'NONE',  ( -0.000000000000000000, -0.000000000000000000, -1.000000000000000000 ) ) ;
#133 = FACE_OUTER_BOUND ( 'NONE', #1989, .T. ) ;
#134 = EDGE_CURVE ( 'NONE', #64, #1336, #5556, .T. ) ;
#135 = EDGE_CURVE ( 'NONE', #450, #6019, #4989, .T. ) ;
#136 = ORIENTED_EDGE ( 'NONE', *, *, #829, .T. ) ;
#137 = AXIS2_PLACEMENT_3D ( 'NONE', #2150, #2720, #1068 ) ;
#138 = VERTEX_POINT ( 'NONE', #6043 ) ;
#139 = DIRECTION ( 'NONE',  ( 0.000000000000000000, 0.000000000000000000, -1.000000000000000000 ) ) ;
#140 = DIRECTION ( 'NONE',  ( 0.000000000000000000, -1.000000000000000000, 0.000000000000000000 ) ) ;
#141 = CARTESIAN_POINT ( 'NONE',  ( 0.4803149606299213503, 0.3818897637795276023, 0.2185039370078739329 ) ) ;
#142 = ADVANCED_FACE ( 'NONE', ( #2032 ), #6768, .T. ) ;
#143 = CARTESIAN_POINT ( 'NONE',  ( 0.1596456692913385822, 0.1907360999991050132, 0.1200787401574807817 ) ) ;
#144 = DIRECTION ( 'NONE',  ( 1.141265444721584004E-16, 0.000000000000000000, -1.000000000000000000 ) ) ;
#145 = CARTESIAN_POINT ( 'NONE',  ( 0.4613299533447856038, 0.09477963595631162808, -0.03975134881889921118 ) ) ;
#146 = ORIENTED_EDGE ( 'NONE', *, *, #3494, .T. ) ;
#147 = ORIENTED_EDGE ( 'NONE', *, *, #4846, .T. ) ;
#148 = LINE ( 'NONE', #186, #3209 ) ;
#149 = VECTOR ( 'NONE', #1254, 39.37007874015748143 ) ;
#150 = ORIENTED_EDGE ( 'NONE', *, *, #1966, .T. ) ;
#151 = CARTESIAN_POINT ( 'NONE',  ( -0.1804770808631419032, 0.2716535433070866312, 0.4306299212598424520 ) ) ;
#152 = ORIENTED_EDGE ( 'NONE', *, *, #6815, .T. ) ;
#153 = AXIS2_PLACEMENT_3D ( 'NONE', #6203, #3745, #2646 ) ;
#154 = FACE_OUTER_BOUND ( 'NONE', #385, .T. ) ;
#155 = LINE ( 'NONE', #1321, #930 ) ;
#156 = FACE_OUTER_BOUND ( 'NONE', #2269, .T. ) ;
#157 = CIRCLE ( 'NONE', #4137, 0.2009961834654618584 ) ;
#158 = EDGE_LOOP ( 'NONE', ( #6111, #3457, #7142, #5353 ) ) ;
#159 = VECTOR ( 'NONE', #4984, 39.37007874015748143 ) ;
#160 = ORIENTED_EDGE ( 'NONE', *, *, #2351, .F. ) ;
#161 = DIRECTION ( 'NONE',  ( 0.000000000000000000, -1.000000000000000000, -7.661286097916305006E-43 ) ) ;
#162 = CARTESIAN_POINT ( 'NONE',  ( 0.4632672164609369370, 0.1102362204724408601, 0.2283464566929131745 ) ) ;
#163 = LINE ( 'NONE', #4283, #4510 ) ;
#164 = CARTESIAN_POINT ( 'NONE',  ( -0.4996656043679566506, 0.3818897637795276023, 0.2717052744913954210 ) ) ;
#165 = CARTESIAN_POINT ( 'NONE',  ( 0.2403543307086613845, 0.3815936979123816797, 0.02934711754111384019 ) ) ;
#166 = AXIS2_PLACEMENT_3D ( 'NONE', #7390, #6388, #6293 ) ;
#167 = DIRECTION ( 'NONE',  ( 0.000000000000000000, 1.000000000000000000, 7.661286097916305006E-43 ) ) ;
#168 = VERTEX_POINT ( 'NONE', #304 ) ;
#169 = ADVANCED_FACE ( 'NONE', ( #6154 ), #3401, .T. ) ;
#170 = AXIS2_PLACEMENT_3D ( 'NONE', #5838, #1503, #127 ) ;
#171 = ORIENTED_EDGE ( 'NONE', *, *, #5945, .T. ) ;
#172 = CARTESIAN_POINT ( 'NONE',  ( -0.4291338582677163838, 0.3917322834645668994, -0.4035433070866142891 ) ) ;
#173 = CARTESIAN_POINT ( 'NONE',  ( 0.000000000000000000, 0.3015748031496062187, -0.3937007874015752140 ) ) ;
#174 = EDGE_CURVE ( 'NONE', #138, #1538, #229, .T. ) ;
#175 = DIRECTION ( 'NONE',  ( -1.000000000000000000, 0.000000000000000000, 0.000000000000000000 ) ) ;
#176 = VECTOR ( 'NONE', #2455, 39.37007874015748854 ) ;
#177 = EDGE_CURVE ( 'NONE', #6954, #6706, #1192, .T. ) ;
#178 = DIRECTION ( 'NONE',  ( 1.000000000000000000, -7.074749280333369037E-74, 6.672013369141568175E-16 ) ) ;
#179 = LINE ( 'NONE', #3646, #4777 ) ;
#180 = CARTESIAN_POINT ( 'NONE',  ( 0.3487518205591552123, 0.2416535433070866601, -0.3788699307953760642 ) ) ;
#181 = CARTESIAN_POINT ( 'NONE',  ( -0.3980708661417323158, 0.000000000000000000, 0.05118110236220458492 ) ) ;
#182 = ORIENTED_EDGE ( 'NONE', *, *, #3455, .T. ) ;
#183 = VECTOR ( 'NONE', #333, 39.37007874015748143 ) ;
#184 = EDGE_CURVE ( 'NONE', #885, #3344, #1619, .T. ) ;
#185 = ORIENTED_EDGE ( 'NONE', *, *, #2148, .T. ) ;
#186 = CARTESIAN_POINT ( 'NONE',  ( -0.1594488188976377896, 0.3917322834645668994, -0.06045746635706854971 ) ) ;
#187 = EDGE_CURVE ( 'NONE', #7315, #519, #6743, .T. ) ;
#188 = ORIENTED_EDGE ( 'NONE', *, *, #3259, .T. ) ;
#189 = CARTESIAN_POINT ( 'NONE',  ( -0.3980708661417323158, 0.01999999999999999001, 0.05118110236220458492 ) ) ;
#190 = DIRECTION ( 'NONE',  ( -1.000000000000000000, 0.000000000000000000, 0.000000000000000000 ) ) ;
#191 = AXIS2_PLACEMENT_3D ( 'NONE', #6767, #6695, #4972 ) ;
#192 = CARTESIAN_POINT ( 'NONE',  ( 0.3083442662718037242, 0.2516535433070866690, 0.4488578678306666125 ) ) ;
#193 = CARTESIAN_POINT ( 'NONE',  ( 0.4704724409448826639, 0.09918119350236434539, 0.02205967480314803206 ) ) ;
#194 = CARTESIAN_POINT ( 'NONE',  ( -0.1804770808631419032, 0.2716535433070866312, -0.4306299212598424520 ) ) ;
#195 = CARTESIAN_POINT ( 'NONE',  ( 0.4744094488188984049, 0.09918119350236434539, 0.02205967480314803206 ) ) ;
#196 = LINE ( 'NONE', #5900, #1803 ) ;
#197 = CIRCLE ( 'NONE', #5022, 0.009842519685039378616 ) ;
#198 = AXIS2_PLACEMENT_3D ( 'NONE', #462, #2833, #2414 ) ;
#199 = VERTEX_POINT ( 'NONE', #4461 ) ;
#200 = ORIENTED_EDGE ( 'NONE', *, *, #2360, .F. ) ;
#201 = DIRECTION ( 'NONE',  ( 0.000000000000000000, 0.000000000000000000, 1.000000000000000000 ) ) ;
#202 = DIRECTION ( 'NONE',  ( -0.8660254037844418162, -3.081856994139118952E-15, 0.4999999999999943934 ) ) ;
#203 = CARTESIAN_POINT ( 'NONE',  ( 0.4632672164609361598, 0.3818897637795276023, 0.2283464566929133410 ) ) ;
#204 = CARTESIAN_POINT ( 'NONE',  ( -0.1930337834871094782, 0.2716535433070866312, 0.4606299212598424786 ) ) ;
#205 = CARTESIAN_POINT ( 'NONE',  ( -0.4890567467915251654, 0.04917272174909721044, 0.02205967480314803206 ) ) ;
#206 = DIRECTION ( 'NONE',  ( 0.000000000000000000, -7.661286097916305006E-43, 1.000000000000000000 ) ) ;
#207 = DIRECTION ( 'NONE',  ( -0.8660254037844420383, -3.469446951953583029E-15, 0.4999999999999942824 ) ) ;
#208 = DIRECTION ( 'NONE',  ( 0.000000000000000000, 0.000000000000000000, -1.000000000000000000 ) ) ;
#209 = AXIS2_PLACEMENT_3D ( 'NONE', #4829, #1948, #1308 ) ;
#210 = ORIENTED_EDGE ( 'NONE', *, *, #5451, .T. ) ;
#211 = LINE ( 'NONE', #7135, #6847 ) ;
#212 = VERTEX_POINT ( 'NONE', #2927 ) ;
#213 = AXIS2_PLACEMENT_3D ( 'NONE', #3458, #6851, #3529 ) ;
#214 = LINE ( 'NONE', #5319, #3271 ) ;
#215 = CARTESIAN_POINT ( 'NONE',  ( -0.4707524537788596031, 0.09772296914473160845, -0.03975134881889921118 ) ) ;
#216 = DIRECTION ( 'NONE',  ( 0.000000000000000000, -1.000000000000000000, -7.661286097916305006E-43 ) ) ;
#217 = DIRECTION ( 'NONE',  ( 0.000000000000000000, 0.000000000000000000, 1.000000000000000000 ) ) ;
#218 = CARTESIAN_POINT ( 'NONE',  ( -0.2026169319621085874, 0.2716535433070866312, -0.4534870641169852501 ) ) ;
#219 = AXIS2_PLACEMENT_3D ( 'NONE', #6950, #1718, #2920 ) ;
#220 = ORIENTED_EDGE ( 'NONE', *, *, #5442, .F. ) ;
#221 = EDGE_CURVE ( 'NONE', #3190, #6706, #6923, .T. ) ;
#222 = VERTEX_POINT ( 'NONE', #2793 ) ;
#223 = CARTESIAN_POINT ( 'NONE',  ( -0.1596456692913385822, 0.3745673898465213814, 0.01683623137732595879 ) ) ;
#224 = ORIENTED_EDGE ( 'NONE', *, *, #464, .T. ) ;
#225 = EDGE_CURVE ( 'NONE', #5382, #3983, #2336, .T. ) ;
#226 = DIRECTION ( 'NONE',  ( -1.000000000000000000, 0.000000000000000000, 0.000000000000000000 ) ) ;
#227 = EDGE_CURVE ( 'NONE', #1000, #1918, #7361, .T. ) ;
#228 = ADVANCED_FACE ( 'NONE', ( #4069 ), #100, .T. ) ;
#229 = LINE ( 'NONE', #6365, #4735 ) ;
#230 = CIRCLE ( 'NONE', #3114, 0.03000000000000002318 ) ;
#231 = DIRECTION ( 'NONE',  ( 1.000000000000000000, 0.000000000000000000, 0.000000000000000000 ) ) ;
#232 = DIRECTION ( 'NONE',  ( 0.000000000000000000, 1.000000000000000000, -7.661286097916305006E-43 ) ) ;
#233 = CARTESIAN_POINT ( 'NONE',  ( -0.2736405827105305999, 0.3917322834645668994, 0.3248031496062991907 ) ) ;
#234 = EDGE_CURVE ( 'NONE', #2602, #1460, #877, .T. ) ;
#235 = CARTESIAN_POINT ( 'NONE',  ( 0.1596456692913385822, 0.1907360999991050132, 0.1200787401574807817 ) ) ;
#236 = FACE_OUTER_BOUND ( 'NONE', #7096, .T. ) ;
#237 = CIRCLE ( 'NONE', #4463, 0.03090551181102363376 ) ;
#238 = VERTEX_POINT ( 'NONE', #4506 ) ;
#239 = ORIENTED_EDGE ( 'NONE', *, *, #7260, .F. ) ;
#240 = CARTESIAN_POINT ( 'NONE',  ( 0.2403543307086613845, 0.3745673898465213814, 0.01683623137732593103 ) ) ;
#241 = CYLINDRICAL_SURFACE ( 'NONE', #4257, 0.02869999999999995471 ) ;
#242 = DIRECTION ( 'NONE',  ( -1.000000000000000000, 0.000000000000000000, 0.000000000000000000 ) ) ;
#243 = DIRECTION ( 'NONE',  ( 0.000000000000000000, -1.000000000000000000, 0.000000000000000000 ) ) ;
#244 = AXIS2_PLACEMENT_3D ( 'NONE', #4813, #7091, #1897 ) ;
#245 = PLANE ( 'NONE',  #2643 ) ;
#246 = DIRECTION ( 'NONE',  ( 0.000000000000000000, 0.000000000000000000, 1.000000000000000000 ) ) ;
#247 = LENGTH_MEASURE_WITH_UNIT ( LENGTH_MEASURE( 0.02539999999999999897 ), #594 );
#248 = ORIENTED_EDGE ( 'NONE', *, *, #234, .F. ) ;
#249 = VECTOR ( 'NONE', #3531, 39.37007874015748143 ) ;
#250 = DIRECTION ( 'NONE',  ( 0.000000000000000000, 3.787605842744118123E-15, -1.000000000000000000 ) ) ;
#251 = ORIENTED_EDGE ( 'NONE', *, *, #7301, .F. ) ;
#252 = DIRECTION ( 'NONE',  ( 0.000000000000000000, -1.000000000000000000, -7.661286097916305006E-43 ) ) ;
#253 = DIRECTION ( 'NONE',  ( -1.000000000000000000, 0.000000000000000000, -5.542458384320307220E-16 ) ) ;
#254 = CARTESIAN_POINT ( 'NONE',  ( -0.4707524537788596031, 0.09772296914473160845, 0.02205967480314803206 ) ) ;
#255 = FACE_OUTER_BOUND ( 'NONE', #6281, .T. ) ;
#256 = COLOUR_RGB ( '',0.7921568627450980005, 0.8196078431372548767, 0.9333333333333333481 ) ;
#257 = ORIENTED_EDGE ( 'NONE', *, *, #4572, .T. ) ;
#258 = ORIENTED_EDGE ( 'NONE', *, *, #323, .F. ) ;
#259 = DIRECTION ( 'NONE',  ( -6.208745440146049506E-15, 0.000000000000000000, 1.000000000000000000 ) ) ;
#260 = DIRECTION ( 'NONE',  ( 0.3846363336743959804, 0.9230681940233445015, 0.000000000000000000 ) ) ;
#261 = ORIENTED_EDGE ( 'NONE', *, *, #2501, .T. ) ;
#262 = EDGE_CURVE ( 'NONE', #4831, #6298, #631, .T. ) ;
#263 = FACE_OUTER_BOUND ( 'NONE', #322, .T. ) ;
#264 = CARTESIAN_POINT ( 'NONE',  ( -0.4704724409448826639, 0.09918119350236434539, 0.02205967480314803206 ) ) ;
#265 = VERTEX_POINT ( 'NONE', #4105 ) ;
#266 = TOROIDAL_SURFACE ( 'NONE', #2446, 0.04432413483936116505, 0.01181102362204724393 ) ;
#267 = EDGE_CURVE ( 'NONE', #5693, #1125, #5246, .T. ) ;
#268 = ORIENTED_EDGE ( 'NONE', *, *, #7259, .F. ) ;
#269 = EDGE_CURVE ( 'NONE', #3943, #6989, #4681, .T. ) ;
#270 = FACE_OUTER_BOUND ( 'NONE', #70, .T. ) ;
#271 = EDGE_CURVE ( 'NONE', #64, #6184, #2712, .T. ) ;
#272 = CARTESIAN_POINT ( 'NONE',  ( -0.1861225397890121924, 0.2688466405238171264, -0.4454726370332482976 ) ) ;
#273 = CYLINDRICAL_SURFACE ( 'NONE', #1279, 0.2108387031505012388 ) ;
#274 = VERTEX_POINT ( 'NONE', #6958 ) ;
#275 = AXIS2_PLACEMENT_3D ( 'NONE', #5087, #6692, #7280 ) ;
#276 = SURFACE_STYLE_USAGE ( .BOTH. , #3134 ) ;
#277 = ADVANCED_FACE ( 'NONE', ( #5061 ), #1830, .T. ) ;
#278 = VECTOR ( 'NONE', #7227, 39.37007874015748143 ) ;
#279 = ORIENTED_EDGE ( 'NONE', *, *, #6317, .F. ) ;
#280 = LINE ( 'NONE', #1435, #6274 ) ;
#281 = CARTESIAN_POINT ( 'NONE',  ( 0.2403543307086613845, 0.1907360999991050132, 0.1200787401574807817 ) ) ;
#282 = DIRECTION ( 'NONE',  ( 0.000000000000000000, 0.000000000000000000, 1.000000000000000000 ) ) ;
#283 = CARTESIAN_POINT ( 'NONE',  ( -0.1596456692913385822, 0.3659856491034197412, 0.02165587032319900990 ) ) ;
#284 = VECTOR ( 'NONE', #1549, 39.37007874015748143 ) ;
#285 = CARTESIAN_POINT ( 'NONE',  ( 0.3487518205591552123, 0.2416535433070866601, 0.3788699307953760642 ) ) ;
#286 = CIRCLE ( 'NONE', #1729, 0.003937007874015724558 ) ;
#287 = ORIENTED_EDGE ( 'NONE', *, *, #3536, .F. ) ;
#288 = ORIENTED_EDGE ( 'NONE', *, *, #680, .T. ) ;
#289 = DIRECTION ( 'NONE',  ( 0.3846363336743963690, 0.9230681940233442795, 0.000000000000000000 ) ) ;
#290 = ORIENTED_EDGE ( 'NONE', *, *, #793, .F. ) ;
#291 = FACE_OUTER_BOUND ( 'NONE', #5146, .T. ) ;
#292 = PLANE ( 'NONE',  #1890 ) ;
#293 = DIRECTION ( 'NONE',  ( 0.000000000000000000, 1.000000000000000000, 7.661286097916305006E-43 ) ) ;
#294 = LINE ( 'NONE', #2597, #1148 ) ;
#295 = VERTEX_POINT ( 'NONE', #7294 ) ;
#296 = AXIS2_PLACEMENT_3D ( 'NONE', #5557, #2748, #1096 ) ;
#297 = EDGE_LOOP ( 'NONE', ( #461, #3628, #1405 ) ) ;
#298 = FACE_OUTER_BOUND ( 'NONE', #2110, .T. ) ;
#299 = VERTEX_POINT ( 'NONE', #2747 ) ;
#300 = DIRECTION ( 'NONE',  ( 3.433861939970594219E-15, 1.000000000000000000, 0.000000000000000000 ) ) ;
#301 = CARTESIAN_POINT ( 'NONE',  ( -0.2665669291338585434, 0.2516535433070866690, 0.3221485083270180239 ) ) ;
#302 = EDGE_CURVE ( 'NONE', #2395, #6229, #2906, .T. ) ;
#303 = ORIENTED_EDGE ( 'NONE', *, *, #4083, .T. ) ;
#304 = CARTESIAN_POINT ( 'NONE',  ( -0.1596456692913385822, 0.3033398936683191494, -0.08988975328832256306 ) ) ;
#305 = VERTEX_POINT ( 'NONE', #6783 ) ;
#306 = LINE ( 'NONE', #2035, #6307 ) ;
#307 = CARTESIAN_POINT ( 'NONE',  ( -0.1925547590446340107, 0.2501940694018372491, -0.4596782912407098576 ) ) ;
#308 = FACE_OUTER_BOUND ( 'NONE', #4006, .T. ) ;
#309 = TOROIDAL_SURFACE ( 'NONE', #4544, 0.04432413483936116505, 0.01181102362204724393 ) ;
#310 = ORIENTED_EDGE ( 'NONE', *, *, #7121, .T. ) ;
#311 = EDGE_CURVE ( 'NONE', #2421, #5519, #3922, .T. ) ;
#312 = ORIENTED_EDGE ( 'NONE', *, *, #2627, .F. ) ;
#313 = FACE_OUTER_BOUND ( 'NONE', #4767, .T. ) ;
#314 = CYLINDRICAL_SURFACE ( 'NONE', #1471, 0.04035433070866141503 ) ;
#315 = DIRECTION ( 'NONE',  ( -0.3846363336743944261, -0.9230681940233451677, 0.000000000000000000 ) ) ;
#316 = CARTESIAN_POINT ( 'NONE',  ( -0.3239486148145114819, 0.2560250779839768343, 0.4580116069404952528 ) ) ;
#317 = AXIS2_PLACEMENT_3D ( 'NONE', #3559, #5876, #5314 ) ;
#318 = AXIS2_PLACEMENT_3D ( 'NONE', #3103, #4887, #5982 ) ;
#319 = DIRECTION ( 'NONE',  ( 0.000000000000000000, 7.661286097916305006E-43, 1.000000000000000000 ) ) ;
#320 = CARTESIAN_POINT ( 'NONE',  ( 0.3484251968503935815, 0.3858267716535432323, -0.3877952755905513804 ) ) ;
#321 = EDGE_CURVE ( 'NONE', #6184, #6304, #214, .T. ) ;
#322 = EDGE_LOOP ( 'NONE', ( #2675, #5234, #6645, #1424 ) ) ;
#323 = EDGE_CURVE ( 'NONE', #2081, #3940, #1301, .T. ) ;
#324 = EDGE_CURVE ( 'NONE', #3436, #4011, #825, .T. ) ;
#325 = ORIENTED_EDGE ( 'NONE', *, *, #271, .F. ) ;
#326 = DIRECTION ( 'NONE',  ( 1.000000000000000000, 3.396661351562978405E-15, 1.141265444721583757E-16 ) ) ;
#327 = CIRCLE ( 'NONE', #76, 1.359999999999999876 ) ;
#328 = ORIENTED_EDGE ( 'NONE', *, *, #2545, .F. ) ;
#329 = CARTESIAN_POINT ( 'NONE',  ( -0.4295669291338582996, 0.000000000000000000, 0.08999999999999999667 ) ) ;
#330 = LINE ( 'NONE', #1528, #334 ) ;
#331 = VECTOR ( 'NONE', #2891, 39.37007874015748143 ) ;
#332 = DIRECTION ( 'NONE',  ( 0.000000000000000000, -7.661286097916295448E-43, -1.000000000000000000 ) ) ;
#333 = DIRECTION ( 'NONE',  ( 1.000000000000000000, -0.000000000000000000, -0.000000000000000000 ) ) ;
#334 = VECTOR ( 'NONE', #3831, 39.37007874015748143 ) ;
#335 = ORIENTED_EDGE ( 'NONE', *, *, #5909, .F. ) ;
#336 = CARTESIAN_POINT ( 'NONE',  ( -0.2677512025678642771, 0.2716535433070866867, 0.4371360981197551232 ) ) ;
#337 = CARTESIAN_POINT ( 'NONE',  ( -0.4803149606299223495, 0.1102362204724409295, 0.2185039370078739329 ) ) ;
#338 = DIRECTION ( 'NONE',  ( 5.204170427930421283E-15, -1.000000000000000000, 0.000000000000000000 ) ) ;
#339 = ORIENTED_EDGE ( 'NONE', *, *, #2904, .F. ) ;
#340 = ORIENTED_EDGE ( 'NONE', *, *, #4712, .T. ) ;
#341 = FACE_OUTER_BOUND ( 'NONE', #2241, .T. ) ;
#342 = DIRECTION ( 'NONE',  ( 0.000000000000000000, 1.000000000000000000, 7.661286097916305006E-43 ) ) ;
#343 = ORIENTED_EDGE ( 'NONE', *, *, #6707, .F. ) ;
#344 = LINE ( 'NONE', #5524, #5344 ) ;
#345 = CARTESIAN_POINT ( 'NONE',  ( 0.3386220472440941154, 0.02000000000000002470, -0.05118110236220477227 ) ) ;
#346 = CARTESIAN_POINT ( 'NONE',  ( -0.2440578170120948631, 0.3917322834645668994, 0.3977748727163932796 ) ) ;
#347 = AXIS2_PLACEMENT_3D ( 'NONE', #4293, #250, #2559 ) ;
#348 = VERTEX_POINT ( 'NONE', #1261 ) ;
#349 = ORIENTED_EDGE ( 'NONE', *, *, #2064, .F. ) ;
#350 = DIRECTION ( 'NONE',  ( 0.000000000000000000, -7.661286097916305006E-43, -1.000000000000000000 ) ) ;
#351 = FACE_OUTER_BOUND ( 'NONE', #7289, .T. ) ;
#352 = FACE_OUTER_BOUND ( 'NONE', #3370, .T. ) ;
#353 = EDGE_CURVE ( 'NONE', #1002, #2421, #2676, .T. ) ;
#354 = LINE ( 'NONE', #2650, #1095 ) ;
#355 = AXIS2_PLACEMENT_3D ( 'NONE', #6309, #3539, #1133 ) ;
#356 = ORIENTED_EDGE ( 'NONE', *, *, #2020, .T. ) ;
#357 = ORIENTED_EDGE ( 'NONE', *, *, #6031, .F. ) ;
#358 = CARTESIAN_POINT ( 'NONE',  ( -0.1930337834871094782, 0.2716535433070866312, -0.4006299212598424808 ) ) ;
#359 = EDGE_LOOP ( 'NONE', ( #2880, #2739, #6542, #2138 ) ) ;
#360 = EDGE_CURVE ( 'NONE', #6353, #1809, #761, .T. ) ;
#361 = AXIS2_PLACEMENT_3D ( 'NONE', #3511, #6323, #7383 ) ;
#362 = LINE ( 'NONE', #3867, #3408 ) ;
#363 = DIRECTION ( 'NONE',  ( -0.000000000000000000, -0.000000000000000000, -1.000000000000000000 ) ) ;
#364 = VECTOR ( 'NONE', #3976, 39.37007874015748143 ) ;
#365 = CYLINDRICAL_SURFACE ( 'NONE', #612, 0.3499999999999999778 ) ;
#366 = DIRECTION ( 'NONE',  ( 0.000000000000000000, -0.000000000000000000, -1.000000000000000000 ) ) ;
#367 = EDGE_CURVE ( 'NONE', #1362, #885, #748, .T. ) ;
#368 = DIRECTION ( 'NONE',  ( 0.000000000000000000, 0.000000000000000000, 1.000000000000000000 ) ) ;
#369 = CIRCLE ( 'NONE', #4596, 0.03937007874015741732 ) ;
#370 = EDGE_CURVE ( 'NONE', #1809, #6353, #4977, .T. ) ;
#371 = ORIENTED_EDGE ( 'NONE', *, *, #7299, .T. ) ;
#372 = ORIENTED_EDGE ( 'NONE', *, *, #5487, .T. ) ;
#373 = ADVANCED_FACE ( 'NONE', ( #291 ), #3001, .F. ) ;
#374 = CARTESIAN_POINT ( 'NONE',  ( -0.2265748031496063741, 0.2716535433070866312, 0.4606299212598424786 ) ) ;
#375 = ORIENTED_EDGE ( 'NONE', *, *, #3399, .F. ) ;
#376 = ORIENTED_EDGE ( 'NONE', *, *, #85, .T. ) ;
#377 = CARTESIAN_POINT ( 'NONE',  ( -0.2669805606292162681, 0.2680136398155805177, -0.4454618952515879693 ) ) ;
#378 = LINE ( 'NONE', #5062, #3541 ) ;
#379 = ORIENTED_EDGE ( 'NONE', *, *, #7290, .F. ) ;
#380 = LINE ( 'NONE', #6045, #4129 ) ;
#381 = CARTESIAN_POINT ( 'NONE',  ( -0.4704724409448827194, 0.1102362204724409017, 0.2185039370078739884 ) ) ;
#382 = DIRECTION ( 'NONE',  ( 2.398249501670116078E-31, -1.224646799147353207E-16, 1.000000000000000000 ) ) ;
#383 = DIRECTION ( 'NONE',  ( 0.000000000000000000, 1.000000000000000000, 7.661286097916305006E-43 ) ) ;
#384 = ORIENTED_EDGE ( 'NONE', *, *, #4331, .F. ) ;
#385 = EDGE_LOOP ( 'NONE', ( #6555, #2684, #6243, #7048 ) ) ;
#386 = VECTOR ( 'NONE', #4645, 39.37007874015748143 ) ;
#387 = DIRECTION ( 'NONE',  ( -0.000000000000000000, 0.000000000000000000, 1.000000000000000000 ) ) ;
#388 = DIRECTION ( 'NONE',  ( -0.000000000000000000, 1.000000000000000000, -0.000000000000000000 ) ) ;
#389 = PLANE ( 'NONE',  #4123 ) ;
#390 = CIRCLE ( 'NONE', #2070, 0.01968503937007875723 ) ;
#391 = DIRECTION ( 'NONE',  ( 0.000000000000000000, 7.661286097916305006E-43, 1.000000000000000000 ) ) ;
#392 = FACE_OUTER_BOUND ( 'NONE', #125, .T. ) ;
#393 = VECTOR ( 'NONE', #6629, 39.37007874015748143 ) ;
#394 = ORIENTED_EDGE ( 'NONE', *, *, #460, .F. ) ;
#395 = ORIENTED_EDGE ( 'NONE', *, *, #2456, .F. ) ;
#396 = EDGE_CURVE ( 'NONE', #5414, #2117, #7061, .T. ) ;
#397 = ORIENTED_EDGE ( 'NONE', *, *, #7310, .F. ) ;
#398 = CARTESIAN_POINT ( 'NONE',  ( 0.3386220472440941154, 0.02000000000000002470, -0.05118110236220477227 ) ) ;
#399 = VECTOR ( 'NONE', #1562, 39.37007874015748143 ) ;
#400 = DIRECTION ( 'NONE',  ( 0.000000000000000000, 0.000000000000000000, 1.000000000000000000 ) ) ;
#401 = DIRECTION ( 'NONE',  ( 0.000000000000000000, 0.000000000000000000, 1.000000000000000000 ) ) ;
#402 = DIRECTION ( 'NONE',  ( 0.000000000000000000, 1.000000000000000000, 0.000000000000000000 ) ) ;
#403 = EDGE_CURVE ( 'NONE', #3591, #212, #1940, .T. ) ;
#404 = VERTEX_POINT ( 'NONE', #5466 ) ;
#405 = VECTOR ( 'NONE', #3326, 39.37007874015748143 ) ;
#406 = CARTESIAN_POINT ( 'NONE',  ( 0.4789113459805934836, 0.04765840547478853578, 0.02205967480314803206 ) ) ;
#407 = EDGE_CURVE ( 'NONE', #986, #2421, #1337, .T. ) ;
#408 = VERTEX_POINT ( 'NONE', #3642 ) ;
#409 = EDGE_CURVE ( 'NONE', #4827, #1967, #6578, .T. ) ;
#410 = CARTESIAN_POINT ( 'NONE',  ( -0.2978669291338584824, 0.2716535433070866312, 0.4606299212598424786 ) ) ;
#411 = ORIENTED_EDGE ( 'NONE', *, *, #2261, .T. ) ;
#412 = CARTESIAN_POINT ( 'NONE',  ( -0.3250346120888005785, 0.2513202549205104108, -0.4318635208545566484 ) ) ;
#413 = AXIS2_PLACEMENT_3D ( 'NONE', #2143, #6235, #2674 ) ;
#414 = ADVANCED_FACE ( 'NONE', ( #787 ), #4821, .T. ) ;
#415 = EDGE_CURVE ( 'NONE', #2972, #1862, #3718, .T. ) ;
#416 = ORIENTED_EDGE ( 'NONE', *, *, #958, .T. ) ;
#417 = EDGE_CURVE ( 'NONE', #5657, #1250, #7138, .T. ) ;
#418 = AXIS2_PLACEMENT_3D ( 'NONE', #3026, #2992, #1252 ) ;
#419 = DIRECTION ( 'NONE',  ( -0.8660254037844417052, 3.081856994139119741E-15, -0.4999999999999947820 ) ) ;
#420 = DIRECTION ( 'NONE',  ( 0.000000000000000000, 0.000000000000000000, 1.000000000000000000 ) ) ;
#421 = CARTESIAN_POINT ( 'NONE',  ( 0.2237340609205522024, 0.2716535433070866312, -0.4346491591463092496 ) ) ;
#422 = ORIENTED_EDGE ( 'NONE', *, *, #50, .T. ) ;
#423 = CARTESIAN_POINT ( 'NONE',  ( -0.4291338582677163838, 0.3858267716535432323, -0.3877952755905513804 ) ) ;
#424 = DIRECTION ( 'NONE',  ( 1.141265444721584004E-16, 4.379057701015053347E-47, -1.000000000000000000 ) ) ;
#425 = CARTESIAN_POINT ( 'NONE',  ( -0.4606299212598433113, 0.09918119350236434539, 0.02205967480314803206 ) ) ;
#426 = VERTEX_POINT ( 'NONE', #7170 ) ;
#427 = CONTEXT_DEPENDENT_SHAPE_REPRESENTATION ( #4964, #4226 ) ;
#428 = ORIENTED_EDGE ( 'NONE', *, *, #6135, .F. ) ;
#429 = DIRECTION ( 'NONE',  ( -1.141265444721584004E-16, -0.000000000000000000, -1.000000000000000000 ) ) ;
#430 = DIRECTION ( 'NONE',  ( -1.000000000000000000, 0.000000000000000000, 0.000000000000000000 ) ) ;
#431 =( LENGTH_UNIT ( ) NAMED_UNIT ( * ) SI_UNIT ( $, .METRE. ) );
#432 = CARTESIAN_POINT ( 'NONE',  ( -0.4295669291338582996, 0.01999999999999999001, 0.05118110236220458492 ) ) ;
#433 = CARTESIAN_POINT ( 'NONE',  ( 0.2403543307086613845, 0.3015748031496062187, -0.1279527559055120278 ) ) ;
#434 = EDGE_LOOP ( 'NONE', ( #7187, #3221, #6385, #6660 ) ) ;
#435 = VERTEX_POINT ( 'NONE', #2017 ) ;
#436 = CARTESIAN_POINT ( 'NONE',  ( -0.2665669291338584879, 0.000000000000000000, -0.3856257223156518976 ) ) ;
#437 = VERTEX_POINT ( 'NONE', #6436 ) ;
#438 = CARTESIAN_POINT ( 'NONE',  ( 0.4269494753157548339, 0.2516535433070866690, 0.3584687405235142954 ) ) ;
#439 = AXIS2_PLACEMENT_3D ( 'NONE', #593, #5051, #6884 ) ;
#440 = CIRCLE ( 'NONE', #318, 0.03090551181102362682 ) ;
#441 = CARTESIAN_POINT ( 'NONE',  ( -0.4295669291338582996, 0.2716535433070866312, -0.08999999999999998279 ) ) ;
#442 = CARTESIAN_POINT ( 'NONE',  ( -0.3115637794462605137, 0.2687855303162319243, 0.3441739712490853864 ) ) ;
#443 = DIRECTION ( 'NONE',  ( 0.000000000000000000, 0.000000000000000000, 1.000000000000000000 ) ) ;
#444 = PRODUCT_DEFINITION ( 'UNKNOWN', '', #6041, #4267 ) ;
#445 = AXIS2_PLACEMENT_3D ( 'NONE', #3407, #2841, #5154 ) ;
#446 = ORIENTED_EDGE ( 'NONE', *, *, #5487, .F. ) ;
#447 = CIRCLE ( 'NONE', #7407, 0.003937007874015741038 ) ;
#448 = VECTOR ( 'NONE', #1959, 39.37007874015748143 ) ;
#449 = DIRECTION ( 'NONE',  ( 0.9676118257555256230, 0.000000000000000000, 0.2524427750165536000 ) ) ;
#450 = VERTEX_POINT ( 'NONE', #3565 ) ;
#451 = DIRECTION ( 'NONE',  ( 0.000000000000000000, 0.000000000000000000, 1.000000000000000000 ) ) ;
#452 = LINE ( 'NONE', #1535, #4677 ) ;
#453 = VERTEX_POINT ( 'NONE', #5881 ) ;
#454 = ADVANCED_FACE ( 'NONE', ( #709 ), #5574, .F. ) ;
#455 = ORIENTED_EDGE ( 'NONE', *, *, #7312, .F. ) ;
#456 = ORIENTED_EDGE ( 'NONE', *, *, #4891, .T. ) ;
#457 = DIRECTION ( 'NONE',  ( 0.000000000000000000, 0.000000000000000000, 1.000000000000000000 ) ) ;
#458 = CARTESIAN_POINT ( 'NONE',  ( 0.4606299212598436998, 1.775701195881771191E-15, -0.3799212598425197873 ) ) ;
#459 = VECTOR ( 'NONE', #5088, 39.37007874015748143 ) ;
#460 = EDGE_CURVE ( 'NONE', #4457, #2081, #5006, .T. ) ;
#461 = ORIENTED_EDGE ( 'NONE', *, *, #5337, .F. ) ;
#462 = CARTESIAN_POINT ( 'NONE',  ( 0.2405511811023621771, 0.3917322834645668994, 0.1200787401574801017 ) ) ;
#463 = DIRECTION ( 'NONE',  ( 0.000000000000000000, 1.000000000000000000, 7.661286097916305006E-43 ) ) ;
#464 = EDGE_CURVE ( 'NONE', #2162, #785, #2625, .T. ) ;
#465 = EDGE_CURVE ( 'NONE', #2149, #1434, #6063, .T. ) ;
#466 = ORIENTED_EDGE ( 'NONE', *, *, #5176, .F. ) ;
#467 = ORIENTED_EDGE ( 'NONE', *, *, #3872, .T. ) ;
#468 = CARTESIAN_POINT ( 'NONE',  ( 0.3701181102362202102, 0.2516535433070866135, -0.08999999999999998279 ) ) ;
#469 = EDGE_CURVE ( 'NONE', #2836, #6137, #3224, .T. ) ;
#470 = LINE ( 'NONE', #4659, #3283 ) ;
#471 = DIRECTION ( 'NONE',  ( 0.000000000000000000, 1.000000000000000000, -7.661286097916305006E-43 ) ) ;
#472 = DIRECTION ( 'NONE',  ( -0.9288767401698612147, 0.3703889868387178486, 0.000000000000000000 ) ) ;
#473 = LINE ( 'NONE', #2199, #5555 ) ;
#474 = ORIENTED_EDGE ( 'NONE', *, *, #5888, .F. ) ;
#475 = ORIENTED_EDGE ( 'NONE', *, *, #6988, .T. ) ;
#476 = AXIS2_PLACEMENT_3D ( 'NONE', #2091, #2623, #2015 ) ;
#477 = ORIENTED_EDGE ( 'NONE', *, *, #1594, .F. ) ;
#478 = DIRECTION ( 'NONE',  ( -3.433861939970594219E-15, 1.000000000000000000, 0.000000000000000000 ) ) ;
#479 = CARTESIAN_POINT ( 'NONE',  ( 0.4792142271064858128, 0.04917272174909721044, 0.02205967480314803206 ) ) ;
#480 = CARTESIAN_POINT ( 'NONE',  ( -0.1596456692913385822, 0.3114173228346456268, -0.09663724781254488805 ) ) ;
#481 = AXIS2_PLACEMENT_3D ( 'NONE', #6591, #4349, #1499 ) ;
#482 = DIRECTION ( 'NONE',  ( 0.000000000000000000, 1.000000000000000000, 0.000000000000000000 ) ) ;
#483 = DIRECTION ( 'NONE',  ( 0.000000000000000000, 0.000000000000000000, 1.000000000000000000 ) ) ;
#484 = DIRECTION ( 'NONE',  ( -0.000000000000000000, 1.000000000000000000, -0.000000000000000000 ) ) ;
#485 = ORIENTED_EDGE ( 'NONE', *, *, #1334, .F. ) ;
#486 = AXIS2_PLACEMENT_3D ( 'NONE', #4323, #817, #7128 ) ;
#487 = ORIENTED_EDGE ( 'NONE', *, *, #6626, .T. ) ;
#488 = AXIS2_PLACEMENT_3D ( 'NONE', #3669, #7231, #4282 ) ;
#489 = DIRECTION ( 'NONE',  ( 0.000000000000000000, -1.000000000000000000, -7.661286097916305006E-43 ) ) ;
#490 = VECTOR ( 'NONE', #1524, 39.37007874015748143 ) ;
#491 = PLANE ( 'NONE',  #3939 ) ;
#492 = LINE ( 'NONE', #5094, #3051 ) ;
#493 = ORIENTED_EDGE ( 'NONE', *, *, #4922, .T. ) ;
#494 = CARTESIAN_POINT ( 'NONE',  ( -0.2978669291338584824, 0.2416535433070866601, 0.4606299212598424231 ) ) ;
#495 = CIRCLE ( 'NONE', #1431, 0.01377952755905511965 ) ;
#496 = CARTESIAN_POINT ( 'NONE',  ( -0.4291338582677163838, 0.3917322834645668994, -0.3799212598425196763 ) ) ;
#497 = EDGE_LOOP ( 'NONE', ( #474, #5185, #261, #918, #3007, #5750, #4523, #5266 ) ) ;
#498 = VERTEX_POINT ( 'NONE', #968 ) ;
#499 = EDGE_CURVE ( 'NONE', #5659, #4329, #3256, .T. ) ;
#500 = LINE ( 'NONE', #2794, #6679 ) ;
#501 = CARTESIAN_POINT ( 'NONE',  ( -0.2678601492237489556, 0.2716535433070866867, -0.4369964501729265982 ) ) ;
#502 = ORIENTED_EDGE ( 'NONE', *, *, #1799, .F. ) ;
#503 = CARTESIAN_POINT ( 'NONE',  ( -0.3484251968503935815, 0.3917322834645668994, -0.3799212598425196763 ) ) ;
#504 = DIRECTION ( 'NONE',  ( 0.000000000000000000, 0.000000000000000000, -1.000000000000000000 ) ) ;
#505 = DIRECTION ( 'NONE',  ( -0.000000000000000000, 1.000000000000000000, 3.787605842744118123E-15 ) ) ;
#506 = DIRECTION ( 'NONE',  ( 0.8660254037844417052, 0.000000000000000000, -0.4999999999999947820 ) ) ;
#507 = AXIS2_PLACEMENT_3D ( 'NONE', #2872, #5649, #6160 ) ;
#508 = EDGE_CURVE ( 'NONE', #3143, #2040, #4449, .T. ) ;
#509 = ORIENTED_EDGE ( 'NONE', *, *, #4891, .F. ) ;
#510 = EDGE_CURVE ( 'NONE', #1950, #2681, #3185, .T. ) ;
#511 = ORIENTED_EDGE ( 'NONE', *, *, #4941, .T. ) ;
#512 = EDGE_CURVE ( 'NONE', #3659, #6124, #3754, .T. ) ;
#513 = DIRECTION ( 'NONE',  ( -1.000000000000000000, 0.000000000000000000, 0.000000000000000000 ) ) ;
#514 = CARTESIAN_POINT ( 'NONE',  ( 0.3386220472440941154, 0.000000000000000000, -0.05118110236220478615 ) ) ;
#515 = DIRECTION ( 'NONE',  ( 0.9230681940233445015, 0.3846363336743959804, -0.000000000000000000 ) ) ;
#516 = LINE ( 'NONE', #6322, #6181 ) ;
#517 = FACE_OUTER_BOUND ( 'NONE', #3184, .T. ) ;
#518 = ADVANCED_FACE ( 'NONE', ( #1602 ), #5048, .T. ) ;
#519 = VERTEX_POINT ( 'NONE', #2129 ) ;
#520 = EDGE_LOOP ( 'NONE', ( #7286, #2644, #2998, #2436 ) ) ;
#521 = ORIENTED_EDGE ( 'NONE', *, *, #7066, .F. ) ;
#522 = DIRECTION ( 'NONE',  ( 1.000000000000000000, 0.000000000000000000, 0.000000000000000000 ) ) ;
#523 = CIRCLE ( 'NONE', #4621, 0.01377952755905511965 ) ;
#524 = CARTESIAN_POINT ( 'NONE',  ( -0.2601496313900764634, 0.2659138509835040631, -0.4452332343379850621 ) ) ;
#525 = CARTESIAN_POINT ( 'NONE',  ( -0.3484251968503935815, 0.3858267716535432323, -0.3877952755905513804 ) ) ;
#526 = DIRECTION ( 'NONE',  ( 0.000000000000000000, 0.000000000000000000, -1.000000000000000000 ) ) ;
#527 = VECTOR ( 'NONE', #7332, 39.37007874015748143 ) ;
#528 = LINE ( 'NONE', #4064, #6567 ) ;
#529 = ORIENTED_EDGE ( 'NONE', *, *, #2615, .T. ) ;
#530 = VECTOR ( 'NONE', #5803, 39.37007874015748143 ) ;
#531 = CARTESIAN_POINT ( 'NONE',  ( -0.4704724409448827194, 0.1102362204724409017, -0.3799212598425197318 ) ) ;
#532 = DIRECTION ( 'NONE',  ( 0.000000000000000000, 0.000000000000000000, -1.000000000000000000 ) ) ;
#533 = ORIENTED_EDGE ( 'NONE', *, *, #2161, .F. ) ;
#534 = CARTESIAN_POINT ( 'NONE',  ( 0.4752772192324700717, 0.04917272174909721044, -0.03975134881889921118 ) ) ;
#535 = AXIS2_PLACEMENT_3D ( 'NONE', #3054, #1920, #231 ) ;
#536 = ORIENTED_EDGE ( 'NONE', *, *, #5033, .T. ) ;
#537 = ORIENTED_EDGE ( 'NONE', *, *, #6402, .T. ) ;
#538 = CARTESIAN_POINT ( 'NONE',  ( -0.1804770808631407930, 0.2716535433070866312, 0.4306299212598441728 ) ) ;
#539 = ORIENTED_EDGE ( 'NONE', *, *, #3033, .F. ) ;
#540 = CARTESIAN_POINT ( 'NONE',  ( -0.1596456692913385822, 0.3015748031496062187, -0.09303263377995586725 ) ) ;
#541 = DIRECTION ( 'NONE',  ( 0.000000000000000000, 0.000000000000000000, 1.000000000000000000 ) ) ;
#542 = EDGE_CURVE ( 'NONE', #1538, #3951, #1527, .T. ) ;
#543 = ORIENTED_EDGE ( 'NONE', *, *, #135, .F. ) ;
#544 = CARTESIAN_POINT ( 'NONE',  ( 4.961673407756121638E-15, 0.2716535433070867422, 0.02972440944881928407 ) ) ;
#545 = ORIENTED_EDGE ( 'NONE', *, *, #1696, .T. ) ;
#546 = CARTESIAN_POINT ( 'NONE',  ( 0.4850061848610858206, 0.2716535433070866312, 0.3433221740225202434 ) ) ;
#547 = CARTESIAN_POINT ( 'NONE',  ( -0.4810721634446568640, 0.05284403589902079978, 0.02205967480314803206 ) ) ;
#548 = CARTESIAN_POINT ( 'NONE',  ( -0.4744094488188984049, 0.09918119350236434539, -0.03975134881889921118 ) ) ;
#549 = CARTESIAN_POINT ( 'NONE',  ( -0.2265748031496063741, 0.000000000000000000, 0.4606299212598424786 ) ) ;
#550 = AXIS2_PLACEMENT_3D ( 'NONE', #948, #6862, #1576 ) ;
#551 = EDGE_CURVE ( 'NONE', #7201, #4162, #5947, .T. ) ;
#552 = EDGE_LOOP ( 'NONE', ( #7419, #3513, #343, #2914 ) ) ;
#553 = ORIENTED_EDGE ( 'NONE', *, *, #1834, .T. ) ;
#554 = CARTESIAN_POINT ( 'NONE',  ( -0.2978669291338584824, 0.2716535433070866312, -0.4319299212598424753 ) ) ;
#555 = EDGE_LOOP ( 'NONE', ( #1676, #3841, #6021, #4054 ) ) ;
#556 = DIRECTION ( 'NONE',  ( 0.000000000000000000, -7.661286097916305006E-43, 1.000000000000000000 ) ) ;
#557 = DIRECTION ( 'NONE',  ( -1.000000000000000000, 0.000000000000000000, 0.000000000000000000 ) ) ;
#558 = LINE ( 'NONE', #4602, #3958 ) ;
#559 = ADVANCED_FACE ( 'NONE', ( #4490 ), #3830, .T. ) ;
#560 = DIRECTION ( 'NONE',  ( 1.000000000000000000, -0.000000000000000000, 0.000000000000000000 ) ) ;
#561 = DIRECTION ( 'NONE',  ( 1.000000000000000000, 0.000000000000000000, 3.920279041755496988E-16 ) ) ;
#562 = EDGE_CURVE ( 'NONE', #1166, #1202, #362, .T. ) ;
#563 = ADVANCED_FACE ( 'NONE', ( #4330, #6174, #2655 ), #7318, .T. ) ;
#564 = VERTEX_POINT ( 'NONE', #2093 ) ;
#565 = VECTOR ( 'NONE', #3076, 39.37007874015748143 ) ;
#566 = CARTESIAN_POINT ( 'NONE',  ( -0.2538864148428608414, 0.2571240218491208651, 0.4509014681512715228 ) ) ;
#567 = CARTESIAN_POINT ( 'NONE',  ( -0.1930337834871094782, 0.2498892684833836642, 0.4606299212598424786 ) ) ;
#568 = ORIENTED_EDGE ( 'NONE', *, *, #1638, .F. ) ;
#569 = AXIS2_PLACEMENT_3D ( 'NONE', #195, #3019, #7082 ) ;
#570 = DIRECTION ( 'NONE',  ( -1.000000000000000000, 0.000000000000000000, 0.000000000000000000 ) ) ;
#571 = VECTOR ( 'NONE', #5360, 39.37007874015748143 ) ;
#572 = CIRCLE ( 'NONE', #7047, 0.08500000000000004774 ) ;
#573 = ORIENTED_EDGE ( 'NONE', *, *, #6039, .F. ) ;
#574 = ORIENTED_EDGE ( 'NONE', *, *, #4979, .F. ) ;
#575 = ORIENTED_EDGE ( 'NONE', *, *, #1976, .F. ) ;
#576 = CIRCLE ( 'NONE', #6827, 0.03409548833797012429 ) ;
#577 = CARTESIAN_POINT ( 'NONE',  ( 0.3487518205591552123, 0.2716535433070866312, 0.3788699307953760642 ) ) ;
#578 = AXIS2_PLACEMENT_3D ( 'NONE', #2521, #4862, #6024 ) ;
#579 = EDGE_LOOP ( 'NONE', ( #5648, #3985, #2447, #7069, #5054, #832, #2425, #7156 ) ) ;
#580 = FACE_OUTER_BOUND ( 'NONE', #7255, .T. ) ;
#581 = LINE ( 'NONE', #1776, #6547 ) ;
#582 = DIRECTION ( 'NONE',  ( -0.000000000000000000, -1.000000000000000000, 0.000000000000000000 ) ) ;
#583 = LINE ( 'NONE', #7045, #1994 ) ;
#584 = CARTESIAN_POINT ( 'NONE',  ( -0.2986152732035257662, 0.2716535705843797222, 0.4326782653295170311 ) ) ;
#585 = ORIENTED_EDGE ( 'NONE', *, *, #4936, .T. ) ;
#586 = ORIENTED_EDGE ( 'NONE', *, *, #863, .F. ) ;
#587 = VERTEX_POINT ( 'NONE', #438 ) ;
#588 = PLANE ( 'NONE',  #4146 ) ;
#589 = CARTESIAN_POINT ( 'NONE',  ( -0.1596456692913385822, 0.3873382416909698089, 0.04257745763606649025 ) ) ;
#590 = EDGE_CURVE ( 'NONE', #6734, #2934, #2168, .T. ) ;
#591 = CARTESIAN_POINT ( 'NONE',  ( -0.4789113459805934836, 0.04765840547478853578, 0.02205967480314803206 ) ) ;
#592 = CARTESIAN_POINT ( 'NONE',  ( 0.4789342142725088736, 0.05063094610672995433, -0.03975134881889921118 ) ) ;
#593 = CARTESIAN_POINT ( 'NONE',  ( -0.4744094488188984049, 0.09918119350236434539, 0.02205967480314803206 ) ) ;
#594 =( LENGTH_UNIT ( ) NAMED_UNIT ( * ) SI_UNIT ( $, .METRE. ) );
#595 = ORIENTED_EDGE ( 'NONE', *, *, #5996, .F. ) ;
#596 = LINE ( 'NONE', #3489, #2905 ) ;
#597 = EDGE_CURVE ( 'NONE', #5422, #519, #3904, .T. ) ;
#598 = ADVANCED_FACE ( 'NONE', ( #2919 ), #1717, .T. ) ;
#599 = DIRECTION ( 'NONE',  ( -0.000000000000000000, -1.000000000000000000, -7.661286097916305006E-43 ) ) ;
#600 = EDGE_CURVE ( 'NONE', #3917, #3553, #3518, .T. ) ;
#601 = CARTESIAN_POINT ( 'NONE',  ( -0.2972216208432339468, 0.2678672588882455297, -0.4457381914762003627 ) ) ;
#602 = VECTOR ( 'NONE', #4872, 39.37007874015748143 ) ;
#603 = ORIENTED_EDGE ( 'NONE', *, *, #1177, .F. ) ;
#604 = ADVANCED_FACE ( 'NONE', ( #1155 ), #3376, .T. ) ;
#605 = CIRCLE ( 'NONE', #4099, 0.08500000000000004774 ) ;
#606 = ORIENTED_EDGE ( 'NONE', *, *, #5441, .T. ) ;
#607 = CARTESIAN_POINT ( 'NONE',  ( 0.1596456692913385822, 0.3114173228346456268, -0.09303263377995586725 ) ) ;
#609 = CARTESIAN_POINT ( 'NONE',  ( -0.4717910885454286718, 0.3818897637795276023, 0.2234251968503936647 ) ) ;
#608 = CIRCLE ( 'NONE', #5913, 0.01377952755905510404 ) ;
#610 = VERTEX_POINT ( 'NONE', #4025 ) ;
#611 = CARTESIAN_POINT ( 'NONE',  ( -0.2965669291338584590, 0.2716535433070866312, -0.4306299212598424520 ) ) ;
#612 = AXIS2_PLACEMENT_3D ( 'NONE', #2658, #7359, #4971 ) ;
#613 = ORIENTED_EDGE ( 'NONE', *, *, #5019, .T. ) ;
#614 = DIRECTION ( 'NONE',  ( 0.000000000000000000, 0.000000000000000000, 1.000000000000000000 ) ) ;
#615 = CARTESIAN_POINT ( 'NONE',  ( -0.4507874015748030150, 0.3917322834645668994, 0.2480314960629921017 ) ) ;
#616 = PLANE ( 'NONE',  #3690 ) ;
#617 = CARTESIAN_POINT ( 'NONE',  ( -0.2967371196795704491, 0.2716535433070866867, 0.4345573953916571641 ) ) ;
#618 = PRODUCT_DEFINITION_FORMATION_WITH_SPECIFIED_SOURCE ( 'ANY', '', #5012, .NOT_KNOWN. ) ;
#619 = ORIENTED_EDGE ( 'NONE', *, *, #4136, .T. ) ;
#620 = VERTEX_POINT ( 'NONE', #2284 ) ;
#621 = EDGE_LOOP ( 'NONE', ( #5799, #6512, #1658, #6716 ) ) ;
#622 = CARTESIAN_POINT ( 'NONE',  ( 0.4507874015748029595, 0.3917322834645669549, 0.2185039370078739329 ) ) ;
#623 = DIRECTION ( 'NONE',  ( -0.6755902076156643510, 0.000000000000000000, 0.7372773368101203095 ) ) ;
#624 = CARTESIAN_POINT ( 'NONE',  ( 0.3484251968503935815, 0.3917322834645668994, -0.3799212598425196763 ) ) ;
#625 = CARTESIAN_POINT ( 'NONE',  ( -0.4704724409448826639, 0.1102362204724409017, -0.03975134881889921118 ) ) ;
#626 = PLANE ( 'NONE',  #5 ) ;
#627 = DIRECTION ( 'NONE',  ( 0.000000000000000000, -1.000000000000000000, -0.000000000000000000 ) ) ;
#628 = EDGE_LOOP ( 'NONE', ( #4633, #2484, #6786, #795 ) ) ;
#629 = ADVANCED_FACE ( 'NONE', ( #2956 ), #3946, .T. ) ;
#630 = ORIENTED_EDGE ( 'NONE', *, *, #786, .F. ) ;
#631 = LINE ( 'NONE', #5280, #1832 ) ;
#632 = VECTOR ( 'NONE', #49, 39.37007874015748143 ) ;
#633 = CARTESIAN_POINT ( 'NONE',  ( -0.2965669291338584035, 0.2716535433070866312, 0.4319299212598424753 ) ) ;
#634 = DIRECTION ( 'NONE',  ( -1.141265444721584004E-16, 4.379057701015053347E-47, -1.000000000000000000 ) ) ;
#635 = CARTESIAN_POINT ( 'NONE',  ( 0.4291338582677163838, 0.3917322834645668439, -0.3877952755905513804 ) ) ;
#636 = VECTOR ( 'NONE', #2553, 39.37007874015748143 ) ;
#637 = EDGE_CURVE ( 'NONE', #1166, #4831, #4059, .T. ) ;
#638 = FACE_OUTER_BOUND ( 'NONE', #5003, .T. ) ;
#639 = ORIENTED_EDGE ( 'NONE', *, *, #2572, .T. ) ;
#640 = EDGE_CURVE ( 'NONE', #1783, #6734, #5584, .T. ) ;
#641 = EDGE_CURVE ( 'NONE', #4915, #3602, #5200, .T. ) ;
#642 = AXIS2_PLACEMENT_3D ( 'NONE', #2426, #75, #1810 ) ;
#643 = ORIENTED_EDGE ( 'NONE', *, *, #4580, .F. ) ;
#644 = DIRECTION ( 'NONE',  ( 0.000000000000000000, 0.000000000000000000, -1.000000000000000000 ) ) ;
#645 = DIRECTION ( 'NONE',  ( -0.3846363336743963690, 0.9230681940233442795, 0.000000000000000000 ) ) ;
#646 = ORIENTED_EDGE ( 'NONE', *, *, #4967, .T. ) ;
#647 = AXIS2_PLACEMENT_3D ( 'NONE', #4728, #654, #765 ) ;
#648 = EDGE_CURVE ( 'NONE', #5368, #4021, #1217, .T. ) ;
#649 = CARTESIAN_POINT ( 'NONE',  ( -0.1596456692913385822, 0.3114173228346456268, -0.09303263377995586725 ) ) ;
#650 = DIRECTION ( 'NONE',  ( 0.000000000000000000, 1.000000000000000000, 0.000000000000000000 ) ) ;
#651 = EDGE_CURVE ( 'NONE', #6269, #5368, #5336, .T. ) ;
#652 = VECTOR ( 'NONE', #4683, 39.37007874015748143 ) ;
#653 = DIRECTION ( 'NONE',  ( 0.000000000000000000, 0.000000000000000000, -1.000000000000000000 ) ) ;
#654 = DIRECTION ( 'NONE',  ( 0.000000000000000000, -1.000000000000000000, -7.661286097916305006E-43 ) ) ;
#655 = CARTESIAN_POINT ( 'NONE',  ( 1.800958267888598696, 0.2716535433070866312, 3.882189494197892854E-30 ) ) ;
#656 = DIRECTION ( 'NONE',  ( 0.000000000000000000, 1.000000000000000000, 0.000000000000000000 ) ) ;
#657 = CARTESIAN_POINT ( 'NONE',  ( -0.2969072143486322646, 0.2708725996766051525, 0.4384826569853893519 ) ) ;
#658 = ORIENTED_EDGE ( 'NONE', *, *, #510, .T. ) ;
#659 = VERTEX_POINT ( 'NONE', #6841 ) ;
#660 = ORIENTED_EDGE ( 'NONE', *, *, #3536, .T. ) ;
#661 = CARTESIAN_POINT ( 'NONE',  ( -0.2665669291338585434, 0.2116535433070866334, 0.3221485083270180239 ) ) ;
#662 = DIRECTION ( 'NONE',  ( -0.000000000000000000, 1.000000000000000000, 7.661286097916305006E-43 ) ) ;
#663 = LINE ( 'NONE', #625, #7425 ) ;
#664 = CARTESIAN_POINT ( 'NONE',  ( -0.2403543307086613845, 0.3153543307086614234, -0.09663724781254488805 ) ) ;
#665 = CARTESIAN_POINT ( 'NONE',  ( 0.2403543307086613845, 0.3114173228346456268, -0.09663724781254488805 ) ) ;
#666 = EDGE_LOOP ( 'NONE', ( #2645, #3444, #5801, #3142 ) ) ;
#667 = EDGE_LOOP ( 'NONE', ( #5137, #1249, #7428, #2000 ) ) ;
#668 = CARTESIAN_POINT ( 'NONE',  ( 0.4488188976377956996, 0.2023622047244093836, -0.2054993803149607612 ) ) ;
#669 = DIRECTION ( 'NONE',  ( 1.000000000000000000, 3.396661351562978405E-15, 1.141265444721584004E-16 ) ) ;
#670 = DIRECTION ( 'NONE',  ( 8.459571950149005536E-16, 7.042530573768935242E-43, 1.000000000000000000 ) ) ;
#671 = FACE_OUTER_BOUND ( 'NONE', #6004, .T. ) ;
#672 = CARTESIAN_POINT ( 'NONE',  ( -0.4816026208834747746, 0.02852789497276874905, 0.02205967480314803206 ) ) ;
#673 = DIRECTION ( 'NONE',  ( -0.4999999999999943934, 0.000000000000000000, 0.8660254037844418162 ) ) ;
#674 = EDGE_LOOP ( 'NONE', ( #936, #3034, #1142, #511 ) ) ;
#675 = ORIENTED_EDGE ( 'NONE', *, *, #2973, .T. ) ;
#676 = CARTESIAN_POINT ( 'NONE',  ( -0.1596456692913385822, 0.3114173228346456268, -0.1279527559055120278 ) ) ;
#677 = CARTESIAN_POINT ( 'NONE',  ( 0.4816026208834747746, 0.02852789497276874905, -0.03975134881889921118 ) ) ;
#678 = ORIENTED_EDGE ( 'NONE', *, *, #2290, .T. ) ;
#679 = AXIS2_PLACEMENT_3D ( 'NONE', #2782, #2817, #4451 ) ;
#680 = EDGE_CURVE ( 'NONE', #6137, #138, #6666, .T. ) ;
#681 = DIRECTION ( 'NONE',  ( 1.000000000000000000, 0.000000000000000000, 0.000000000000000000 ) ) ;
#682 = DIRECTION ( 'NONE',  ( -0.000000000000000000, -1.000000000000000000, -0.000000000000000000 ) ) ;
#683 = B_SPLINE_CURVE_WITH_KNOTS ( 'NONE', 3,
 ( #2365, #1787, #4092, #2884 ),
 .UNSPECIFIED., .F., .F.,
 ( 4, 4 ),
 ( 0.3536228605092851529, 1.000000000000000000 ),
 .UNSPECIFIED. ) ;
#684 = AXIS2_PLACEMENT_3D ( 'NONE', #5644, #4994, #504 ) ;
#685 = EDGE_CURVE ( 'NONE', #4365, #2208, #2883, .T. ) ;
#686 = DIRECTION ( 'NONE',  ( 3.396661351562978405E-15, -1.000000000000000000, 1.392496217984120218E-32 ) ) ;
#687 = VECTOR ( 'NONE', #5093, 39.37007874015748143 ) ;
#688 = DIRECTION ( 'NONE',  ( 0.6755902076156643510, 0.000000000000000000, 0.7372773368101203095 ) ) ;
#689 = EDGE_CURVE ( 'NONE', #4291, #5685, #2892, .T. ) ;
#690 = DIRECTION ( 'NONE',  ( -1.000000000000000000, 3.396661351562978405E-15, 1.141265444721584004E-16 ) ) ;
#691 = ADVANCED_FACE ( 'NONE', ( #3989 ), #2326, .T. ) ;
#692 = DIRECTION ( 'NONE',  ( -1.000000000000000000, 0.000000000000000000, 0.000000000000000000 ) ) ;
#693 = CARTESIAN_POINT ( 'NONE',  ( 0.2736405827105305999, 0.4015748031496062520, 0.4035433070866140670 ) ) ;
#694 = LINE ( 'NONE', #3021, #2427 ) ;
#695 = AXIS2_PLACEMENT_3D ( 'NONE', #141, #3682, #3644 ) ;
#696 = ORIENTED_EDGE ( 'NONE', *, *, #4440, .T. ) ;
#697 = VERTEX_POINT ( 'NONE', #5161 ) ;
#698 = ADVANCED_FACE ( 'NONE', ( #6916 ), #1755, .T. ) ;
#699 = ORIENTED_EDGE ( 'NONE', *, *, #3727, .T. ) ;
#700 = DIRECTION ( 'NONE',  ( 1.000000000000000000, 0.000000000000000000, -0.000000000000000000 ) ) ;
#701 = FACE_OUTER_BOUND ( 'NONE', #4251, .T. ) ;
#702 = FACE_OUTER_BOUND ( 'NONE', #3677, .T. ) ;
#703 = CARTESIAN_POINT ( 'NONE',  ( 0.4803149606299213503, 0.3818897637795276023, 0.2185039370078739329 ) ) ;
#704 = CARTESIAN_POINT ( 'NONE',  ( -0.4789113459805934836, 0.04765840547478853578, -0.03975134881889921118 ) ) ;
#705 = CARTESIAN_POINT ( 'NONE',  ( 0.4488188976377956996, 0.2023622047244093836, -0.2054993803149607612 ) ) ;
#706 = ORIENTED_EDGE ( 'NONE', *, *, #2360, .T. ) ;
#707 = AXIS2_PLACEMENT_3D ( 'NONE', #1118, #3417, #5739 ) ;
#708 = ORIENTED_EDGE ( 'NONE', *, *, #2255, .T. ) ;
#709 = FACE_OUTER_BOUND ( 'NONE', #6552, .T. ) ;
#710 = CARTESIAN_POINT ( 'NONE',  ( 0.4291338582677163838, 0.4015748031496062520, -0.3799212598425196763 ) ) ;
#711 = DIRECTION ( 'NONE',  ( 0.000000000000000000, 1.000000000000000000, 0.000000000000000000 ) ) ;
#712 = PLANE ( 'NONE',  #7009 ) ;
#713 = DIRECTION ( 'NONE',  ( 0.000000000000000000, 0.000000000000000000, 1.000000000000000000 ) ) ;
#714 = DIRECTION ( 'NONE',  ( -0.000000000000000000, 0.000000000000000000, -1.000000000000000000 ) ) ;
#715 = VERTEX_POINT ( 'NONE', #848 ) ;
#716 = ORIENTED_EDGE ( 'NONE', *, *, #6867, .T. ) ;
#717 = DIRECTION ( 'NONE',  ( 0.3846363336743963690, 0.9230681940233442795, 0.000000000000000000 ) ) ;
#718 = DIRECTION ( 'NONE',  ( 0.000000000000000000, 0.000000000000000000, 1.000000000000000000 ) ) ;
#719 = ORIENTED_EDGE ( 'NONE', *, *, #3, .T. ) ;
#720 = UNCERTAINTY_MEASURE_WITH_UNIT (LENGTH_MEASURE( 1.000000000000000082E-05 ), #4815, 'distance_accuracy_value', 'NONE');
#721 = CARTESIAN_POINT ( 'NONE',  ( -0.1831904645867853954, 0.2716535433070866312, 0.4381272412452553722 ) ) ;
#722 = EDGE_CURVE ( 'NONE', #3943, #5685, #15, .T. ) ;
#723 = CIRCLE ( 'NONE', #2167, 0.08500000000000004774 ) ;
#724 = CARTESIAN_POINT ( 'NONE',  ( -0.2601158228121032145, 0.2716535433070866312, 0.4306299212598424520 ) ) ;
#725 = AXIS2_PLACEMENT_3D ( 'NONE', #2802, #2275, #955 ) ;
#726 = CARTESIAN_POINT ( 'NONE',  ( -0.2605948472545787653, 0.2501940694018362499, -0.4596782912407103017 ) ) ;
#727 = CARTESIAN_POINT ( 'NONE',  ( -0.4996656043679575387, 0.1102362204724408601, 0.2717052744913953100 ) ) ;
#728 = LINE ( 'NONE', #3619, #762 ) ;
#729 = CARTESIAN_POINT ( 'NONE',  ( -0.4704724409448823308, 0.2023622047244092448, -0.2054993803149607612 ) ) ;
#730 = DIRECTION ( 'NONE',  ( -0.000000000000000000, 0.000000000000000000, -1.000000000000000000 ) ) ;
#731 = EDGE_CURVE ( 'NONE', #4963, #4223, #163, .T. ) ;
#732 = VECTOR ( 'NONE', #5323, 39.37007874015748143 ) ;
#733 = ORIENTED_EDGE ( 'NONE', *, *, #5033, .F. ) ;
#734 = ADVANCED_FACE ( 'NONE', ( #94 ), #241, .T. ) ;
#735 = ADVANCED_FACE ( 'NONE', ( #3631 ), #815, .T. ) ;
#736 = ORIENTED_EDGE ( 'NONE', *, *, #2248, .F. ) ;
#737 = ORIENTED_EDGE ( 'NONE', *, *, #6228, .T. ) ;
#738 = CARTESIAN_POINT ( 'NONE',  ( -0.4725173040131661617, 0.03231368565854036284, -0.008845837007875591296 ) ) ;
#739 = DIRECTION ( 'NONE',  ( 1.000000000000000000, 0.000000000000000000, -0.000000000000000000 ) ) ;
#740 = CARTESIAN_POINT ( 'NONE',  ( 0.4648844297688597971, 0.2287587118247733642, -0.2054993803149607612 ) ) ;
#741 = DIRECTION ( 'NONE',  ( 3.081670971768523265E-15, -1.000000000000000000, 0.000000000000000000 ) ) ;
#742 = CARTESIAN_POINT ( 'NONE',  ( 0.2403543307086613845, 0.3745673898465213814, 0.01683623137732593103 ) ) ;
#743 = FACE_OUTER_BOUND ( 'NONE', #5326, .T. ) ;
#744 = ADVANCED_FACE ( 'NONE', ( #7022 ), #5872, .T. ) ;
#745 = EDGE_LOOP ( 'NONE', ( #5682, #4359, #6209, #4563 ) ) ;
#746 = MECHANICAL_DESIGN_GEOMETRIC_PRESENTATION_REPRESENTATION (  '', ( #2433 ), #2900 ) ;
#747 = CARTESIAN_POINT ( 'NONE',  ( -0.4810721634446568640, 0.05284403589902079978, 0.02205967480314803206 ) ) ;
#748 = LINE ( 'NONE', #5356, #4249 ) ;
#749 = CARTESIAN_POINT ( 'NONE',  ( -0.2265748031496063741, 0.2416535433070866601, -0.4606299212598424786 ) ) ;
#750 = CARTESIAN_POINT ( 'NONE',  ( 0.4803149606299213503, 0.3818897637795276023, 0.2185039370078739329 ) ) ;
#751 = FACE_OUTER_BOUND ( 'NONE', #5554, .T. ) ;
#752 = CARTESIAN_POINT ( 'NONE',  ( -0.2265748031496063741, 0.2716535433070866312, 0.4606299212598424786 ) ) ;
#753 = CARTESIAN_POINT ( 'NONE',  ( -0.2403543307086613845, 0.3119216344114207340, -0.09470939223419565234 ) ) ;
#754 = DIMENSIONAL_EXPONENTS ( 1.000000000000000000, 0.000000000000000000, 0.000000000000000000, 0.000000000000000000, 0.000000000000000000, 0.000000000000000000, 0.000000000000000000 ) ;
#755 = EDGE_LOOP ( 'NONE', ( #312, #6159, #2183, #4281 ) ) ;
#756 = VERTEX_POINT ( 'NONE', #6463 ) ;
#757 = CARTESIAN_POINT ( 'NONE',  ( 0.3487518205591549347, 0.2516535433070866690, -0.08999999999999998279 ) ) ;
#758 = VECTOR ( 'NONE', #6165, 39.37007874015748854 ) ;
#759 = VERTEX_POINT ( 'NONE', #1292 ) ;
#760 = CARTESIAN_POINT ( 'NONE',  ( -0.1804770808631419032, 0.2716535433070866312, 0.4306299212598424520 ) ) ;
#761 = CIRCLE ( 'NONE', #5340, 0.02639650710036412634 ) ;
#762 = VECTOR ( 'NONE', #1922, 39.37007874015748143 ) ;
#763 = FACE_OUTER_BOUND ( 'NONE', #7004, .T. ) ;
#764 = VECTOR ( 'NONE', #7206, 39.37007874015748143 ) ;
#765 = DIRECTION ( 'NONE',  ( 0.000000000000000000, 0.000000000000000000, -1.000000000000000000 ) ) ;
#766 = CARTESIAN_POINT ( 'NONE',  ( -0.3265669291338584856, 0.2716535433070866312, 0.3511974678401352246 ) ) ;
#767 = CARTESIAN_POINT ( 'NONE',  ( -0.1804770808631419032, 0.2716535433070866312, -0.4306299212598424520 ) ) ;
#768 = LINE ( 'NONE', #1852, #5508 ) ;
#769 = DIRECTION ( 'NONE',  ( -1.000000000000000000, 0.000000000000000000, 0.000000000000000000 ) ) ;
#770 = CIRCLE ( 'NONE', #4747, 1.419999999999999929 ) ;
#771 = ORIENTED_EDGE ( 'NONE', *, *, #3869, .T. ) ;
#772 = AXIS2_PLACEMENT_3D ( 'NONE', #3460, #1695, #570 ) ;
#773 = ORIENTED_EDGE ( 'NONE', *, *, #6528, .F. ) ;
#774 = PLANE ( 'NONE',  #5369 ) ;
#775 = CARTESIAN_POINT ( 'NONE',  ( -0.2665669291338584879, 0.2716535433070866312, -0.3511974678401351690 ) ) ;
#776 = DIRECTION ( 'NONE',  ( -0.000000000000000000, -0.4896753169007019846, -0.8719048594991295476 ) ) ;
#777 = CARTESIAN_POINT ( 'NONE',  ( -0.2978669291338584824, 0.000000000000000000, -0.4319299212598424753 ) ) ;
#778 = FACE_OUTER_BOUND ( 'NONE', #4455, .T. ) ;
#779 = VECTOR ( 'NONE', #4090, 39.37007874015748143 ) ;
#780 = EDGE_CURVE ( 'NONE', #1772, #2776, #1931, .T. ) ;
#781 = PLANE ( 'NONE',  #317 ) ;
#782 = FACE_OUTER_BOUND ( 'NONE', #1270, .T. ) ;
#783 = ORIENTED_EDGE ( 'NONE', *, *, #6813, .T. ) ;
#784 = FACE_OUTER_BOUND ( 'NONE', #1688, .T. ) ;
#785 = VERTEX_POINT ( 'NONE', #203 ) ;
#786 = EDGE_CURVE ( 'NONE', #2795, #2253, #3278, .T. ) ;
#787 = FACE_OUTER_BOUND ( 'NONE', #3347, .T. ) ;
#788 = CARTESIAN_POINT ( 'NONE',  ( -0.02972440944881905162, 0.2716535433070866312, 0.000000000000000000 ) ) ;
#789 = CARTESIAN_POINT ( 'NONE',  ( 0.2783442662718036975, 0.2716535433070866312, -0.5008193920577327374 ) ) ;
#790 = LINE ( 'NONE', #2019, #565 ) ;
#791 = EDGE_CURVE ( 'NONE', #7399, #2128, #3027, .T. ) ;
#792 = CARTESIAN_POINT ( 'NONE',  ( -0.4295669291338582996, 0.000000000000000000, 0.05118110236220458492 ) ) ;
#793 = EDGE_CURVE ( 'NONE', #7339, #2192, #3708, .T. ) ;
#794 = VECTOR ( 'NONE', #7141, 39.37007874015748143 ) ;
#795 = ORIENTED_EDGE ( 'NONE', *, *, #4286, .F. ) ;
#796 = ADVANCED_FACE ( 'NONE', ( #2439 ), #4207, .F. ) ;
#797 = DIRECTION ( 'NONE',  ( -3.433861939970594219E-15, -1.000000000000000000, -0.000000000000000000 ) ) ;
#798 = SHAPE_REPRESENTATION ( 'BHX2-2032-PC insulator', ( #7221 ), #21 ) ;
#799 = ORIENTED_EDGE ( 'NONE', *, *, #6400, .F. ) ;
#800 = FACE_OUTER_BOUND ( 'NONE', #2612, .T. ) ;
#801 = CARTESIAN_POINT ( 'NONE',  ( -0.4704724409448826639, 0.1102362204724409017, -0.03975134881889921118 ) ) ;
#802 = AXIS2_PLACEMENT_3D ( 'NONE', #2523, #2596, #217 ) ;
#803 = VECTOR ( 'NONE', #246, 39.37007874015748143 ) ;
#804 = FACE_OUTER_BOUND ( 'NONE', #3919, .T. ) ;
#805 = CARTESIAN_POINT ( 'NONE',  ( -0.4606299212598433113, 0.1102362204724408601, 5.228927800373003585E-17 ) ) ;
#806 = DIRECTION ( 'NONE',  ( -2.668966447755237433E-15, -1.000000000000000000, -1.540928497069542515E-15 ) ) ;
#807 = DIRECTION ( 'NONE',  ( 0.000000000000000000, 0.000000000000000000, -1.000000000000000000 ) ) ;
#808 = CARTESIAN_POINT ( 'NONE',  ( -0.1596456692913385822, 0.3033398936683191494, -0.08988975328832256306 ) ) ;
#809 = AXIS2_PLACEMENT_3D ( 'NONE', #974, #4372, #4973 ) ;
#810 = CIRCLE ( 'NONE', #5986, 0.03937007874015747977 ) ;
#811 = AXIS2_PLACEMENT_3D ( 'NONE', #4953, #1924, #3056 ) ;
#812 = ORIENTED_EDGE ( 'NONE', *, *, #1191, .T. ) ;
#813 = ORIENTED_EDGE ( 'NONE', *, *, #267, .T. ) ;
#814 = LINE ( 'NONE', #7124, #6866 ) ;
#815 = PLANE ( 'NONE',  #2201 ) ;
#816 = LINE ( 'NONE', #4167, #5821 ) ;
#817 = DIRECTION ( 'NONE',  ( 0.7372773368101203095, 0.000000000000000000, 0.6755902076156643510 ) ) ;
#818 = CARTESIAN_POINT ( 'NONE',  ( 0.2387340609205521325, 0.000000000000000000, 0.4086683970327762427 ) ) ;
#819 = PLANE ( 'NONE',  #1694 ) ;
#820 = ORIENTED_EDGE ( 'NONE', *, *, #6358, .F. ) ;
#821 = DIRECTION ( 'NONE',  ( 0.000000000000000000, 0.8719048594991277712, -0.4896753169007054263 ) ) ;
#822 = ADVANCED_FACE ( 'NONE', ( #6535 ), #6426, .T. ) ;
#823 = ORIENTED_EDGE ( 'NONE', *, *, #2857, .T. ) ;
#824 = AXIS2_PLACEMENT_3D ( 'NONE', #215, #5358, #175 ) ;
#825 = LINE ( 'NONE', #3072, #30 ) ;
#826 = DIRECTION ( 'NONE',  ( 0.000000000000000000, -0.000000000000000000, -1.000000000000000000 ) ) ;
#827 = CARTESIAN_POINT ( 'NONE',  ( -0.1596456692913385822, 0.3745673898465213814, 0.01683623137732593103 ) ) ;
#828 = LINE ( 'NONE', #3110, #6673 ) ;
#829 = EDGE_CURVE ( 'NONE', #6184, #1025, #6499, .T. ) ;
#830 = ORIENTED_EDGE ( 'NONE', *, *, #1594, .T. ) ;
#831 = ADVANCED_FACE ( 'NONE', ( #2993 ), #5911, .F. ) ;
#832 = ORIENTED_EDGE ( 'NONE', *, *, #4922, .F. ) ;
#833 = ADVANCED_FACE ( 'NONE', ( #702 ), #5309, .F. ) ;
#834 = CARTESIAN_POINT ( 'NONE',  ( -0.4632672164609369370, 0.1102362204724408601, 0.2283464566929131745 ) ) ;
#835 = VERTEX_POINT ( 'NONE', #4771 ) ;
#836 = CARTESIAN_POINT ( 'NONE',  ( -0.1994115908687161820, 0.2515424028614576812, 0.4593467638141736642 ) ) ;
#837 = DIRECTION ( 'NONE',  ( -0.000000000000000000, 1.000000000000000000, 0.000000000000000000 ) ) ;
#838 = ADVANCED_FACE ( 'NONE', ( #6638 ), #314, .T. ) ;
#839 = FACE_OUTER_BOUND ( 'NONE', #3738, .T. ) ;
#840 = CARTESIAN_POINT ( 'NONE',  ( -0.1596456692913385822, 0.3114173228346456268, -0.09303263377995586725 ) ) ;
#841 = DIRECTION ( 'NONE',  ( -1.000000000000000000, 0.000000000000000000, 0.000000000000000000 ) ) ;
#842 = CIRCLE ( 'NONE', #1682, 0.3998425196850394769 ) ;
#843 = ORIENTED_EDGE ( 'NONE', *, *, #1752, .T. ) ;
#844 = AXIS2_PLACEMENT_3D ( 'NONE', #6533, #201, #6683 ) ;
#845 = VECTOR ( 'NONE', #6700, 39.37007874015748143 ) ;
#846 = EDGE_LOOP ( 'NONE', ( #2591, #57, #3941, #2881 ) ) ;
#847 = DIRECTION ( 'NONE',  ( 1.000000000000000000, -0.000000000000000000, -0.000000000000000000 ) ) ;
#848 = CARTESIAN_POINT ( 'NONE',  ( -0.1596456692913385822, 0.3119216344114207340, -0.09470939223419565234 ) ) ;
#849 = DIRECTION ( 'NONE',  ( 0.4999999999999997224, 5.051367269173974158E-31, -0.8660254037844388186 ) ) ;
#850 = DIRECTION ( 'NONE',  ( 1.000000000000000000, 0.000000000000000000, 0.000000000000000000 ) ) ;
#851 = CARTESIAN_POINT ( 'NONE',  ( 0.4606299212598433113, 0.1102362204724408601, 5.228927800373003585E-17 ) ) ;
#852 = PRODUCT ( 'BHX2-2032-PC insulator', 'BHX2-2032-PC insulator', '', ( #3284 ) ) ;
#853 = EDGE_LOOP ( 'NONE', ( #4185, #4559, #4085, #4805 ) ) ;
#854 = DIRECTION ( 'NONE',  ( 0.000000000000000000, 7.661286097916305006E-43, 1.000000000000000000 ) ) ;
#855 = ORIENTED_EDGE ( 'NONE', *, *, #3265, .T. ) ;
#856 = AXIS2_PLACEMENT_3D ( 'NONE', #3899, #1634, #5001 ) ;
#857 = DIRECTION ( 'NONE',  ( 1.000000000000000000, -3.396661351562978405E-15, -1.141265444721584004E-16 ) ) ;
#858 = EDGE_LOOP ( 'NONE', ( #1123, #4893, #2652, #5131 ) ) ;
#859 = CARTESIAN_POINT ( 'NONE',  ( 0.4744094488188984049, 0.09918119350236434539, -0.03975134881889921118 ) ) ;
#860 = CARTESIAN_POINT ( 'NONE',  ( -0.4295669291338582996, 0.000000000000000000, 0.08999999999999999667 ) ) ;
#861 = DIRECTION ( 'NONE',  ( 1.000000000000000000, 3.396661351562978405E-15, 1.141265444721584004E-16 ) ) ;
#862 = CARTESIAN_POINT ( 'NONE',  ( 0.000000000000000000, 0.3015748031496062187, -0.3937007874015752140 ) ) ;
#863 = EDGE_CURVE ( 'NONE', #2256, #4584, #4743, .T. ) ;
#864 = VERTEX_POINT ( 'NONE', #4403 ) ;
#865 = DIRECTION ( 'NONE',  ( 0.000000000000000000, -0.000000000000000000, -1.000000000000000000 ) ) ;
#866 = ORIENTED_EDGE ( 'NONE', *, *, #3119, .T. ) ;
#867 = DIRECTION ( 'NONE',  ( 0.000000000000000000, 1.000000000000000000, 7.661286097916305006E-43 ) ) ;
#868 = CARTESIAN_POINT ( 'NONE',  ( 0.2736405827105305999, 0.3917322834645668994, 0.3248031496062991907 ) ) ;
#869 = ORIENTED_EDGE ( 'NONE', *, *, #6941, .T. ) ;
#870 = CARTESIAN_POINT ( 'NONE',  ( -0.4803149606299213503, 0.3818897637795276023, 0.2185039370078739329 ) ) ;
#871 = EDGE_CURVE ( 'NONE', #7298, #3436, #6651, .T. ) ;
#872 = ADVANCED_FACE ( 'NONE', ( #4319 ), #6600, .F. ) ;
#873 = ORIENTED_EDGE ( 'NONE', *, *, #5304, .T. ) ;
#874 = AXIS2_PLACEMENT_3D ( 'NONE', #5610, #430, #2723 ) ;
#875 = PLANE ( 'NONE',  #5709 ) ;
#876 = EDGE_CURVE ( 'NONE', #1169, #4759, #6051, .T. ) ;
#877 = CIRCLE ( 'NONE', #6891, 0.03937007874015751446 ) ;
#878 = CARTESIAN_POINT ( 'NONE',  ( -0.2405511811023621771, 0.3982939629608177046, 0.07654288899382349909 ) ) ;
#879 = CARTESIAN_POINT ( 'NONE',  ( -0.1804770808631419032, 0.2716535433070866312, -0.4306299212598424520 ) ) ;
#880 = DIRECTION ( 'NONE',  ( 1.000000000000000000, -0.000000000000000000, -0.000000000000000000 ) ) ;
#881 = EDGE_CURVE ( 'NONE', #7150, #7409, #4958, .T. ) ;
#882 = LINE ( 'NONE', #6677, #1913 ) ;
#883 = EDGE_CURVE ( 'NONE', #2434, #265, #7369, .T. ) ;
#884 = VECTOR ( 'NONE', #5897, 39.37007874015748143 ) ;
#885 = VERTEX_POINT ( 'NONE', #3821 ) ;
#886 = ORIENTED_EDGE ( 'NONE', *, *, #4705, .F. ) ;
#887 = CARTESIAN_POINT ( 'NONE',  ( -0.1999999999999999833, 0.3015748031496062187, -0.1279527559055120278 ) ) ;
#888 = LINE ( 'NONE', #1402, #5798 ) ;
#889 = AXIS2_PLACEMENT_3D ( 'NONE', #5763, #3438, #3404 ) ;
#890 = DIRECTION ( 'NONE',  ( -0.3846363336743959804, -0.9230681940233445015, 0.000000000000000000 ) ) ;
#891 = EDGE_LOOP ( 'NONE', ( #466, #6911, #521, #6245 ) ) ;
#892 = ORIENTED_EDGE ( 'NONE', *, *, #7391, .F. ) ;
#893 = CARTESIAN_POINT ( 'NONE',  ( 0.4606299212598424786, 0.3818897637795276023, -0.3799212598425195653 ) ) ;
#894 = ORIENTED_EDGE ( 'NONE', *, *, #6484, .T. ) ;
#895 = CARTESIAN_POINT ( 'NONE',  ( 0.4717910885454286163, 0.3818897637795276023, 0.2234251968503937202 ) ) ;
#896 = CARTESIAN_POINT ( 'NONE',  ( -0.1596456692913385822, 0.1907360999991050132, 0.1200787401574807817 ) ) ;
#897 = CARTESIAN_POINT ( 'NONE',  ( 0.4704724409448827194, 0.1102362204724409017, -0.3799212598425197318 ) ) ;
#898 = CARTESIAN_POINT ( 'NONE',  ( -0.4507874015748029595, 0.3818897637795276023, 0.2185039370078739329 ) ) ;
#899 = EDGE_LOOP ( 'NONE', ( #7307, #5140, #4204, #4895 ) ) ;
#900 = AXIS2_PLACEMENT_3D ( 'NONE', #2072, #2477, #4738 ) ;
#901 = DIRECTION ( 'NONE',  ( 0.000000000000000000, -1.000000000000000000, -7.661286097916305006E-43 ) ) ;
#902 = ORIENTED_EDGE ( 'NONE', *, *, #4578, .T. ) ;
#903 = DIRECTION ( 'NONE',  ( 0.000000000000000000, 1.000000000000000000, 3.787605842744118123E-15 ) ) ;
#904 = CARTESIAN_POINT ( 'NONE',  ( -0.2265748031496063741, 0.2516535433070866690, 0.4606299212598424786 ) ) ;
#905 = ORIENTED_EDGE ( 'NONE', *, *, #1063, .T. ) ;
#906 = CARTESIAN_POINT ( 'NONE',  ( -0.3265669291338584856, 0.2436168480149219495, -0.4319299206693430482 ) ) ;
#907 = EDGE_LOOP ( 'NONE', ( #6237, #428, #6816, #7387, #3181, #2224, #3475, #6878, #4075, #3335, #2289, #5593, #942, #1074, #2119, #1383, #55, #6050, #2912, #4748 ) ) ;
#908 = ADVANCED_FACE ( 'NONE', ( #2122 ), #7232, .F. ) ;
#909 = PLANE ( 'NONE',  #1120 ) ;
#910 = CARTESIAN_POINT ( 'NONE',  ( 0.3484251968503935815, 0.3917322834645668439, -0.3877952755905513804 ) ) ;
#911 = ORIENTED_EDGE ( 'NONE', *, *, #4936, .F. ) ;
#912 = PLANE ( 'NONE',  #1838 ) ;
#913 = PRODUCT_DEFINITION_SHAPE ( 'NONE', 'NONE',  #444 ) ;
#914 = FACE_OUTER_BOUND ( 'NONE', #4437, .T. ) ;
#915 = CARTESIAN_POINT ( 'NONE',  ( 0.3484251968503935815, 0.3917322834645668994, -0.3799212598425196763 ) ) ;
#916 = DIRECTION ( 'NONE',  ( -1.000000000000000000, 0.000000000000000000, 0.000000000000000000 ) ) ;
#917 = EDGE_CURVE ( 'NONE', #620, #1002, #3176, .T. ) ;
#918 = ORIENTED_EDGE ( 'NONE', *, *, #1151, .F. ) ;
#919 = CIRCLE ( 'NONE', #439, 0.003937007874015724558 ) ;
#920 = EDGE_CURVE ( 'NONE', #7417, #2746, #4918, .T. ) ;
#921 = VERTEX_POINT ( 'NONE', #4442 ) ;
#922 = ADVANCED_FACE ( 'NONE', ( #2155 ), #6128, .F. ) ;
#923 = CYLINDRICAL_SURFACE ( 'NONE', #4096, 0.04035433070866141503 ) ;
#924 = DIRECTION ( 'NONE',  ( 0.000000000000000000, 0.000000000000000000, 1.000000000000000000 ) ) ;
#925 = CARTESIAN_POINT ( 'NONE',  ( 0.4606299212598433668, 0.003785790685771632438, -0.008845837007875591296 ) ) ;
#926 = LENGTH_MEASURE_WITH_UNIT ( LENGTH_MEASURE( 0.02539999999999999897 ), #431 );
#927 = CIRCLE ( 'NONE', #2852, 0.01377952755905510404 ) ;
#928 = CARTESIAN_POINT ( 'NONE',  ( -0.4295669291338582996, 0.000000000000000000, 0.08999999999999999667 ) ) ;
#929 = VECTOR ( 'NONE', #4547, 39.37007874015748143 ) ;
#930 = VECTOR ( 'NONE', #656, 39.37007874015748143 ) ;
#931 = DIRECTION ( 'NONE',  ( 1.000000000000000000, 0.000000000000000000, 5.542458384320307220E-16 ) ) ;
#932 = EDGE_CURVE ( 'NONE', #1571, #1362, #6721, .T. ) ;
#933 = ORIENTED_EDGE ( 'NONE', *, *, #4297, .F. ) ;
#934 = ORIENTED_EDGE ( 'NONE', *, *, #3545, .T. ) ;
#935 = CARTESIAN_POINT ( 'NONE',  ( 0.1596456692913385822, 0.3033398936683191494, -0.08988975328832256306 ) ) ;
#936 = ORIENTED_EDGE ( 'NONE', *, *, #7347, .T. ) ;
#937 = CARTESIAN_POINT ( 'NONE',  ( -0.4744094488188984049, 0.09918119350236434539, 0.02205967480314803206 ) ) ;
#938 = DIRECTION ( 'NONE',  ( 0.8660254037844388186, -2.345220000641100191E-31, -0.4999999999999997224 ) ) ;
#939 = CARTESIAN_POINT ( 'NONE',  ( -0.3265669291338584856, 0.2416535433070866601, 0.3511974678401352246 ) ) ;
#940 = DIRECTION ( 'NONE',  ( -1.000000000000000000, 2.081668171172166620E-14, 0.000000000000000000 ) ) ;
#941 = VECTOR ( 'NONE', #4898, 39.37007874015748143 ) ;
#942 = ORIENTED_EDGE ( 'NONE', *, *, #3769, .F. ) ;
#943 = CARTESIAN_POINT ( 'NONE',  ( -0.3484251968503935815, 0.3917322834645669549, -0.4035433070866142891 ) ) ;
#944 = ORIENTED_EDGE ( 'NONE', *, *, #6756, .T. ) ;
#945 = CARTESIAN_POINT ( 'NONE',  ( -0.1804770808631407930, 0.2716535433070866312, -0.4306299212598424520 ) ) ;
#946 = CARTESIAN_POINT ( 'NONE',  ( -2.048614141252693483E-16, 0.3917322834645668994, 0.9997915883746703036 ) ) ;
#947 = ORIENTED_EDGE ( 'NONE', *, *, #5958, .F. ) ;
#948 = CARTESIAN_POINT ( 'NONE',  ( 0.4488188976377955886, 0.2466863395637705347, -0.2054993803149607612 ) ) ;
#949 = CARTESIAN_POINT ( 'NONE',  ( -0.1930337834871094782, 0.000000000000000000, -0.4006299212598424808 ) ) ;
#950 = CARTESIAN_POINT ( 'NONE',  ( 0.4810721634446568640, 0.05284403589902079978, 0.02205967480314803206 ) ) ;
#951 = EDGE_CURVE ( 'NONE', #3964, #6726, #2574, .T. ) ;
#952 = ORIENTED_EDGE ( 'NONE', *, *, #2851, .F. ) ;
#953 = VECTOR ( 'NONE', #865, 39.37007874015748143 ) ;
#954 = EDGE_LOOP ( 'NONE', ( #2359, #1127, #2581, #2786 ) ) ;
#955 = DIRECTION ( 'NONE',  ( 0.000000000000000000, 0.000000000000000000, -1.000000000000000000 ) ) ;
#956 = DIRECTION ( 'NONE',  ( 1.141265444721584004E-16, 4.379057701015053347E-47, -1.000000000000000000 ) ) ;
#957 = DIRECTION ( 'NONE',  ( 0.000000000000000000, 1.000000000000000000, 7.661286097916305006E-43 ) ) ;
#958 = EDGE_CURVE ( 'NONE', #2602, #4649, #7129, .T. ) ;
#959 = CARTESIAN_POINT ( 'NONE',  ( -0.3204202853167264498, 0.2599530463730789220, 0.4316635666944333982 ) ) ;
#960 = AXIS2_PLACEMENT_3D ( 'NONE', #6048, #7228, #2756 ) ;
#961 = EDGE_CURVE ( 'NONE', #3552, #3873, #6189, .T. ) ;
#962 = EDGE_CURVE ( 'NONE', #4038, #2934, #157, .T. ) ;
#963 = ORIENTED_EDGE ( 'NONE', *, *, #1272, .F. ) ;
#964 =( NAMED_UNIT ( * ) SI_UNIT ( $, .STERADIAN. ) SOLID_ANGLE_UNIT ( ) );
#965 = ORIENTED_EDGE ( 'NONE', *, *, #2456, .T. ) ;
#966 = CARTESIAN_POINT ( 'NONE',  ( -0.4704724409448826639, 0.09918119350236434539, -0.03975134881889921118 ) ) ;
#967 = ORIENTED_EDGE ( 'NONE', *, *, #3113, .T. ) ;
#968 = CARTESIAN_POINT ( 'NONE',  ( -0.2978669291338584824, 0.2416535433070866601, 0.4606299212598424231 ) ) ;
#969 = PLANE ( 'NONE',  #1408 ) ;
#970 = AXIS2_PLACEMENT_3D ( 'NONE', #4957, #4318, #6090 ) ;
#971 = DIRECTION ( 'NONE',  ( 0.000000000000000000, -1.000000000000000000, -7.661286097916305006E-43 ) ) ;
#972 = ADVANCED_FACE ( 'NONE', ( #2585 ), #5530, .F. ) ;
#973 = CARTESIAN_POINT ( 'NONE',  ( 0.2582393505707989423, 9.219986978616888116E-16, -0.1464572633663089596 ) ) ;
#974 = CARTESIAN_POINT ( 'NONE',  ( 0.4488188976377958661, 0.1614476187188447487, -0.2054993803149607612 ) ) ;
#975 = ADVANCED_FACE ( 'NONE', ( #2235 ), #5953, .T. ) ;
#976 = VERTEX_POINT ( 'NONE', #5687 ) ;
#977 = LINE ( 'NONE', #4376, #5712 ) ;
#978 = ORIENTED_EDGE ( 'NONE', *, *, #4528, .T. ) ;
#979 = PRODUCT_DEFINITION_SHAPE ( 'NONE', 'NONE',  #6702 ) ;
#980 = DIRECTION ( 'NONE',  ( 0.000000000000000000, 0.000000000000000000, -1.000000000000000000 ) ) ;
#981 = VERTEX_POINT ( 'NONE', #5726 ) ;
#982 = CARTESIAN_POINT ( 'NONE',  ( -0.3239486148145114264, 0.2560250779839769453, -0.4580116069404951418 ) ) ;
#983 = ORIENTED_EDGE ( 'NONE', *, *, #4065, .F. ) ;
#984 = CARTESIAN_POINT ( 'NONE',  ( -0.4911417322834649712, 0.1102362204724408323, 0.2766265343339149863 ) ) ;
#985 = LINE ( 'NONE', #5026, #1370 ) ;
#986 = VERTEX_POINT ( 'NONE', #51 ) ;
#987 = CARTESIAN_POINT ( 'NONE',  ( -0.2505326743371041331, 0.2416535433070866601, 0.4534870641169853056 ) ) ;
#988 = CARTESIAN_POINT ( 'NONE',  ( 0.4704724409448826639, 0.1102362204724409017, -0.3799212598425197318 ) ) ;
#989 = FACE_OUTER_BOUND ( 'NONE', #4043, .T. ) ;
#990 = ORIENTED_EDGE ( 'NONE', *, *, #4237, .T. ) ;
#991 = VERTEX_POINT ( 'NONE', #6832 ) ;
#992 = VECTOR ( 'NONE', #5025, 39.37007874015748143 ) ;
#993 = CYLINDRICAL_SURFACE ( 'NONE', #7209, 0.03090551181102361641 ) ;
#994 = DIRECTION ( 'NONE',  ( -1.000000000000000000, 0.000000000000000000, 0.000000000000000000 ) ) ;
#995 = DIRECTION ( 'NONE',  ( 1.000000000000000000, -0.000000000000000000, -0.000000000000000000 ) ) ;
#996 = AXIS2_PLACEMENT_3D ( 'NONE', #5494, #1475, #315 ) ;
#997 = CARTESIAN_POINT ( 'NONE',  ( -0.3265669291338584856, 0.2436168480149218107, 0.4319299206693430482 ) ) ;
#998 = LINE ( 'NONE', #4924, #128 ) ;
#999 = VECTOR ( 'NONE', #6611, 39.37007874015748143 ) ;
#1000 = VERTEX_POINT ( 'NONE', #1709 ) ;
#1001 = CARTESIAN_POINT ( 'NONE',  ( 0.000000000000000000, 0.000000000000000000, 0.000000000000000000 ) ) ;
#1002 = VERTEX_POINT ( 'NONE', #2350 ) ;
#1003 = CARTESIAN_POINT ( 'NONE',  ( -0.1930337834871094782, 0.2416535433070866601, -0.4606299212598424786 ) ) ;
#1004 = ORIENTED_EDGE ( 'NONE', *, *, #5393, .F. ) ;
#1005 = ADVANCED_FACE ( 'NONE', ( #6875 ), #7421, .T. ) ;
#1006 = AXIS2_PLACEMENT_3D ( 'NONE', #1208, #5257, #81 ) ;
#1007 = CARTESIAN_POINT ( 'NONE',  ( 0.4507874015748029595, 0.3818897637795276023, -0.3799212598425195653 ) ) ;
#1008 = CARTESIAN_POINT ( 'NONE',  ( -0.3040008362276624410, 0.2716535433070866312, 0.3405813506187480022 ) ) ;
#1009 = FACE_OUTER_BOUND ( 'NONE', #674, .T. ) ;
#1010 = ORIENTED_EDGE ( 'NONE', *, *, #3861, .F. ) ;
#1011 = AXIS2_PLACEMENT_3D ( 'NONE', #5210, #32, #102 ) ;
#1012 = EDGE_CURVE ( 'NONE', #7150, #3112, #4555, .T. ) ;
#1013 = VERTEX_POINT ( 'NONE', #5188 ) ;
#1014 = EDGE_CURVE ( 'NONE', #3679, #1559, #470, .T. ) ;
#1015 = DIRECTION ( 'NONE',  ( -1.000000000000000000, 0.000000000000000000, 0.000000000000000000 ) ) ;
#1016 = EDGE_CURVE ( 'NONE', #4202, #5939, #581, .T. ) ;
#1017 = DIRECTION ( 'NONE',  ( 0.000000000000000000, 0.000000000000000000, 1.000000000000000000 ) ) ;
#1018 = ORIENTED_EDGE ( 'NONE', *, *, #3582, .F. ) ;
#1019 = CARTESIAN_POINT ( 'NONE',  ( 0.4744094488188984049, 0.09918119350236434539, 0.02205967480314803206 ) ) ;
#1020 = EDGE_CURVE ( 'NONE', #1180, #2162, #2839, .T. ) ;
#1021 = ORIENTED_EDGE ( 'NONE', *, *, #7132, .T. ) ;
#1022 = CIRCLE ( 'NONE', #1979, 0.03090551181102362682 ) ;
#1023 = DIRECTION ( 'NONE',  ( -1.000000000000000000, 3.396661351562978405E-15, 1.141265444721584004E-16 ) ) ;
#1024 = LINE ( 'NONE', #3315, #5373 ) ;
#1025 = VERTEX_POINT ( 'NONE', #4079 ) ;
#1026 = CARTESIAN_POINT ( 'NONE',  ( -0.2588607482562001461, 0.2623662519211618638, 0.4527433773554182528 ) ) ;
#1027 = CARTESIAN_POINT ( 'NONE',  ( -0.4291338582677163838, 0.4015748031496062520, -0.4035433070866142891 ) ) ;
#1028 = CYLINDRICAL_SURFACE ( 'NONE', #1724, 0.003937007874015724558 ) ;
#1029 = ORIENTED_EDGE ( 'NONE', *, *, #7041, .F. ) ;
#1030 = ORIENTED_EDGE ( 'NONE', *, *, #590, .T. ) ;
#1031 = CARTESIAN_POINT ( 'NONE',  ( -0.3484251968503935815, 0.3015748031496062187, -0.4035433070866146221 ) ) ;
#1032 = CARTESIAN_POINT ( 'NONE',  ( 0.4291338582677163838, 0.3858267716535432323, -0.3877952755905513804 ) ) ;
#1033 = FACE_OUTER_BOUND ( 'NONE', #86, .T. ) ;
#1034 = CARTESIAN_POINT ( 'NONE',  ( -0.3235320181295938680, 0.2549478376355673315, 0.4317984084496576669 ) ) ;
#1035 = CARTESIAN_POINT ( 'NONE',  ( -0.4744094488188977388, 0.2023622047244094668, -0.2054993803149607612 ) ) ;
#1036 = ORIENTED_EDGE ( 'NONE', *, *, #5126, .F. ) ;
#1037 = ORIENTED_EDGE ( 'NONE', *, *, #3443, .F. ) ;
#1038 = CARTESIAN_POINT ( 'NONE',  ( -0.4744094488188984049, 0.09918119350236434539, 0.02205967480314803206 ) ) ;
#1039 = EDGE_LOOP ( 'NONE', ( #2879, #1018, #4453, #2528 ) ) ;
#1040 = DIRECTION ( 'NONE',  ( 0.000000000000000000, -1.000000000000000000, -7.661286097916305006E-43 ) ) ;
#1041 = AXIS2_PLACEMENT_3D ( 'NONE', #2858, #7435, #4604 ) ;
#1042 = CARTESIAN_POINT ( 'NONE',  ( -0.1930337834871094782, 0.2716535433070866312, -0.4606299212598424786 ) ) ;
#1043 = CARTESIAN_POINT ( 'NONE',  ( -0.4789342142725088736, 0.05063094610672995433, -0.03975134881889921118 ) ) ;
#1044 = LINE ( 'NONE', #3992, #5755 ) ;
#1045 = ORIENTED_EDGE ( 'NONE', *, *, #1099, .F. ) ;
#1046 = EDGE_CURVE ( 'NONE', #7305, #4474, #7015, .T. ) ;
#1047 = ORIENTED_EDGE ( 'NONE', *, *, #465, .T. ) ;
#1048 = CARTESIAN_POINT ( 'NONE',  ( 0.000000000000000000, 1.570812596356951301E-15, -0.4035433070866157879 ) ) ;
#1049 = VERTEX_POINT ( 'NONE', #5114 ) ;
#1050 = DIRECTION ( 'NONE',  ( 0.000000000000000000, 7.661286097916305006E-43, 1.000000000000000000 ) ) ;
#1051 = EDGE_CURVE ( 'NONE', #3097, #2263, #7343, .T. ) ;
#1052 = CARTESIAN_POINT ( 'NONE',  ( -0.3007205172105621993, 0.2716484245281007848, -0.4347835093365448045 ) ) ;
#1053 = VERTEX_POINT ( 'NONE', #2875 ) ;
#1054 = EDGE_CURVE ( 'NONE', #2621, #2898, #4014, .T. ) ;
#1055 = EDGE_CURVE ( 'NONE', #2691, #1166, #1727, .T. ) ;
#1056 = ORIENTED_EDGE ( 'NONE', *, *, #3636, .F. ) ;
#1057 = B_SPLINE_CURVE_WITH_KNOTS ( 'NONE', 3,
 ( #6596, #6632, #4913, #4234 ),
 .UNSPECIFIED., .F., .F.,
 ( 4, 4 ),
 ( 0.000000000000000000, 0.6463771318677763444 ),
 .UNSPECIFIED. ) ;
#1058 = CARTESIAN_POINT ( 'NONE',  ( 0.4507874015748029595, 0.3917322834645669549, -0.3799212598425195653 ) ) ;
#1059 = CARTESIAN_POINT ( 'NONE',  ( -0.1930337834871095615, 0.2498897075583615679, -0.4606299212598424786 ) ) ;
#1060 = EDGE_LOOP ( 'NONE', ( #3961, #4036, #574, #2418 ) ) ;
#1061 = FACE_OUTER_BOUND ( 'NONE', #4366, .T. ) ;
#1062 = CARTESIAN_POINT ( 'NONE',  ( 0.4704724409448826639, 0.1102362204724409017, 0.02205967480314803206 ) ) ;
#1063 = EDGE_CURVE ( 'NONE', #785, #976, #5075, .T. ) ;
#1064 = CARTESIAN_POINT ( 'NONE',  ( -0.3265669291338584856, 0.2592271364358937902, -0.4319299212598409765 ) ) ;
#1065 = DIRECTION ( 'NONE',  ( 0.000000000000000000, 1.000000000000000000, 7.661286097916305006E-43 ) ) ;
#1066 = CIRCLE ( 'NONE', #5289, 1.419999999999999929 ) ;
#1067 = EDGE_LOOP ( 'NONE', ( #4524, #6879, #573, #553 ) ) ;
#1068 = DIRECTION ( 'NONE',  ( 1.000000000000000000, 0.000000000000000000, 0.000000000000000000 ) ) ;
#1069 = ORIENTED_EDGE ( 'NONE', *, *, #7403, .T. ) ;
#1070 = PLANE ( 'NONE',  #4594 ) ;
#1071 = CARTESIAN_POINT ( 'NONE',  ( -0.1596456692913385822, 0.3659856491034197412, 0.02165587032319900990 ) ) ;
#1072 = FACE_OUTER_BOUND ( 'NONE', #853, .T. ) ;
#1073 = ORIENTED_EDGE ( 'NONE', *, *, #5060, .T. ) ;
#1074 = ORIENTED_EDGE ( 'NONE', *, *, #4015, .F. ) ;
#1075 = CARTESIAN_POINT ( 'NONE',  ( 0.1999999999999999833, 0.3917322834645668994, -0.1279527559055120278 ) ) ;
#1076 = EDGE_LOOP ( 'NONE', ( #783, #2925, #2726, #3751 ) ) ;
#1077 = CARTESIAN_POINT ( 'NONE',  ( 0.4803149606299223495, 0.1102362204724409295, 0.2185039370078739329 ) ) ;
#1078 = CARTESIAN_POINT ( 'NONE',  ( 0.1596456692913385822, 0.3745673898465213814, 0.01683623137732595879 ) ) ;
#1079 = DIRECTION ( 'NONE',  ( 0.000000000000000000, 7.661286097916305006E-43, 1.000000000000000000 ) ) ;
#1080 = AXIS2_PLACEMENT_3D ( 'NONE', #3394, #4549, #6790 ) ;
#1081 = CARTESIAN_POINT ( 'NONE',  ( -0.4547244094488190891, 0.2364576930623795148, -0.2054993803149607612 ) ) ;
#1082 = CARTESIAN_POINT ( 'NONE',  ( -0.3224360833528578940, 0.2573782397446663928, -0.3492757905647737027 ) ) ;
#1083 = LINE ( 'NONE', #264, #602 ) ;
#1084 = ORIENTED_EDGE ( 'NONE', *, *, #5072, .F. ) ;
#1085 = CIRCLE ( 'NONE', #244, 0.03090551181102362682 ) ;
#1086 = ORIENTED_EDGE ( 'NONE', *, *, #4149, .F. ) ;
#1087 = AXIS2_PLACEMENT_3D ( 'NONE', #738, #5269, #126 ) ;
#1088 = CYLINDRICAL_SURFACE ( 'NONE', #2733, 0.1408151085747029740 ) ;
#1089 = ORIENTED_EDGE ( 'NONE', *, *, #6350, .T. ) ;
#1090 = EDGE_CURVE ( 'NONE', #7288, #2598, #4626, .T. ) ;
#1091 = CIRCLE ( 'NONE', #5317, 0.009999999999999962044 ) ;
#1092 = LINE ( 'NONE', #5787, #4993 ) ;
#1093 = VERTEX_POINT ( 'NONE', #1671 ) ;
#1094 = ORIENTED_EDGE ( 'NONE', *, *, #2068, .F. ) ;
#1095 = VECTOR ( 'NONE', #4962, 39.37007874015748143 ) ;
#1096 = DIRECTION ( 'NONE',  ( -1.734723475976810053E-15, -1.000000000000000000, 0.000000000000000000 ) ) ;
#1097 = LINE ( 'NONE', #3844, #5902 ) ;
#1098 = ORIENTED_EDGE ( 'NONE', *, *, #1104, .F. ) ;
#1099 = EDGE_CURVE ( 'NONE', #4760, #5058, #1845, .T. ) ;
#1100 = CARTESIAN_POINT ( 'NONE',  ( -0.1596456692913385822, 0.3015748031496062187, -0.09663724781254488805 ) ) ;
#1101 = CARTESIAN_POINT ( 'NONE',  ( -0.3484251968503935815, 1.536664496436148085E-15, -0.3937007874015763798 ) ) ;
#1102 = ORIENTED_EDGE ( 'NONE', *, *, #6084, .T. ) ;
#1103 =( CONVERSION_BASED_UNIT ( 'INCH', #2311 ) LENGTH_UNIT ( ) NAMED_UNIT ( #4119 ) );
#1104 = EDGE_CURVE ( 'NONE', #1538, #168, #6247, .T. ) ;
#1105 = EDGE_LOOP ( 'NONE', ( #7323, #6927, #613, #3202 ) ) ;
#1106 = CARTESIAN_POINT ( 'NONE',  ( 0.2933442662718037108, 0.2416535433070866601, -0.4748386299441995084 ) ) ;
#1107 = EDGE_CURVE ( 'NONE', #3154, #2063, #5232, .T. ) ;
#1108 = LINE ( 'NONE', #5830, #4373 ) ;
#1109 = EDGE_CURVE ( 'NONE', #1918, #1000, #4026, .T. ) ;
#1110 = DIRECTION ( 'NONE',  ( 0.000000000000000000, 3.491481338843132961E-15, -1.000000000000000000 ) ) ;
#1111 = VERTEX_POINT ( 'NONE', #4837 ) ;
#1112 = ORIENTED_EDGE ( 'NONE', *, *, #5118, .F. ) ;
#1113 = DIRECTION ( 'NONE',  ( 0.000000000000000000, 0.000000000000000000, 1.000000000000000000 ) ) ;
#1114 = ORIENTED_EDGE ( 'NONE', *, *, #85, .F. ) ;
#1115 = LINE ( 'NONE', #5910, #5844 ) ;
#1116 = AXIS2_PLACEMENT_3D ( 'NONE', #6798, #3439, #4080 ) ;
#1117 = DIRECTION ( 'NONE',  ( 0.000000000000000000, 0.4896753169007020956, 0.8719048594991295476 ) ) ;
#1118 = CARTESIAN_POINT ( 'NONE',  ( -0.4507874015748029595, 0.3818897637795276023, -0.3799212598425195653 ) ) ;
#1119 = CARTESIAN_POINT ( 'NONE',  ( -0.3484251968503935815, 0.3917322834645668994, -0.3799212598425196763 ) ) ;
#1120 = AXIS2_PLACEMENT_3D ( 'NONE', #2071, #1462, #3200 ) ;
#1121 = DIRECTION ( 'NONE',  ( 0.000000000000000000, 0.000000000000000000, -1.000000000000000000 ) ) ;
#1122 = AXIS2_PLACEMENT_3D ( 'NONE', #3586, #4800, #7080 ) ;
#1123 = ORIENTED_EDGE ( 'NONE', *, *, #3734, .F. ) ;
#1124 = AXIS2_PLACEMENT_3D ( 'NONE', #3288, #2613, #4884 ) ;
#1125 = VERTEX_POINT ( 'NONE', #727 ) ;
#1126 = LINE ( 'NONE', #2296, #6244 ) ;
#1127 = ORIENTED_EDGE ( 'NONE', *, *, #7036, .T. ) ;
#1128 = CYLINDRICAL_SURFACE ( 'NONE', #772, 0.003937007874015724558 ) ;
#1129 = VECTOR ( 'NONE', #5514, 39.37007874015748143 ) ;
#1130 = ORIENTED_EDGE ( 'NONE', *, *, #1195, .F. ) ;
#1131 = VERTEX_POINT ( 'NONE', #5896 ) ;
#1132 = CARTESIAN_POINT ( 'NONE',  ( -0.3265669291338584856, 0.2416535433070866601, 0.3511974678401352246 ) ) ;
#1133 = DIRECTION ( 'NONE',  ( -0.4999999999999999445, 0.000000000000000000, 0.8660254037844387076 ) ) ;
#1134 = ORIENTED_EDGE ( 'NONE', *, *, #2062, .F. ) ;
#1135 = AXIS2_PLACEMENT_3D ( 'NONE', #4685, #6404, #4112 ) ;
#1136 = CARTESIAN_POINT ( 'NONE',  ( -0.2633093469925048002, 0.2609261685198103198, 0.4539431922519636675 ) ) ;
#1137 = DIRECTION ( 'NONE',  ( 0.000000000000000000, 7.661286097916305006E-43, 1.000000000000000000 ) ) ;
#1138 = DIRECTION ( 'NONE',  ( -1.000000000000000000, 0.000000000000000000, 0.000000000000000000 ) ) ;
#1139 = VECTOR ( 'NONE', #1819, 39.37007874015748143 ) ;
#1140 = EDGE_CURVE ( 'NONE', #835, #6772, #2948, .T. ) ;
#1141 = APPLICATION_PROTOCOL_DEFINITION ( 'draft international standard', 'automotive_design', 1998, #6885 ) ;
#1142 = ORIENTED_EDGE ( 'NONE', *, *, #6308, .T. ) ;
#1143 = DIRECTION ( 'NONE',  ( 0.000000000000000000, -1.000000000000000000, -7.661286097916305006E-43 ) ) ;
#1144 = DIRECTION ( 'NONE',  ( 0.8660254037844388186, -2.345220000641100191E-31, -0.4999999999999997224 ) ) ;
#1145 = DIRECTION ( 'NONE',  ( 0.000000000000000000, -1.000000000000000000, 0.000000000000000000 ) ) ;
#1146 = SPHERICAL_SURFACE ( 'NONE', #5826, 0.03937007874015742426 ) ;
#1147 = CARTESIAN_POINT ( 'NONE',  ( -0.3044196648594091337, 0.2708725996766038202, 0.4309702064746161465 ) ) ;
#1148 = VECTOR ( 'NONE', #2660, 39.37007874015748143 ) ;
#1149 = ORIENTED_EDGE ( 'NONE', *, *, #3350, .F. ) ;
#1150 = ADVANCED_FACE ( 'NONE', ( #4799 ), #117, .T. ) ;
#1151 = EDGE_CURVE ( 'NONE', #6836, #7169, #770, .T. ) ;
#1152 = VERTEX_POINT ( 'NONE', #5969 ) ;
#1153 = ORIENTED_EDGE ( 'NONE', *, *, #4882, .T. ) ;
#1154 = DIRECTION ( 'NONE',  ( 0.000000000000000000, 1.000000000000000000, 7.661286097916305006E-43 ) ) ;
#1155 = FACE_OUTER_BOUND ( 'NONE', #5475, .T. ) ;
#1156 = CARTESIAN_POINT ( 'NONE',  ( -0.4879966628509019855, 0.04387261478901692546, 0.02205967480314803206 ) ) ;
#1157 = VECTOR ( 'NONE', #4896, 39.37007874015748143 ) ;
#1158 = DIRECTION ( 'NONE',  ( 0.000000000000000000, 0.000000000000000000, 1.000000000000000000 ) ) ;
#1159 = CARTESIAN_POINT ( 'NONE',  ( -0.4488188976377958661, 0.1614476187188447487, -0.2054993803149607612 ) ) ;
#1160 = ADVANCED_FACE ( 'NONE', ( #3508 ), #1319, .T. ) ;
#1161 = ORIENTED_EDGE ( 'NONE', *, *, #3455, .F. ) ;
#1162 = AXIS2_PLACEMENT_3D ( 'NONE', #1381, #4180, #4218 ) ;
#1163 = DIRECTION ( 'NONE',  ( 1.000000000000000000, -3.491481338843132961E-15, 0.000000000000000000 ) ) ;
#1164 = PLANE ( 'NONE',  #6710 ) ;
#1165 = CARTESIAN_POINT ( 'NONE',  ( -0.2965669291338584590, 0.2716535433070866867, -0.4306299212598424520 ) ) ;
#1166 = VERTEX_POINT ( 'NONE', #3661 ) ;
#1167 = ORIENTED_EDGE ( 'NONE', *, *, #3265, .F. ) ;
#1168 = DIRECTION ( 'NONE',  ( -1.000000000000000000, 3.396661351562978405E-15, 1.141265444721584004E-16 ) ) ;
#1169 = VERTEX_POINT ( 'NONE', #5375 ) ;
#1170 = AXIS2_PLACEMENT_3D ( 'NONE', #4004, #6929, #39 ) ;
#1171 = VECTOR ( 'NONE', #670, 39.37007874015748143 ) ;
#1172 = ORIENTED_EDGE ( 'NONE', *, *, #3758, .F. ) ;
#1173 = DIRECTION ( 'NONE',  ( -0.4999999999999990563, 0.000000000000000000, -0.8660254037844391517 ) ) ;
#1174 = DIRECTION ( 'NONE',  ( 1.000000000000000000, 0.000000000000000000, 0.000000000000000000 ) ) ;
#1175 = LINE ( 'NONE', #2391, #4175 ) ;
#1176 = CARTESIAN_POINT ( 'NONE',  ( -0.2975463258582485837, 0.2614784873077389271, 0.4532313841303830526 ) ) ;
#1177 = EDGE_CURVE ( 'NONE', #3735, #864, #4273, .T. ) ;
#1178 = ORIENTED_EDGE ( 'NONE', *, *, #1912, .T. ) ;
#1179 = ORIENTED_EDGE ( 'NONE', *, *, #6568, .F. ) ;
#1180 = VERTEX_POINT ( 'NONE', #3092 ) ;
#1181 = DIRECTION ( 'NONE',  ( 0.000000000000000000, 0.000000000000000000, -1.000000000000000000 ) ) ;
#1182 = EDGE_CURVE ( 'NONE', #2002, #1463, #2504, .T. ) ;
#1183 = CARTESIAN_POINT ( 'NONE',  ( 0.3487518205591552123, 0.2416535433070866601, 0.4306299212598424520 ) ) ;
#1184 = LINE ( 'NONE', #2403, #3222 ) ;
#1185 = CARTESIAN_POINT ( 'NONE',  ( -0.4507874015748030150, 0.3917322834645668994, 0.2185039370078739329 ) ) ;
#1186 = ADVANCED_FACE ( 'NONE', ( #2541 ), #3548, .F. ) ;
#1187 = CARTESIAN_POINT ( 'NONE',  ( 0.3701181102362202102, 0.2716535433070866312, 0.09000000000000001055 ) ) ;
#1188 = EDGE_CURVE ( 'NONE', #2844, #6374, #2389, .T. ) ;
#1189 = ORIENTED_EDGE ( 'NONE', *, *, #4320, .F. ) ;
#1190 = ORIENTED_EDGE ( 'NONE', *, *, #1792, .T. ) ;
#1191 = EDGE_CURVE ( 'NONE', #124, #697, #2981, .T. ) ;
#1192 = LINE ( 'NONE', #3883, #386 ) ;
#1193 = VECTOR ( 'NONE', #901, 39.37007874015748143 ) ;
#1194 = CARTESIAN_POINT ( 'NONE',  ( 0.4291338582677163838, 0.3917322834645668994, -0.4035433070866142891 ) ) ;
#1195 = EDGE_CURVE ( 'NONE', #7315, #1578, #4158, .T. ) ;
#1196 = EDGE_CURVE ( 'NONE', #2621, #6306, #7145, .T. ) ;
#1197 = CYLINDRICAL_SURFACE ( 'NONE', #2822, 0.08081510857470293463 ) ;
#1198 = VECTOR ( 'NONE', #1237, 39.37007874015748143 ) ;
#1199 = AXIS2_PLACEMENT_3D ( 'NONE', #1038, #5695, #5658 ) ;
#1200 = ORIENTED_EDGE ( 'NONE', *, *, #3674, .T. ) ;
#1201 = CIRCLE ( 'NONE', #5433, 0.3499999999999999778 ) ;
#1202 = VERTEX_POINT ( 'NONE', #3729 ) ;
#1203 = CARTESIAN_POINT ( 'NONE',  ( 0.2403543307086613845, 0.3659856491034197412, 0.02165587032319897520 ) ) ;
#1204 = FACE_OUTER_BOUND ( 'NONE', #5928, .T. ) ;
#1205 = VECTOR ( 'NONE', #971, 39.37007874015748143 ) ;
#1206 = DIRECTION ( 'NONE',  ( 0.000000000000000000, -1.000000000000000000, -7.661286097916305006E-43 ) ) ;
#1207 = CARTESIAN_POINT ( 'NONE',  ( -0.2537380154304937907, 0.2515424028614534624, -0.4593467638141788267 ) ) ;
#1208 = CARTESIAN_POINT ( 'NONE',  ( -0.2403543307086613845, 0.3153543307086614234, -0.09663724781254488805 ) ) ;
#1209 = CARTESIAN_POINT ( 'NONE',  ( -0.4704724409448826639, 0.1102362204724409017, -0.3799212598425197318 ) ) ;
#1210 = CARTESIAN_POINT ( 'NONE',  ( 0.3487518205591552123, 0.2416535433070866601, 0.4306299212598424520 ) ) ;
#1211 = CARTESIAN_POINT ( 'NONE',  ( -0.2265748031496063741, 0.2416535433070866601, -0.4606299212598424786 ) ) ;
#1212 = VECTOR ( 'NONE', #854, 39.37007874015748143 ) ;
#1213 = EDGE_LOOP ( 'NONE', ( #7237, #1901, #1248, #6515 ) ) ;
#1214 = ORIENTED_EDGE ( 'NONE', *, *, #871, .T. ) ;
#1215 = ORIENTED_EDGE ( 'NONE', *, *, #791, .T. ) ;
#1216 = DIRECTION ( 'NONE',  ( 0.000000000000000000, 0.000000000000000000, 1.000000000000000000 ) ) ;
#1217 = LINE ( 'NONE', #5839, #2329 ) ;
#1218 = CARTESIAN_POINT ( 'NONE',  ( -0.2736405827105305999, 0.3917322834645668994, 0.4035433070866140670 ) ) ;
#1219 = CARTESIAN_POINT ( 'NONE',  ( 0.4613299533447856038, 0.09477963595631162808, 0.02205967480314803206 ) ) ;
#1220 = CARTESIAN_POINT ( 'NONE',  ( 0.4704724409448826639, 0.1102362204724409017, 0.2211412322089675586 ) ) ;
#1221 = EDGE_LOOP ( 'NONE', ( #7427, #3730, #4678, #456 ) ) ;
#1222 = ADVANCED_FACE ( 'NONE', ( #298 ), #1310, .F. ) ;
#1223 = FACE_OUTER_BOUND ( 'NONE', #6480, .T. ) ;
#1224 = DIRECTION ( 'NONE',  ( -1.000000000000000000, 0.000000000000000000, 0.000000000000000000 ) ) ;
#1225 = VECTOR ( 'NONE', #4157, 39.37007874015748143 ) ;
#1226 = CARTESIAN_POINT ( 'NONE',  ( 0.3487518205591552123, 0.2416535433070866601, -0.3788699307953760642 ) ) ;
#1227 = DIRECTION ( 'NONE',  ( 0.000000000000000000, 0.000000000000000000, -1.000000000000000000 ) ) ;
#1228 = CARTESIAN_POINT ( 'NONE',  ( -0.4291338582677163838, 0.3858267716535432323, -0.3877952755905513804 ) ) ;
#1229 = VECTOR ( 'NONE', #6746, 39.37007874015748854 ) ;
#1230 = PLANE ( 'NONE',  #7258 ) ;
#1231 = ADVANCED_FACE ( 'NONE', ( #5438 ), #3049, .F. ) ;
#1232 = VERTEX_POINT ( 'NONE', #1910 ) ;
#1233 = EDGE_CURVE ( 'NONE', #6736, #6124, #6514, .T. ) ;
#1234 = ORIENTED_EDGE ( 'NONE', *, *, #6232, .F. ) ;
#1235 = ADVANCED_FACE ( 'NONE', ( #5963 ), #6035, .T. ) ;
#1236 = LINE ( 'NONE', #3538, #6468 ) ;
#1237 = DIRECTION ( 'NONE',  ( 1.000000000000000000, -0.000000000000000000, -0.000000000000000000 ) ) ;
#1238 = ORIENTED_EDGE ( 'NONE', *, *, #6717, .F. ) ;
#1239 = CARTESIAN_POINT ( 'NONE',  ( -0.3141405222626655336, 0.2716535433070866867, 0.4313914436287574761 ) ) ;
#1240 = DIRECTION ( 'NONE',  ( 0.000000000000000000, 0.000000000000000000, 1.000000000000000000 ) ) ;
#1241 = ADVANCED_FACE ( 'NONE', ( #6588 ), #1419, .T. ) ;
#1242 = CIRCLE ( 'NONE', #6430, 0.009842519685039583313 ) ;
#1243 = CARTESIAN_POINT ( 'NONE',  ( 0.4488188976377956996, 0.2023622047244091615, -0.2054993803149607612 ) ) ;
#1244 = DIRECTION ( 'NONE',  ( 0.000000000000000000, 0.000000000000000000, 1.000000000000000000 ) ) ;
#1245 = DIRECTION ( 'NONE',  ( 1.000000000000000000, 0.000000000000000000, 3.920279041755496988E-16 ) ) ;
#1246 = CYLINDRICAL_SURFACE ( 'NONE', #6227, 0.03000000000000002318 ) ;
#1247 = CYLINDRICAL_SURFACE ( 'NONE', #569, 0.01377952755905510404 ) ;
#1248 = ORIENTED_EDGE ( 'NONE', *, *, #1195, .T. ) ;
#1249 = ORIENTED_EDGE ( 'NONE', *, *, #1233, .T. ) ;
#1250 = VERTEX_POINT ( 'NONE', #2027 ) ;
#1251 = DIRECTION ( 'NONE',  ( 1.000000000000000000, 0.000000000000000000, -2.710505431213761085E-16 ) ) ;
#1252 = DIRECTION ( 'NONE',  ( 0.000000000000000000, 1.000000000000000000, 0.000000000000000000 ) ) ;
#1253 = CARTESIAN_POINT ( 'NONE',  ( 1.800958267888598696, 0.2716535433070866312, 3.882189494197892854E-30 ) ) ;
#1254 = DIRECTION ( 'NONE',  ( 0.000000000000000000, -7.661286097916305006E-43, -1.000000000000000000 ) ) ;
#1255 = FACE_OUTER_BOUND ( 'NONE', #1853, .T. ) ;
#1256 = CYLINDRICAL_SURFACE ( 'NONE', #5311, 0.08081510857470293463 ) ;
#1257 = CYLINDRICAL_SURFACE ( 'NONE', #3929, 0.01968503937007891683 ) ;
#1258 = EDGE_LOOP ( 'NONE', ( #1149, #6617, #5351, #5339 ) ) ;
#1259 = ORIENTED_EDGE ( 'NONE', *, *, #920, .F. ) ;
#1260 = AXIS2_PLACEMENT_3D ( 'NONE', #6179, #3149, #3721 ) ;
#1261 = CARTESIAN_POINT ( 'NONE',  ( -0.4295669291338582441, 0.02000000000000002470, -0.05118110236220476533 ) ) ;
#1262 = CARTESIAN_POINT ( 'NONE',  ( -0.1930337834871094782, 0.2416535433070866601, 0.4606299212598424786 ) ) ;
#1263 = DIRECTION ( 'NONE',  ( 1.000000000000000000, 0.000000000000000000, 0.000000000000000000 ) ) ;
#1264 = DIRECTION ( 'NONE',  ( 0.000000000000000000, 1.000000000000000000, 7.661286097916305006E-43 ) ) ;
#1265 = DIRECTION ( 'NONE',  ( -1.000000000000000000, 0.000000000000000000, -5.542458384320307220E-16 ) ) ;
#1266 = EDGE_CURVE ( 'NONE', #2435, #5243, #3165, .T. ) ;
#1267 = DIMENSIONAL_EXPONENTS ( 1.000000000000000000, 0.000000000000000000, 0.000000000000000000, 0.000000000000000000, 0.000000000000000000, 0.000000000000000000, 0.000000000000000000 ) ;
#1268 = ORIENTED_EDGE ( 'NONE', *, *, #6125, .F. ) ;
#1269 = AXIS2_PLACEMENT_3D ( 'NONE', #1303, #7102, #1943 ) ;
#1270 = EDGE_LOOP ( 'NONE', ( #6458, #6738, #7406, #708, #4497, #4690 ) ) ;
#1271 = DIRECTION ( 'NONE',  ( 0.000000000000000000, 0.000000000000000000, -1.000000000000000000 ) ) ;
#1272 = EDGE_CURVE ( 'NONE', #4148, #5435, #492, .T. ) ;
#1273 = ORIENTED_EDGE ( 'NONE', *, *, #6324, .T. ) ;
#1274 = AXIS2_PLACEMENT_3D ( 'NONE', #973, #5544, #2659 ) ;
#1275 = CARTESIAN_POINT ( 'NONE',  ( -0.1925547590446328172, 0.2501940694018401912, 0.4596782912407085808 ) ) ;
#1276 = EDGE_CURVE ( 'NONE', #2583, #6137, #2453, .T. ) ;
#1277 = FACE_OUTER_BOUND ( 'NONE', #1842, .T. ) ;
#1278 = EDGE_CURVE ( 'NONE', #2583, #2358, #5813, .T. ) ;
#1279 = AXIS2_PLACEMENT_3D ( 'NONE', #235, #2544, #4842 ) ;
#1280 = VECTOR ( 'NONE', #6157, 39.37007874015748143 ) ;
#1281 = EDGE_LOOP ( 'NONE', ( #4441, #6803, #3713, #3217 ) ) ;
#1282 = CIRCLE ( 'NONE', #5400, 0.009842519685039583313 ) ;
#1283 = ADVANCED_FACE ( 'NONE', ( #6438 ), #2297, .T. ) ;
#1284 = LINE ( 'NONE', #193, #4380 ) ;
#1285 = DIRECTION ( 'NONE',  ( 0.000000000000000000, 1.000000000000000000, 0.000000000000000000 ) ) ;
#1286 = FACE_OUTER_BOUND ( 'NONE', #3491, .T. ) ;
#1287 = CIRCLE ( 'NONE', #5522, 0.2009961834654618584 ) ;
#1288 = EDGE_LOOP ( 'NONE', ( #6009, #6042, #6635, #5206 ) ) ;
#1289 = ORIENTED_EDGE ( 'NONE', *, *, #187, .F. ) ;
#1290 = ORIENTED_EDGE ( 'NONE', *, *, #1501, .F. ) ;
#1291 = DIRECTION ( 'NONE',  ( 0.000000000000000000, 0.000000000000000000, 1.000000000000000000 ) ) ;
#1292 = CARTESIAN_POINT ( 'NONE',  ( -0.2736405827105305999, 0.4015748031496062520, 0.4035433070866140670 ) ) ;
#1293 = CARTESIAN_POINT ( 'NONE',  ( 0.1596456692913385822, 0.3659856491034197412, 0.02165587032319900990 ) ) ;
#1294 = LINE ( 'NONE', #4131, #2893 ) ;
#1295 = DIRECTION ( 'NONE',  ( 0.4999999999999943934, -0.000000000000000000, 0.8660254037844418162 ) ) ;
#1296 = DIRECTION ( 'NONE',  ( 0.000000000000000000, 1.000000000000000000, 4.852373359375687380E-16 ) ) ;
#1297 =( NAMED_UNIT ( * ) SI_UNIT ( $, .STERADIAN. ) SOLID_ANGLE_UNIT ( ) );
#1298 = EDGE_LOOP ( 'NONE', ( #5204, #2791, #2265, #6687 ) ) ;
#1299 = CARTESIAN_POINT ( 'NONE',  ( -0.1930337834871094782, 0.000000000000000000, -0.4606299212598424786 ) ) ;
#1300 = EDGE_LOOP ( 'NONE', ( #7317, #3303, #2267, #4791 ) ) ;
#1301 = LINE ( 'NONE', #173, #4377 ) ;
#1302 = FACE_OUTER_BOUND ( 'NONE', #5095, .T. ) ;
#1303 = CARTESIAN_POINT ( 'NONE',  ( -0.4880767018726059892, 0.05427650700081183832, 0.02205967480314803206 ) ) ;
#1304 = DIRECTION ( 'NONE',  ( 0.000000000000000000, -1.000000000000000000, -7.661286097916305006E-43 ) ) ;
#1305 = FACE_OUTER_BOUND ( 'NONE', #5760, .T. ) ;
#1306 = ORIENTED_EDGE ( 'NONE', *, *, #7218, .F. ) ;
#1307 = VERTEX_POINT ( 'NONE', #2965 ) ;
#1308 = DIRECTION ( 'NONE',  ( 1.000000000000000000, 0.000000000000000000, 5.542458384320307220E-16 ) ) ;
#1309 =( BOUNDED_CURVE ( )  B_SPLINE_CURVE ( 3, ( #5370, #1693, #1615, #494 ),
 .UNSPECIFIED., .F., .T. ) 
 B_SPLINE_CURVE_WITH_KNOTS ( ( 4, 4 ),
 ( 4.712388980384689674, 6.283185307179586232 ),
 .UNSPECIFIED. ) 
 CURVE ( )  GEOMETRIC_REPRESENTATION_ITEM ( )  RATIONAL_B_SPLINE_CURVE ( ( 1.000000000000000000, 0.8047378541243649375, 0.8047378541243649375, 1.000000000000000000 ) ) 
 REPRESENTATION_ITEM ( '' )  );
#1310 = SPHERICAL_SURFACE ( 'NONE', #1478, 0.03937007874015747977 ) ;
#1311 = ORIENTED_EDGE ( 'NONE', *, *, #5743, .F. ) ;
#1312 = AXIS2_PLACEMENT_3D ( 'NONE', #5753, #2306, #4614 ) ;
#1313 = CARTESIAN_POINT ( 'NONE',  ( -0.4507874015748029595, 0.3818897637795276023, 0.2185039370078739329 ) ) ;
#1314 = DIRECTION ( 'NONE',  ( 0.000000000000000000, 0.000000000000000000, 1.000000000000000000 ) ) ;
#1315 = AXIS2_PLACEMENT_3D ( 'NONE', #4082, #2911, #6940 ) ;
#1316 = EDGE_CURVE ( 'NONE', #4831, #2566, #2413, .T. ) ;
#1317 = CARTESIAN_POINT ( 'NONE',  ( 0.4291338582677163838, 1.536664496436148085E-15, -0.3937007874015763798 ) ) ;
#1318 = VECTOR ( 'NONE', #6795, 39.37007874015748143 ) ;
#1319 = CYLINDRICAL_SURFACE ( 'NONE', #647, 0.1408151085747029740 ) ;
#1320 = CYLINDRICAL_SURFACE ( 'NONE', #1122, 0.03000000000000002318 ) ;
#1321 = CARTESIAN_POINT ( 'NONE',  ( -0.4507874015748029595, 0.3917322834645669549, -0.3799212598425195653 ) ) ;
#1322 = CYLINDRICAL_SURFACE ( 'NONE', #4304, 0.009999999999999962044 ) ;
#1323 = VECTOR ( 'NONE', #5079, 39.37007874015748854 ) ;
#1324 = EDGE_CURVE ( 'NONE', #2192, #1945, #2930, .T. ) ;
#1325 = ORIENTED_EDGE ( 'NONE', *, *, #3490, .F. ) ;
#1326 = EDGE_CURVE ( 'NONE', #3602, #2728, #1835, .T. ) ;
#1327 = ORIENTED_EDGE ( 'NONE', *, *, #5990, .T. ) ;
#1328 = EDGE_CURVE ( 'NONE', #785, #1169, #4268, .T. ) ;
#1329 = FACE_OUTER_BOUND ( 'NONE', #3424, .T. ) ;
#1330 = DIRECTION ( 'NONE',  ( -1.000000000000000000, 0.000000000000000000, 0.000000000000000000 ) ) ;
#1331 = CARTESIAN_POINT ( 'NONE',  ( -0.4752772192324700717, 0.04917272174909721044, 0.02205967480314803206 ) ) ;
#1332 = DIRECTION ( 'NONE',  ( -1.000000000000000000, 0.000000000000000000, 0.000000000000000000 ) ) ;
#1333 = DIRECTION ( 'NONE',  ( -3.433861939970594219E-15, 1.000000000000000000, 0.000000000000000000 ) ) ;
#1334 = EDGE_CURVE ( 'NONE', #3154, #1772, #5359, .T. ) ;
#1335 = ORIENTED_EDGE ( 'NONE', *, *, #4382, .T. ) ;
#1336 = VERTEX_POINT ( 'NONE', #1868 ) ;
#1337 = LINE ( 'NONE', #4256, #2913 ) ;
#1338 = PLANE ( 'NONE',  #7296 ) ;
#1339 = CARTESIAN_POINT ( 'NONE',  ( 0.3487518205591552123, 0.2716535433070866312, -0.3788699307953760642 ) ) ;
#1340 = CARTESIAN_POINT ( 'NONE',  ( 0.3484251968503935815, 0.3917322834645668439, -0.3877952755905513804 ) ) ;
#1341 = DIRECTION ( 'NONE',  ( -3.081670971768523265E-15, -1.000000000000000000, 0.000000000000000000 ) ) ;
#1342 = CARTESIAN_POINT ( 'NONE',  ( 0.4752772192324700717, 0.04917272174909721044, -0.03975134881889921118 ) ) ;
#1343 = ORIENTED_EDGE ( 'NONE', *, *, #1140, .T. ) ;
#1344 = VECTOR ( 'NONE', #6507, 39.37007874015748143 ) ;
#1345 = ORIENTED_EDGE ( 'NONE', *, *, #302, .T. ) ;
#1346 = AXIS2_PLACEMENT_3D ( 'NONE', #4628, #6905, #1744 ) ;
#1347 = CARTESIAN_POINT ( 'NONE',  ( -0.3484251968503935815, 0.3917322834645668439, -0.3877952755905513804 ) ) ;
#1348 = ORIENTED_EDGE ( 'NONE', *, *, #3307, .T. ) ;
#1349 = CARTESIAN_POINT ( 'NONE',  ( -0.1905053747043700119, 0.2688466401727492294, 0.4428567796937049050 ) ) ;
#1350 = AXIS2_PLACEMENT_3D ( 'NONE', #1183, #1680, #4565 ) ;
#1351 = DIRECTION ( 'NONE',  ( -1.000000000000000000, 0.000000000000000000, 0.000000000000000000 ) ) ;
#1352 = VECTOR ( 'NONE', #505, 39.37007874015748143 ) ;
#1353 = DIRECTION ( 'NONE',  ( -1.000000000000000000, -7.074749280333369037E-74, 6.672013369141568175E-16 ) ) ;
#1354 = AXIS2_PLACEMENT_3D ( 'NONE', #1078, #4636, #1117 ) ;
#1355 = FACE_OUTER_BOUND ( 'NONE', #7215, .T. ) ;
#1356 = CARTESIAN_POINT ( 'NONE',  ( -0.1842324593450604120, 0.2716515776961912487, -0.4375489167784657463 ) ) ;
#1357 = CYLINDRICAL_SURFACE ( 'NONE', #7285, 0.009842519685039378616 ) ;
#1358 = EDGE_CURVE ( 'NONE', #6839, #2063, #4870, .T. ) ;
#1359 = AXIS2_PLACEMENT_3D ( 'NONE', #547, #515, #6937 ) ;
#1360 = ORIENTED_EDGE ( 'NONE', *, *, #6528, .T. ) ;
#1361 = AXIS2_PLACEMENT_3D ( 'NONE', #6915, #1154, #556 ) ;
#1362 = VERTEX_POINT ( 'NONE', #3683 ) ;
#1363 = DIRECTION ( 'NONE',  ( -1.000000000000000000, 0.000000000000000000, 1.652117596168386770E-15 ) ) ;
#1364 = FACE_OUTER_BOUND ( 'NONE', #5168, .T. ) ;
#1365 = DIRECTION ( 'NONE',  ( 8.459571950149005536E-16, -8.280041622063673177E-43, -1.000000000000000000 ) ) ;
#1366 = FACE_OUTER_BOUND ( 'NONE', #2758, .T. ) ;
#1367 = CARTESIAN_POINT ( 'NONE',  ( 0.4619485688603901519, 0.1102362204724408601, 0.2260624920514872072 ) ) ;
#1368 = ADVANCED_FACE ( 'NONE', ( #2595 ), #7173, .T. ) ;
#1369 = CARTESIAN_POINT ( 'NONE',  ( 0.3487518205591552123, 0.2516535433070866690, 0.3788699307953760642 ) ) ;
#1370 = VECTOR ( 'NONE', #3275, 39.37007874015748143 ) ;
#1371 = DIRECTION ( 'NONE',  ( 1.000000000000000000, 3.396661351562978405E-15, 1.141265444721584004E-16 ) ) ;
#1372 = ADVANCED_FACE ( 'NONE', ( #4823 ), #5397, .F. ) ;
#1373 = EDGE_CURVE ( 'NONE', #6325, #4827, #7210, .T. ) ;
#1374 = ORIENTED_EDGE ( 'NONE', *, *, #1014, .F. ) ;
#1375 = DIRECTION ( 'NONE',  ( 1.000000000000000000, 0.000000000000000000, 0.000000000000000000 ) ) ;
#1376 = ORIENTED_EDGE ( 'NONE', *, *, #932, .F. ) ;
#1377 = CARTESIAN_POINT ( 'NONE',  ( -0.2601158228121032145, 0.2716535433070866312, -0.4506299212598424697 ) ) ;
#1378 = DIRECTION ( 'NONE',  ( -0.9288767401698612147, -0.3703889868387178486, 0.000000000000000000 ) ) ;
#1379 = DIRECTION ( 'NONE',  ( 1.000000000000000000, 3.469446951953586973E-15, 0.000000000000000000 ) ) ;
#1380 = ADVANCED_FACE ( 'NONE', ( #6140 ), #1487, .T. ) ;
#1381 = CARTESIAN_POINT ( 'NONE',  ( 0.4291338582677163838, 0.3015748031496062187, -0.4035433070866146221 ) ) ;
#1382 = DIRECTION ( 'NONE',  ( -1.000000000000000000, 0.000000000000000000, 0.000000000000000000 ) ) ;
#1383 = ORIENTED_EDGE ( 'NONE', *, *, #1612, .F. ) ;
#1384 = ORIENTED_EDGE ( 'NONE', *, *, #3685, .F. ) ;
#1385 = DIRECTION ( 'NONE',  ( 0.000000000000000000, 1.000000000000000000, 0.000000000000000000 ) ) ;
#1386 = DIRECTION ( 'NONE',  ( 1.141265444721584004E-16, 0.000000000000000000, -1.000000000000000000 ) ) ;
#1387 = EDGE_LOOP ( 'NONE', ( #2651, #1560, #4951, #1816 ) ) ;
#1388 = DIRECTION ( 'NONE',  ( 0.000000000000000000, -0.000000000000000000, -1.000000000000000000 ) ) ;
#1389 = CIRCLE ( 'NONE', #2843, 0.1108151085747029613 ) ;
#1390 = CARTESIAN_POINT ( 'NONE',  ( -0.2726725254360719553, 0.2716535433070866312, -0.4306299212598441728 ) ) ;
#1391 = CARTESIAN_POINT ( 'NONE',  ( 0.4704724409448826639, 0.09842519685039349819, 0.02205967480314803206 ) ) ;
#1392 = LINE ( 'NONE', #4878, #6934 ) ;
#1393 = DIRECTION ( 'NONE',  ( 0.000000000000000000, 0.000000000000000000, 1.000000000000000000 ) ) ;
#1394 = VECTOR ( 'NONE', #3969, 39.37007874015748143 ) ;
#1395 = EDGE_LOOP ( 'NONE', ( #248, #416, #5121 ) ) ;
#1396 = VECTOR ( 'NONE', #1271, 39.37007874015748143 ) ;
#1397 = ORIENTED_EDGE ( 'NONE', *, *, #5984, .T. ) ;
#1398 = CARTESIAN_POINT ( 'NONE',  ( -0.2978669291338584824, 0.2716535433070866312, 0.4319299212598424753 ) ) ;
#1399 = EDGE_CURVE ( 'NONE', #7305, #3023, #4531, .T. ) ;
#1400 = FACE_OUTER_BOUND ( 'NONE', #7292, .T. ) ;
#1401 = DIRECTION ( 'NONE',  ( 0.000000000000000000, 0.000000000000000000, 1.000000000000000000 ) ) ;
#1402 = CARTESIAN_POINT ( 'NONE',  ( -0.4996656043679575387, 0.1102362204724408601, 0.2717052744913953100 ) ) ;
#1403 = LINE ( 'NONE', #2008, #2719 ) ;
#1404 = EDGE_LOOP ( 'NONE', ( #5010, #1086, #7144, #2750 ) ) ;
#1405 = ORIENTED_EDGE ( 'NONE', *, *, #227, .F. ) ;
#1406 = CARTESIAN_POINT ( 'NONE',  ( -0.4789113459805934836, 0.04765840547478853578, 0.02205967480314803206 ) ) ;
#1407 = EDGE_LOOP ( 'NONE', ( #812, #5843, #1629, #3554 ) ) ;
#1408 = AXIS2_PLACEMENT_3D ( 'NONE', #6139, #4530, #6807 ) ;
#1409 = ADVANCED_FACE ( 'NONE', ( #5577 ), #365, .F. ) ;
#1410 = CARTESIAN_POINT ( 'NONE',  ( 0.3487518205591552123, 0.000000000000000000, 0.3788699307953760642 ) ) ;
#1411 = ADVANCED_FACE ( 'NONE', ( #2096 ), #6808, .T. ) ;
#1412 = CARTESIAN_POINT ( 'NONE',  ( -0.4547244094488189781, 0.2023622047244095501, -0.2054993803149607612 ) ) ;
#1413 = DIRECTION ( 'NONE',  ( 0.000000000000000000, 1.000000000000000000, 7.661286097916305006E-43 ) ) ;
#1414 = ORIENTED_EDGE ( 'NONE', *, *, #2495, .T. ) ;
#1415 = ADVANCED_FACE ( 'NONE', ( #6985 ), #2512, .F. ) ;
#1416 = EDGE_LOOP ( 'NONE', ( #2774, #6920, #1815, #1911 ) ) ;
#1417 = EDGE_CURVE ( 'NONE', #7230, #1049, #1823, .T. ) ;
#1418 = EDGE_CURVE ( 'NONE', #19, #1967, #3613, .T. ) ;
#1419 = CYLINDRICAL_SURFACE ( 'NONE', #6421, 0.07874015748031489015 ) ;
#1420 = ORIENTED_EDGE ( 'NONE', *, *, #5589, .T. ) ;
#1421 = CARTESIAN_POINT ( 'NONE',  ( 0.4704724409448823308, 0.2023622047244092448, -0.2054993803149607612 ) ) ;
#1422 = CARTESIAN_POINT ( 'NONE',  ( 0.2403543307086613845, 0.3114173228346456268, -0.09303263377995586725 ) ) ;
#1423 = FACE_OUTER_BOUND ( 'NONE', #1407, .T. ) ;
#1424 = ORIENTED_EDGE ( 'NONE', *, *, #5854, .F. ) ;
#1425 = FACE_OUTER_BOUND ( 'NONE', #3157, .T. ) ;
#1426 = CIRCLE ( 'NONE', #2160, 0.07874015748031495954 ) ;
#1427 = VERTEX_POINT ( 'NONE', #205 ) ;
#1428 = CARTESIAN_POINT ( 'NONE',  ( -0.3484251968503935815, 0.4015748031496061965, -0.3877952755905513804 ) ) ;
#1429 = CARTESIAN_POINT ( 'NONE',  ( -0.1962515701379577426, 0.2593126996350297864, -0.4553323077928639329 ) ) ;
#1430 = CARTESIAN_POINT ( 'NONE',  ( -0.4704724409448817202, 0.3917322834645669549, -0.3799212598425195653 ) ) ;
#1431 = AXIS2_PLACEMENT_3D ( 'NONE', #2767, #5611, #2724 ) ;
#1432 = ORIENTED_EDGE ( 'NONE', *, *, #5978, .T. ) ;
#1433 = CIRCLE ( 'NONE', #1199, 0.01377952755905510404 ) ;
#1434 = VERTEX_POINT ( 'NONE', #164 ) ;
#1435 = CARTESIAN_POINT ( 'NONE',  ( 0.3487518205591552123, 0.2716535433070866312, -0.4596850393700789850 ) ) ;
#1436 = DIRECTION ( 'NONE',  ( -1.000000000000000000, 3.396661351562978405E-15, 1.141265444721584004E-16 ) ) ;
#1437 = CARTESIAN_POINT ( 'NONE',  ( 0.3701181102362201547, 0.02000000000000002470, -0.05118110236220477227 ) ) ;
#1438 = AXIS2_PLACEMENT_3D ( 'NONE', #4812, #4246, #1401 ) ;
#1439 = DIRECTION ( 'NONE',  ( -0.3703889868387169604, -0.9288767401698617698, 0.000000000000000000 ) ) ;
#1440 = DIRECTION ( 'NONE',  ( -1.000000000000000000, 0.000000000000000000, 0.000000000000000000 ) ) ;
#1441 = VERTEX_POINT ( 'NONE', #2554 ) ;
#1442 = ORIENTED_EDGE ( 'NONE', *, *, #4881, .F. ) ;
#1443 = CIRCLE ( 'NONE', #3375, 0.3998425196850393659 ) ;
#1444 = LINE ( 'NONE', #893, #2156 ) ;
#1445 = EDGE_LOOP ( 'NONE', ( #3151, #5886, #1190, #4102 ) ) ;
#1446 = CARTESIAN_POINT ( 'NONE',  ( -0.4291338582677163838, 0.3015748031496062187, -0.4035433070866146221 ) ) ;
#1447 = CARTESIAN_POINT ( 'NONE',  ( -0.2497154784863060972, 0.1102362204724410960, -0.1415360035237890890 ) ) ;
#1448 = DIRECTION ( 'NONE',  ( 0.000000000000000000, 0.000000000000000000, -1.000000000000000000 ) ) ;
#1449 = DIRECTION ( 'NONE',  ( 0.000000000000000000, 0.000000000000000000, -1.000000000000000000 ) ) ;
#1450 = ADVANCED_FACE ( 'NONE', ( #3710 ), #1971, .F. ) ;
#1451 = CARTESIAN_POINT ( 'NONE',  ( -0.1930337834871094782, 0.2716535433070866312, -0.4506299212598425252 ) ) ;
#1452 = ORIENTED_EDGE ( 'NONE', *, *, #4197, .F. ) ;
#1453 = PLANE ( 'NONE',  #2406 ) ;
#1454 = CARTESIAN_POINT ( 'NONE',  ( -0.2265748031496063741, 0.2716535433070866312, 0.4606299212598424786 ) ) ;
#1455 = ORIENTED_EDGE ( 'NONE', *, *, #3409, .F. ) ;
#1456 = EDGE_CURVE ( 'NONE', #6589, #19, #1294, .T. ) ;
#1457 = CARTESIAN_POINT ( 'NONE',  ( 0.4880767018726059892, 0.05427650700081183832, 0.02205967480314803206 ) ) ;
#1458 = EDGE_CURVE ( 'NONE', #5627, #108, #1567, .T. ) ;
#1459 = EDGE_CURVE ( 'NONE', #5058, #6839, #7098, .T. ) ;
#1460 = VERTEX_POINT ( 'NONE', #7023 ) ;
#1461 = CIRCLE ( 'NONE', #1346, 0.01968503937007875723 ) ;
#1462 = DIRECTION ( 'NONE',  ( 0.000000000000000000, -1.000000000000000000, 7.661286097916305006E-43 ) ) ;
#1463 = VERTEX_POINT ( 'NONE', #7054 ) ;
#1464 = AXIS2_PLACEMENT_3D ( 'NONE', #1797, #6399, #1224 ) ;
#1465 = CARTESIAN_POINT ( 'NONE',  ( 0.000000000000000000, 0.3858267716535433989, -0.4035433070866143446 ) ) ;
#1466 = CARTESIAN_POINT ( 'NONE',  ( -0.1905053747043724266, 0.2688466401727456767, -0.4428567796937089018 ) ) ;
#1467 = ADVANCED_FACE ( 'NONE', ( #1255 ), #1592, .F. ) ;
#1468 = CARTESIAN_POINT ( 'NONE',  ( -0.4295669291338582996, 0.000000000000000000, -0.08999999999999999667 ) ) ;
#1469 = VECTOR ( 'NONE', #2390, 39.37007874015748143 ) ;
#1470 = ORIENTED_EDGE ( 'NONE', *, *, #4718, .F. ) ;
#1471 = AXIS2_PLACEMENT_3D ( 'NONE', #887, #388, #3896 ) ;
#1472 = EDGE_LOOP ( 'NONE', ( #5412, #2398, #1259, #1793 ) ) ;
#1473 = DIRECTION ( 'NONE',  ( 0.000000000000000000, 0.000000000000000000, -1.000000000000000000 ) ) ;
#1474 = DIRECTION ( 'NONE',  ( 0.000000000000000000, -0.000000000000000000, -1.000000000000000000 ) ) ;
#1475 = DIRECTION ( 'NONE',  ( 0.9230681940233449456, -0.3846363336743952033, 0.000000000000000000 ) ) ;
#1476 = SURFACE_STYLE_USAGE ( .BOTH. , #6641 ) ;
#1477 = CARTESIAN_POINT ( 'NONE',  ( 0.4707524537788596031, 0.09772296914473160845, -0.03975134881889921118 ) ) ;
#1478 = AXIS2_PLACEMENT_3D ( 'NONE', #5367, #2496, #338 ) ;
#1479 = PLANE ( 'NONE',  #856 ) ;
#1480 = ORIENTED_EDGE ( 'NONE', *, *, #2627, .T. ) ;
#1481 =( CONVERSION_BASED_UNIT ( 'INCH', #4926 ) LENGTH_UNIT ( ) NAMED_UNIT ( #1267 ) );
#1482 = ORIENTED_EDGE ( 'NONE', *, *, #5729, .T. ) ;
#1483 = PLANE ( 'NONE',  #4942 ) ;
#1484 = ORIENTED_EDGE ( 'NONE', *, *, #1324, .F. ) ;
#1485 = DIRECTION ( 'NONE',  ( 0.000000000000000000, -0.000000000000000000, -1.000000000000000000 ) ) ;
#1486 = CARTESIAN_POINT ( 'NONE',  ( -0.4816026208834747746, 0.02852789497276874905, -0.03975134881889921118 ) ) ;
#1487 = CYLINDRICAL_SURFACE ( 'NONE', #2048, 0.4598425196850393637 ) ;
#1488 = DIRECTION ( 'NONE',  ( 0.000000000000000000, 0.000000000000000000, 1.000000000000000000 ) ) ;
#1489 = DIRECTION ( 'NONE',  ( 0.000000000000000000, 1.000000000000000000, 0.000000000000000000 ) ) ;
#1490 = ORIENTED_EDGE ( 'NONE', *, *, #2114, .F. ) ;
#1491 = VECTOR ( 'NONE', #1857, 39.37007874015748143 ) ;
#1492 = MANIFOLD_SOLID_BREP ( 'Boss-Extrude2', #3880 ) ;
#1493 = ORIENTED_EDGE ( 'NONE', *, *, #5432, .T. ) ;
#1494 = AXIS2_PLACEMENT_3D ( 'NONE', #1228, #1382, #4219 ) ;
#1495 = CARTESIAN_POINT ( 'NONE',  ( -0.3980708661417322602, 0.02000000000000002470, -0.05118110236220477227 ) ) ;
#1496 = ORIENTED_EDGE ( 'NONE', *, *, #262, .F. ) ;
#1497 = EDGE_CURVE ( 'NONE', #3516, #498, #1309, .T. ) ;
#1498 = CARTESIAN_POINT ( 'NONE',  ( -0.3256074849995500564, 0.2494317367946988218, -0.4318883453473557066 ) ) ;
#1499 = DIRECTION ( 'NONE',  ( -1.000000000000000000, 0.000000000000000000, 0.000000000000000000 ) ) ;
#1500 = ORIENTED_EDGE ( 'NONE', *, *, #5815, .T. ) ;
#1501 = EDGE_CURVE ( 'NONE', #4571, #1307, #3742, .T. ) ;
#1502 = DIRECTION ( 'NONE',  ( 0.000000000000000000, 0.000000000000000000, -1.000000000000000000 ) ) ;
#1503 = DIRECTION ( 'NONE',  ( 1.000000000000000000, -1.121038771459853657E-44, -8.459571950149005536E-16 ) ) ;
#1504 = EDGE_CURVE ( 'NONE', #3112, #2776, #6224, .T. ) ;
#1505 = CARTESIAN_POINT ( 'NONE',  ( -0.2601158228121032145, 0.2416535433070866601, 0.4606299212598424786 ) ) ;
#1506 = EDGE_CURVE ( 'NONE', #222, #4365, #1443, .T. ) ;
#1507 = DIRECTION ( 'NONE',  ( -3.433861939970594219E-15, -1.000000000000000000, 0.000000000000000000 ) ) ;
#1508 = DIRECTION ( 'NONE',  ( -0.3703889868387169604, -0.9288767401698617698, 0.000000000000000000 ) ) ;
#1509 = CIRCLE ( 'NONE', #5752, 0.005905511811023586403 ) ;
#1510 = ORIENTED_EDGE ( 'NONE', *, *, #499, .T. ) ;
#1511 = AXIS2_PLACEMENT_3D ( 'NONE', #705, #1371, #63 ) ;
#1512 = EDGE_CURVE ( 'NONE', #4611, #4504, #2648, .T. ) ;
#1513 = ORIENTED_EDGE ( 'NONE', *, *, #1324, .T. ) ;
#1514 = FACE_OUTER_BOUND ( 'NONE', #4087, .T. ) ;
#1515 = CARTESIAN_POINT ( 'NONE',  ( -0.4606299212598433113, 0.1102362204724408601, 5.228927800373003585E-17 ) ) ;
#1516 = CARTESIAN_POINT ( 'NONE',  ( -0.2497154784863053478, 0.3818897637795276023, -0.1415360035237887282 ) ) ;
#1517 = EDGE_CURVE ( 'NONE', #4329, #6019, #4227, .T. ) ;
#1518 = VECTOR ( 'NONE', #3095, 39.37007874015748143 ) ;
#1519 = CARTESIAN_POINT ( 'NONE',  ( -0.3265669291338584856, 0.2416535433070866601, 0.4319299212598424753 ) ) ;
#1520 = CIRCLE ( 'NONE', #6932, 0.02165354330708662081 ) ;
#1521 = DIRECTION ( 'NONE',  ( -0.000000000000000000, 0.000000000000000000, 1.000000000000000000 ) ) ;
#1522 = ORIENTED_EDGE ( 'NONE', *, *, #5252, .T. ) ;
#1523 = ORIENTED_EDGE ( 'NONE', *, *, #1863, .T. ) ;
#1524 = DIRECTION ( 'NONE',  ( -0.000000000000000000, -0.000000000000000000, -1.000000000000000000 ) ) ;
#1525 = ORIENTED_EDGE ( 'NONE', *, *, #417, .T. ) ;
#1526 = CARTESIAN_POINT ( 'NONE',  ( -0.3316939163176266248, 0.3917322834645668994, 0.3779992289461152066 ) ) ;
#1527 = LINE ( 'NONE', #3793, #399 ) ;
#1528 = CARTESIAN_POINT ( 'NONE',  ( -0.4616099661787624875, 0.09407740825064973833, 0.02205967480314803206 ) ) ;
#1529 = TOROIDAL_SURFACE ( 'NONE', #4788, 0.04432413483936116505, 0.01181102362204724393 ) ;
#1530 = DIRECTION ( 'NONE',  ( -1.000000000000000000, 0.000000000000000000, 0.000000000000000000 ) ) ;
#1531 = CARTESIAN_POINT ( 'NONE',  ( -0.4880767018726059892, 0.05427650700081183832, 0.02205967480314803206 ) ) ;
#1532 = ORIENTED_EDGE ( 'NONE', *, *, #6821, .T. ) ;
#1533 = VECTOR ( 'NONE', #253, 39.37007874015748143 ) ;
#1534 = ORIENTED_EDGE ( 'NONE', *, *, #5304, .F. ) ;
#1535 = CARTESIAN_POINT ( 'NONE',  ( -0.4704724409448826639, 0.1102362204724409017, 0.02205967480314803206 ) ) ;
#1536 = ORIENTED_EDGE ( 'NONE', *, *, #1961, .T. ) ;
#1537 = CARTESIAN_POINT ( 'NONE',  ( -0.3265663454301718782, 0.2455008555756799660, -0.4606293375561558157 ) ) ;
#1538 = VERTEX_POINT ( 'NONE', #4109 ) ;
#1539 = FACE_OUTER_BOUND ( 'NONE', #3577, .T. ) ;
#1540 = CARTESIAN_POINT ( 'NONE',  ( -0.4704724409448826639, 0.1102362204724409017, 0.02205967480314803206 ) ) ;
#1541 = ORIENTED_EDGE ( 'NONE', *, *, #407, .T. ) ;
#1542 = CARTESIAN_POINT ( 'NONE',  ( -0.2605948472545787098, 0.2501940694018363609, 0.4596782912407101906 ) ) ;
#1543 = PLANE ( 'NONE',  #3572 ) ;
#1544 = LINE ( 'NONE', #7190, #3161 ) ;
#1545 = ORIENTED_EDGE ( 'NONE', *, *, #1788, .T. ) ;
#1546 = EDGE_CURVE ( 'NONE', #715, #6148, #5173, .T. ) ;
#1547 = CIRCLE ( 'NONE', #3471, 0.02500000000000000486 ) ;
#1548 = ORIENTED_EDGE ( 'NONE', *, *, #5631, .F. ) ;
#1549 = DIRECTION ( 'NONE',  ( 0.000000000000000000, 0.000000000000000000, 1.000000000000000000 ) ) ;
#1550 = DIRECTION ( 'NONE',  ( 0.9230681940233448346, -0.3846363336743951478, 0.000000000000000000 ) ) ;
#1551 = CARTESIAN_POINT ( 'NONE',  ( 1.800958267888598696, 0.01999999999999999001, 0.000000000000000000 ) ) ;
#1552 = DIRECTION ( 'NONE',  ( -1.000000000000000000, -0.000000000000000000, -0.000000000000000000 ) ) ;
#1553 = EDGE_CURVE ( 'NONE', #4262, #3804, #2864, .T. ) ;
#1554 = AXIS2_PLACEMENT_3D ( 'NONE', #946, #484, #2784 ) ;
#1555 = ORIENTED_EDGE ( 'NONE', *, *, #3692, .F. ) ;
#1556 = CIRCLE ( 'NONE', #4468, 0.07874015748031495954 ) ;
#1557 = EDGE_CURVE ( 'NONE', #1571, #3964, #3570, .T. ) ;
#1558 = EDGE_CURVE ( 'NONE', #4778, #4698, #105, .T. ) ;
#1559 = VERTEX_POINT ( 'NONE', #2525 ) ;
#1560 = ORIENTED_EDGE ( 'NONE', *, *, #6904, .F. ) ;
#1561 = CIRCLE ( 'NONE', #4826, 0.003937007874015724558 ) ;
#1562 = DIRECTION ( 'NONE',  ( -1.000000000000000000, -0.000000000000000000, -0.000000000000000000 ) ) ;
#1563 = CARTESIAN_POINT ( 'NONE',  ( -0.03476671852704391052, 0.2416535433070866601, -0.2854036645465116706 ) ) ;
#1564 = CARTESIAN_POINT ( 'NONE',  ( 0.4606299212598428117, 0.2466863395637705625, -0.2054993803149607612 ) ) ;
#1565 = DIRECTION ( 'NONE',  ( -1.000000000000000000, 0.000000000000000000, 0.000000000000000000 ) ) ;
#1566 = EDGE_CURVE ( 'NONE', #921, #7150, #1091, .T. ) ;
#1567 = CIRCLE ( 'NONE', #3988, 0.04432413483936115811 ) ;
#1568 = ORIENTED_EDGE ( 'NONE', *, *, #4156, .T. ) ;
#1569 = ORIENTED_EDGE ( 'NONE', *, *, #5780, .T. ) ;
#1570 = DIRECTION ( 'NONE',  ( -1.000000000000000000, 0.000000000000000000, 0.000000000000000000 ) ) ;
#1571 = VERTEX_POINT ( 'NONE', #1984 ) ;
#1572 = CARTESIAN_POINT ( 'NONE',  ( 0.4752772192324700717, 0.04917272174909721044, -0.03975134881889921118 ) ) ;
#1573 = CARTESIAN_POINT ( 'NONE',  ( 0.4291338582677163838, 0.3015748031496062187, -0.4035433070866146221 ) ) ;
#1574 = ORIENTED_EDGE ( 'NONE', *, *, #1278, .F. ) ;
#1575 = CARTESIAN_POINT ( 'NONE',  ( 0.1594488188976377896, 0.3917322834645668994, 0.01733885147051734965 ) ) ;
#1576 = DIRECTION ( 'NONE',  ( 0.000000000000000000, 1.000000000000000000, 0.000000000000000000 ) ) ;
#1577 = MANIFOLD_SOLID_BREP ( 'Combine2', #5459 ) ;
#1578 = VERTEX_POINT ( 'NONE', #1899 ) ;
#1579 = CARTESIAN_POINT ( 'NONE',  ( -0.2601158246721367862, 0.2459285825697902217, 0.4606299212598424786 ) ) ;
#1580 = DIRECTION ( 'NONE',  ( 0.000000000000000000, 0.000000000000000000, -1.000000000000000000 ) ) ;
#1581 = CARTESIAN_POINT ( 'NONE',  ( 0.2933442662718037663, 0.2716535433070866312, 0.4748386299441995084 ) ) ;
#1582 =( REPRESENTATION_RELATIONSHIP ('NONE','NONE', #4654, #798 ) REPRESENTATION_RELATIONSHIP_WITH_TRANSFORMATION ( #77 )SHAPE_REPRESENTATION_RELATIONSHIP( ) );
#1583 = CARTESIAN_POINT ( 'NONE',  ( -0.4291338582677163838, 0.3917322834645668994, -0.3799212598425196763 ) ) ;
#1584 = ORIENTED_EDGE ( 'NONE', *, *, #3716, .T. ) ;
#1585 =( NAMED_UNIT ( * ) PLANE_ANGLE_UNIT ( ) SI_UNIT ( $, .RADIAN. ) );
#1586 = ORIENTED_EDGE ( 'NONE', *, *, #6449, .F. ) ;
#1587 = AXIS2_PLACEMENT_3D ( 'NONE', #1243, #3016, #686 ) ;
#1588 = CARTESIAN_POINT ( 'NONE',  ( -0.3980708661417323158, 0.01999999999999999001, 0.05118110236220458492 ) ) ;
#1589 = CARTESIAN_POINT ( 'NONE',  ( 0.1596456692913385822, 0.3015748031496062187, -0.09303263377995586725 ) ) ;
#1590 = CARTESIAN_POINT ( 'NONE',  ( -0.3484251968503935815, 0.3917322834645668994, -0.3799212598425196763 ) ) ;
#1591 = CIRCLE ( 'NONE', #2567, 0.4298425196850393371 ) ;
#1592 = SPHERICAL_SURFACE ( 'NONE', #4714, 0.03937007874015747977 ) ;
#1593 = CARTESIAN_POINT ( 'NONE',  ( -0.3193362139956500423, 0.2635979026362854638, 0.4533992061216340907 ) ) ;
#1594 = EDGE_CURVE ( 'NONE', #1741, #6772, #3523, .T. ) ;
#1595 = AXIS2_PLACEMENT_3D ( 'NONE', #4091, #4601, #6881 ) ;
#1596 = ORIENTED_EDGE ( 'NONE', *, *, #3123, .F. ) ;
#1597 = FILL_AREA_STYLE ('',( #6800 ) ) ;
#1598 = ORIENTED_EDGE ( 'NONE', *, *, #2863, .T. ) ;
#1599 = CARTESIAN_POINT ( 'NONE',  ( -0.2736405827105305999, 0.4015748031496062520, 0.3248031496062991907 ) ) ;
#1600 = ORIENTED_EDGE ( 'NONE', *, *, #2442, .T. ) ;
#1601 = ADVANCED_FACE ( 'NONE', ( #782 ), #819, .T. ) ;
#1602 = FACE_OUTER_BOUND ( 'NONE', #3932, .T. ) ;
#1603 = AXIS2_PLACEMENT_3D ( 'NONE', #1589, #2083, #5493 ) ;
#1604 = CARTESIAN_POINT ( 'NONE',  ( 0.2087340609205521613, 0.2416535433070866601, 0.4606299212598424786 ) ) ;
#1605 = FACE_OUTER_BOUND ( 'NONE', #4723, .T. ) ;
#1606 = EDGE_CURVE ( 'NONE', #435, #3381, #7331, .T. ) ;
#1607 = CARTESIAN_POINT ( 'NONE',  ( -0.2601158228121032145, 0.2416535433070866601, 0.4606299212598424786 ) ) ;
#1608 = EDGE_CURVE ( 'NONE', #4126, #756, #7094, .T. ) ;
#1609 = EDGE_LOOP ( 'NONE', ( #5156, #6649, #4927, #5941 ) ) ;
#1610 = VECTOR ( 'NONE', #4785, 39.37007874015748854 ) ;
#1611 = ORIENTED_EDGE ( 'NONE', *, *, #4537, .T. ) ;
#1612 = EDGE_CURVE ( 'NONE', #3994, #2862, #4888, .T. ) ;
#1613 = CARTESIAN_POINT ( 'NONE',  ( -0.2505326743371041331, 0.000000000000000000, -0.4534870641169852501 ) ) ;
#1614 = ORIENTED_EDGE ( 'NONE', *, *, #1558, .F. ) ;
#1615 = CARTESIAN_POINT ( 'NONE',  ( -0.2978669291338577052, 0.2592271364358937902, 0.4606299212598424786 ) ) ;
#1616 = CARTESIAN_POINT ( 'NONE',  ( -0.3176091009733154613, 0.2653797792392907917, -0.4516720930993000094 ) ) ;
#1617 = ORIENTED_EDGE ( 'NONE', *, *, #6998, .T. ) ;
#1618 = ORIENTED_EDGE ( 'NONE', *, *, #863, .T. ) ;
#1619 = LINE ( 'NONE', #1058, #3643 ) ;
#1620 = DIRECTION ( 'NONE',  ( -0.3846363336743964800, 0.9230681940233442795, 0.000000000000000000 ) ) ;
#1621 = CARTESIAN_POINT ( 'NONE',  ( -0.2541446071410121132, 0.2576625423673991611, -0.4506904696125322851 ) ) ;
#1622 = ORIENTED_EDGE ( 'NONE', *, *, #5027, .F. ) ;
#1623 = CARTESIAN_POINT ( 'NONE',  ( -0.2726725254360707895, 0.2716535433070866867, 0.4306299212598424520 ) ) ;
#1624 = DIRECTION ( 'NONE',  ( 0.000000000000000000, 1.000000000000000000, -7.661286097916305006E-43 ) ) ;
#1625 = DIRECTION ( 'NONE',  ( 1.000000000000000000, -1.121038771459853657E-44, -8.459571950149005536E-16 ) ) ;
#1626 = ORIENTED_EDGE ( 'NONE', *, *, #6271, .F. ) ;
#1627 = VECTOR ( 'NONE', #5580, 39.37007874015748143 ) ;
#1628 = SHAPE_DEFINITION_REPRESENTATION ( #913, #4654 ) ;
#1629 = ORIENTED_EDGE ( 'NONE', *, *, #1090, .F. ) ;
#1630 = CARTESIAN_POINT ( 'NONE',  ( 0.3484251968503935815, 0.3858267716535432323, -0.3937007874015749365 ) ) ;
#1631 = CARTESIAN_POINT ( 'NONE',  ( 0.4559778300884200775, 0.2416535433070866601, 0.3508954572730170751 ) ) ;
#1632 = DIRECTION ( 'NONE',  ( 0.000000000000000000, 0.000000000000000000, 1.000000000000000000 ) ) ;
#1633 = LINE ( 'NONE', #5533, #6976 ) ;
#1634 = DIRECTION ( 'NONE',  ( -0.9288767401698617698, -0.3703889868387169604, 0.000000000000000000 ) ) ;
#1635 = ORIENTED_EDGE ( 'NONE', *, *, #1696, .F. ) ;
#1636 =( CONVERSION_BASED_UNIT ( 'INCH', #6208 ) LENGTH_UNIT ( ) NAMED_UNIT ( #4221 ) );
#1637 = EDGE_LOOP ( 'NONE', ( #5159, #7247, #1056, #2721 ) ) ;
#1638 = EDGE_CURVE ( 'NONE', #3954, #6954, #6056, .T. ) ;
#1639 = ORIENTED_EDGE ( 'NONE', *, *, #2303, .F. ) ;
#1640 = CARTESIAN_POINT ( 'NONE',  ( -0.4295669291338582996, 0.000000000000000000, 0.08999999999999999667 ) ) ;
#1641 = CARTESIAN_POINT ( 'NONE',  ( -0.4193062885808970797, 0.2716535433070866312, -0.08999999999999994116 ) ) ;
#1642 = VECTOR ( 'NONE', #3141, 39.37007874015748143 ) ;
#1643 = PLANE ( 'NONE',  #4686 ) ;
#1644 = FACE_OUTER_BOUND ( 'NONE', #6688, .T. ) ;
#1645 = CARTESIAN_POINT ( 'NONE',  ( -5.098415151811835546E-17, 0.3917322834645668994, -0.3799212598425197873 ) ) ;
#1646 = ORIENTED_EDGE ( 'NONE', *, *, #5951, .T. ) ;
#1647 = VECTOR ( 'NONE', #5229, 39.37007874015748143 ) ;
#1648 = CARTESIAN_POINT ( 'NONE',  ( 0.3484251968503935815, 0.3858267716535432323, -0.3877952755905513804 ) ) ;
#1649 = EDGE_CURVE ( 'NONE', #6017, #3430, #7275, .T. ) ;
#1650 = VECTOR ( 'NONE', #2383, 39.37007874015748143 ) ;
#1651 = CARTESIAN_POINT ( 'NONE',  ( -0.2557781687699181572, 0.2604546362163261963, 0.4493309991355730615 ) ) ;
#1652 = ORIENTED_EDGE ( 'NONE', *, *, #5938, .T. ) ;
#1653 = FACE_OUTER_BOUND ( 'NONE', #3467, .T. ) ;
#1654 = CIRCLE ( 'NONE', #3338, 0.003937007874015741038 ) ;
#1655 = EDGE_CURVE ( 'NONE', #3917, #564, #473, .T. ) ;
#1656 = ORIENTED_EDGE ( 'NONE', *, *, #2715, .F. ) ;
#1657 = ADVANCED_FACE ( 'NONE', ( #392 ), #1479, .F. ) ;
#1658 = ORIENTED_EDGE ( 'NONE', *, *, #3496, .T. ) ;
#1659 = EDGE_CURVE ( 'NONE', #1862, #6370, #1811, .T. ) ;
#1660 = DIRECTION ( 'NONE',  ( -3.396661351562978405E-15, 1.000000000000000000, 4.852373359375683435E-16 ) ) ;
#1661 = VECTOR ( 'NONE', #5163, 39.37007874015748143 ) ;
#1662 = ORIENTED_EDGE ( 'NONE', *, *, #3585, .T. ) ;
#1663 = CARTESIAN_POINT ( 'NONE',  ( 0.1596456692913385822, 0.3745673898465213814, 0.01683623137732593103 ) ) ;
#1664 = CARTESIAN_POINT ( 'NONE',  ( -0.4704724409448826639, 0.1102362204724409017, 0.2211412322089675586 ) ) ;
#1665 = DIRECTION ( 'NONE',  ( -0.000000000000000000, 0.000000000000000000, -1.000000000000000000 ) ) ;
#1666 = ORIENTED_EDGE ( 'NONE', *, *, #4892, .T. ) ;
#1667 = APPLICATION_PROTOCOL_DEFINITION ( 'draft international standard', 'automotive_design', 1998, #5603 ) ;
#1668 = ORIENTED_EDGE ( 'NONE', *, *, #6608, .T. ) ;
#1669 = CARTESIAN_POINT ( 'NONE',  ( -0.2403543307086613845, 0.3033398936683191494, -0.08988975328832256306 ) ) ;
#1670 = FACE_OUTER_BOUND ( 'NONE', #4336, .T. ) ;
#1671 = CARTESIAN_POINT ( 'NONE',  ( 0.4269494753157545008, 0.2516535433070866690, -0.3584687405235139623 ) ) ;
#1672 = DIRECTION ( 'NONE',  ( -0.000000000000000000, -0.000000000000000000, -1.000000000000000000 ) ) ;
#1673 = DIRECTION ( 'NONE',  ( 0.000000000000000000, 7.661286097916301820E-43, 1.000000000000000000 ) ) ;
#1674 = AXIS2_PLACEMENT_3D ( 'NONE', #4818, #3752, #289 ) ;
#1675 = ORIENTED_EDGE ( 'NONE', *, *, #4098, .F. ) ;
#1676 = ORIENTED_EDGE ( 'NONE', *, *, #2946, .T. ) ;
#1677 = DIRECTION ( 'NONE',  ( 0.000000000000000000, 0.000000000000000000, 1.000000000000000000 ) ) ;
#1678 = ORIENTED_EDGE ( 'NONE', *, *, #5535, .F. ) ;
#1679 = DIRECTION ( 'NONE',  ( -0.000000000000000000, -0.4896753169007020956, -0.8719048594991295476 ) ) ;
#1680 = DIRECTION ( 'NONE',  ( -1.000000000000000000, 0.000000000000000000, 0.000000000000000000 ) ) ;
#1681 = CYLINDRICAL_SURFACE ( 'NONE', #707, 0.01968503937007875723 ) ;
#1682 = AXIS2_PLACEMENT_3D ( 'NONE', #7075, #1915, #5893 ) ;
#1683 = DIRECTION ( 'NONE',  ( -0.000000000000000000, 7.661286097916305006E-43, 1.000000000000000000 ) ) ;
#1684 = PLANE ( 'NONE',  #4170 ) ;
#1685 = CARTESIAN_POINT ( 'NONE',  ( 0.3487518205591552123, 0.000000000000000000, -0.4596850393700789850 ) ) ;
#1686 = ORIENTED_EDGE ( 'NONE', *, *, #2630, .T. ) ;
#1687 = AXIS2_PLACEMENT_3D ( 'NONE', #4210, #132, #1332 ) ;
#1688 = EDGE_LOOP ( 'NONE', ( #4279, #5081, #7019, #6572 ) ) ;
#1689 = VECTOR ( 'NONE', #3594, 39.37007874015748143 ) ;
#1690 = PLANE ( 'NONE',  #3840 ) ;
#1691 = DIRECTION ( 'NONE',  ( 0.000000000000000000, 0.000000000000000000, -1.000000000000000000 ) ) ;
#1692 = EDGE_LOOP ( 'NONE', ( #3828, #220, #6630, #6044 ) ) ;
#1693 = CARTESIAN_POINT ( 'NONE',  ( -0.2973284515027730390, 0.2716535433070866312, 0.4482035143886496931 ) ) ;
#1694 = AXIS2_PLACEMENT_3D ( 'NONE', #5389, #208, #2515 ) ;
#1695 = DIRECTION ( 'NONE',  ( -0.000000000000000000, -0.000000000000000000, -1.000000000000000000 ) ) ;
#1696 = EDGE_CURVE ( 'NONE', #3873, #2837, #4444, .T. ) ;
#1697 = ORIENTED_EDGE ( 'NONE', *, *, #6568, .T. ) ;
#1698 = ORIENTED_EDGE ( 'NONE', *, *, #2490, .F. ) ;
#1699 = FACE_OUTER_BOUND ( 'NONE', #1713, .T. ) ;
#1700 = EDGE_CURVE ( 'NONE', #1578, #6334, #998, .T. ) ;
#1701 = ORIENTED_EDGE ( 'NONE', *, *, #7391, .T. ) ;
#1702 = DIRECTION ( 'NONE',  ( -3.396661351562978405E-15, -1.000000000000000000, 0.000000000000000000 ) ) ;
#1703 = CARTESIAN_POINT ( 'NONE',  ( -0.2026169319621086151, 0.2716535433070866312, 0.4534870641169853611 ) ) ;
#1704 = EDGE_CURVE ( 'NONE', #6030, #115, #5042, .T. ) ;
#1705 = EDGE_CURVE ( 'NONE', #6706, #2728, #3380, .T. ) ;
#1706 = ORIENTED_EDGE ( 'NONE', *, *, #6082, .T. ) ;
#1707 = DIRECTION ( 'NONE',  ( -0.000000000000000000, 0.000000000000000000, -1.000000000000000000 ) ) ;
#1708 = EDGE_CURVE ( 'NONE', #587, #6836, #354, .T. ) ;
#1709 = CARTESIAN_POINT ( 'NONE',  ( 0.4547244094488190891, 0.2364576930623795148, -0.2054993803149607612 ) ) ;
#1710 = CARTESIAN_POINT ( 'NONE',  ( 0.2736405827105305999, 0.3917322834645668994, 0.3248031496062991907 ) ) ;
#1711 = CARTESIAN_POINT ( 'NONE',  ( -0.3004944032656726161, 0.2716535433070865757, 0.4308001118055543865 ) ) ;
#1712 = EDGE_LOOP ( 'NONE', ( #1167, #4311, #6861, #4756 ) ) ;
#1713 = EDGE_LOOP ( 'NONE', ( #3387, #2491, #4908, #2568, #5523, #4965, #4353, #2987 ) ) ;
#1714 = ORIENTED_EDGE ( 'NONE', *, *, #6526, .T. ) ;
#1715 = DIRECTION ( 'NONE',  ( 0.000000000000000000, 1.000000000000000000, 4.852373359375687380E-16 ) ) ;
#1716 = VECTOR ( 'NONE', #5944, 39.37007874015748143 ) ;
#1717 = CYLINDRICAL_SURFACE ( 'NONE', #1595, 0.03090551181102361641 ) ;
#1718 = DIRECTION ( 'NONE',  ( -1.000000000000000000, -3.396661351562978405E-15, -1.141265444721584004E-16 ) ) ;
#1719 = DIRECTION ( 'NONE',  ( 0.000000000000000000, -3.491481338843132961E-15, 1.000000000000000000 ) ) ;
#1720 = VECTOR ( 'NONE', #5427, 39.37007874015748143 ) ;
#1721 = CYLINDRICAL_SURFACE ( 'NONE', #1041, 0.08500000000000004774 ) ;
#1722 = ORIENTED_EDGE ( 'NONE', *, *, #1557, .T. ) ;
#1723 = VECTOR ( 'NONE', #2779, 39.37007874015748143 ) ;
#1724 = AXIS2_PLACEMENT_3D ( 'NONE', #5646, #2608, #4914 ) ;
#1725 = CARTESIAN_POINT ( 'NONE',  ( -0.1930337834871094782, 0.2416535433070866601, 0.4606299212598424786 ) ) ;
#1726 = CARTESIAN_POINT ( 'NONE',  ( 0.3386220472440941154, 0.02000000000000002470, -0.05118110236220477227 ) ) ;
#1727 = CIRCLE ( 'NONE', #5352, 0.01968503937007889601 ) ;
#1728 = ORIENTED_EDGE ( 'NONE', *, *, #184, .T. ) ;
#1729 = AXIS2_PLACEMENT_3D ( 'NONE', #534, #2968, #3571 ) ;
#1730 = APPLICATION_CONTEXT ( 'automotive_design' ) ;
#1731 = EDGE_LOOP ( 'NONE', ( #6963, #4515, #2986, #5195 ) ) ;
#1732 = ADVANCED_FACE ( 'NONE', ( #4407 ), #2159, .T. ) ;
#1733 = CARTESIAN_POINT ( 'NONE',  ( 0.4507874015748029595, 0.3818897637795276023, 0.2185039370078739329 ) ) ;
#1734 = ORIENTED_EDGE ( 'NONE', *, *, #2990, .T. ) ;
#1735 = AXIS2_PLACEMENT_3D ( 'NONE', #7431, #2363, #5160 ) ;
#1736 = CARTESIAN_POINT ( 'NONE',  ( 0.4704724409448826639, 0.1102362204724409017, -0.03975134881889921118 ) ) ;
#1737 = CARTESIAN_POINT ( 'NONE',  ( -0.3265669291338584856, 0.2716535433070866312, 0.3511974678401353356 ) ) ;
#1738 = ADVANCED_FACE ( 'NONE', ( #3824 ), #2768, .F. ) ;
#1739 = CIRCLE ( 'NONE', #418, 0.02165354330708662081 ) ;
#1740 = ADVANCED_FACE ( 'NONE', ( #4592 ), #5191, .T. ) ;
#1741 = VERTEX_POINT ( 'NONE', #6420 ) ;
#1742 = ADVANCED_FACE ( 'NONE', ( #4732 ), #6524, .T. ) ;
#1743 = DIRECTION ( 'NONE',  ( 0.9676118257555246238, 0.000000000000000000, -0.2524427750165578743 ) ) ;
#1744 = DIRECTION ( 'NONE',  ( 1.000000000000000000, 0.000000000000000000, 0.000000000000000000 ) ) ;
#1745 = DIRECTION ( 'NONE',  ( 1.000000000000000000, -3.396661351562978405E-15, -1.141265444721584004E-16 ) ) ;
#1746 = CYLINDRICAL_SURFACE ( 'NONE', #7090, 0.6496062992125984925 ) ;
#1747 = EDGE_CURVE ( 'NONE', #4266, #3344, #694, .T. ) ;
#1748 = ORIENTED_EDGE ( 'NONE', *, *, #7132, .F. ) ;
#1749 = ORIENTED_EDGE ( 'NONE', *, *, #2105, .F. ) ;
#1750 = EDGE_CURVE ( 'NONE', #1169, #4262, #196, .T. ) ;
#1751 = VERTEX_POINT ( 'NONE', #5973 ) ;
#1752 = EDGE_CURVE ( 'NONE', #3166, #6148, #2472, .T. ) ;
#1753 = CARTESIAN_POINT ( 'NONE',  ( -0.2265748031496063741, 0.2716535433070866312, 0.4606299212598424786 ) ) ;
#1754 = DIRECTION ( 'NONE',  ( -1.000000000000000000, 3.396661351562978405E-15, 1.141265444721584004E-16 ) ) ;
#1755 = PLANE ( 'NONE',  #6529 ) ;
#1756 = CARTESIAN_POINT ( 'NONE',  ( -0.2505326743371041331, 0.2416535433070866601, 0.4534870641169853056 ) ) ;
#1757 = CARTESIAN_POINT ( 'NONE',  ( -0.4613299533447856038, 0.09477963595631162808, 0.02205967480314803206 ) ) ;
#1758 = CARTESIAN_POINT ( 'NONE',  ( 0.3818809286427813365, 0.02000000000000002470, -0.05118110236220476533 ) ) ;
#1759 = DIRECTION ( 'NONE',  ( -1.141265444721584004E-16, 3.876492227960139089E-31, -1.000000000000000000 ) ) ;
#1760 = SURFACE_STYLE_USAGE ( .BOTH. , #6395 ) ;
#1761 = ORIENTED_EDGE ( 'NONE', *, *, #3496, .F. ) ;
#1762 = VECTOR ( 'NONE', #4852, 39.37007874015748143 ) ;
#1763 = EDGE_LOOP ( 'NONE', ( #3488, #736, #2203, #2428 ) ) ;
#1764 = DIRECTION ( 'NONE',  ( -0.000000000000000000, -7.661286097916305006E-43, -1.000000000000000000 ) ) ;
#1765 = DIRECTION ( 'NONE',  ( 0.000000000000000000, 0.000000000000000000, -1.000000000000000000 ) ) ;
#1766 = DIRECTION ( 'NONE',  ( 3.396661351562978405E-15, -1.000000000000000000, -6.065466699219604294E-16 ) ) ;
#1767 = VECTOR ( 'NONE', #5411, 39.37007874015748143 ) ;
#1768 = VECTOR ( 'NONE', #7103, 39.37007874015748143 ) ;
#1769 = ORIENTED_EDGE ( 'NONE', *, *, #6037, .T. ) ;
#1770 = ORIENTED_EDGE ( 'NONE', *, *, #417, .F. ) ;
#1771 = DIRECTION ( 'NONE',  ( -0.9230681940233448346, -0.3846363336743951478, 0.000000000000000000 ) ) ;
#1772 = VERTEX_POINT ( 'NONE', #3705 ) ;
#1773 = CARTESIAN_POINT ( 'NONE',  ( -0.1663668302556448320, 0.2516535433070866690, -0.4006299212598424808 ) ) ;
#1774 = AXIS2_PLACEMENT_3D ( 'NONE', #6175, #363, #2657 ) ;
#1775 = ORIENTED_EDGE ( 'NONE', *, *, #2800, .F. ) ;
#1776 = CARTESIAN_POINT ( 'NONE',  ( 0.2440578170120948631, 0.3917322834645668994, 0.3977748727163932796 ) ) ;
#1777 = CARTESIAN_POINT ( 'NONE',  ( 0.3386220472440941154, 0.02000000000000002470, -0.05118110236220477227 ) ) ;
#1778 = CARTESIAN_POINT ( 'NONE',  ( 0.3484251968503935815, 0.4015748031496062520, -0.3799212598425196763 ) ) ;
#1779 = DIRECTION ( 'NONE',  ( 0.000000000000000000, 1.000000000000000000, 0.000000000000000000 ) ) ;
#1780 = VECTOR ( 'NONE', #5775, 39.37007874015748143 ) ;
#1781 = ADVANCED_FACE ( 'NONE', ( #236 ), #4843, .F. ) ;
#1782 = ORIENTED_EDGE ( 'NONE', *, *, #5850, .F. ) ;
#1783 = VERTEX_POINT ( 'NONE', #3172 ) ;
#1784 = ORIENTED_EDGE ( 'NONE', *, *, #324, .F. ) ;
#1785 = CARTESIAN_POINT ( 'NONE',  ( 0.2403543307086613845, 0.3745673898465213814, 0.01683623137732595879 ) ) ;
#1786 = CARTESIAN_POINT ( 'NONE',  ( -0.2726725254360719553, 0.2716535433070866312, -0.4306299212598441728 ) ) ;
#1787 = CARTESIAN_POINT ( 'NONE',  ( -0.1594488188976382059, 0.3917322834645668994, 0.01733885147051736700 ) ) ;
#1788 = EDGE_CURVE ( 'NONE', #6098, #5460, #2532, .T. ) ;
#1789 = DIRECTION ( 'NONE',  ( 1.000000000000000000, 0.000000000000000000, -0.000000000000000000 ) ) ;
#1790 = LINE ( 'NONE', #1220, #6450 ) ;
#1791 = EDGE_CURVE ( 'NONE', #759, #2654, #2033, .T. ) ;
#1792 = EDGE_CURVE ( 'NONE', #1751, #3194, #882, .T. ) ;
#1793 = ORIENTED_EDGE ( 'NONE', *, *, #6277, .F. ) ;
#1794 = DIRECTION ( 'NONE',  ( 0.000000000000000000, -7.661286097916305006E-43, -1.000000000000000000 ) ) ;
#1795 = VERTEX_POINT ( 'NONE', #1583 ) ;
#1796 = AXIS2_PLACEMENT_3D ( 'NONE', #531, #2295, #1163 ) ;
#1797 = CARTESIAN_POINT ( 'NONE',  ( -0.4606299212598433113, 0.09918119350236434539, -0.03975134881889921118 ) ) ;
#1798 = DIRECTION ( 'NONE',  ( 0.000000000000000000, 0.000000000000000000, 1.000000000000000000 ) ) ;
#1799 = EDGE_CURVE ( 'NONE', #3873, #437, #6123, .T. ) ;
#1800 = CARTESIAN_POINT ( 'NONE',  ( 0.1596456692913385822, 0.3745673898465213814, 0.01683623137732595879 ) ) ;
#1801 = DIRECTION ( 'NONE',  ( -1.000000000000000000, 0.000000000000000000, 0.000000000000000000 ) ) ;
#1802 = CARTESIAN_POINT ( 'NONE',  ( 0.4890567467915251654, 0.04917272174909721044, -0.03975134881889921118 ) ) ;
#1803 = VECTOR ( 'NONE', #3665, 39.37007874015748143 ) ;
#1804 = EDGE_LOOP ( 'NONE', ( #5702, #2760, #5268 ) ) ;
#1805 = VECTOR ( 'NONE', #2003, 39.37007874015748143 ) ;
#1806 = EDGE_LOOP ( 'NONE', ( #6096, #4187, #6432, #3197, #1470, #2970 ) ) ;
#1808 = LINE ( 'NONE', #4005, #1198 ) ;
#1807 = CIRCLE ( 'NONE', #3241, 0.4598425196850393637 ) ;
#1809 = VERTEX_POINT ( 'NONE', #2115 ) ;
#1810 = DIRECTION ( 'NONE',  ( 0.000000000000000000, -7.661286097916305006E-43, 1.000000000000000000 ) ) ;
#1811 = CIRCLE ( 'NONE', #6034, 0.03090551181102363376 ) ;
#1812 = CARTESIAN_POINT ( 'NONE',  ( -0.2601158228121032145, 0.2416535433070866601, -0.4606299212598424786 ) ) ;
#1813 = CARTESIAN_POINT ( 'NONE',  ( -0.2403543307086613845, 0.3874695894742131164, 0.04271990732687902526 ) ) ;
#1814 = CARTESIAN_POINT ( 'NONE',  ( -0.4291338582677163838, 0.3917322834645668994, -0.3799212598425196763 ) ) ;
#1815 = ORIENTED_EDGE ( 'NONE', *, *, #2895, .F. ) ;
#1816 = ORIENTED_EDGE ( 'NONE', *, *, #1704, .T. ) ;
#1817 = VERTEX_POINT ( 'NONE', #4436 ) ;
#1818 = CARTESIAN_POINT ( 'NONE',  ( 0.1596456692913385822, 0.3659856491034197412, 0.02165587032319897520 ) ) ;
#1819 = DIRECTION ( 'NONE',  ( 0.000000000000000000, 1.000000000000000000, 0.000000000000000000 ) ) ;
#1820 = CARTESIAN_POINT ( 'NONE',  ( -0.4879966628509019855, 0.04387261478901692546, -0.03975134881889921118 ) ) ;
#1821 = ADVANCED_FACE ( 'NONE', ( #5068 ), #3281, .F. ) ;
#1822 = DIRECTION ( 'NONE',  ( 1.000000000000000000, 0.000000000000000000, -2.710505431213761085E-16 ) ) ;
#1823 = LINE ( 'NONE', #4209, #3248 ) ;
#1824 = CARTESIAN_POINT ( 'NONE',  ( 0.3487518205591552123, 0.2716535433070866312, -0.3788699307953760642 ) ) ;
#1825 = CARTESIAN_POINT ( 'NONE',  ( -0.2665669291338584879, 0.2716535433070866312, -0.3856257223156519531 ) ) ;
#1826 = ORIENTED_EDGE ( 'NONE', *, *, #1566, .F. ) ;
#1827 = VECTOR ( 'NONE', #2157, 39.37007874015748143 ) ;
#1828 = ADVANCED_FACE ( 'NONE', ( #1204 ), #46, .F. ) ;
#1829 = DIRECTION ( 'NONE',  ( 3.396661351562978405E-15, -1.000000000000000000, -2.890305043900352215E-32 ) ) ;
#1830 = PLANE ( 'NONE',  #1464 ) ;
#1831 = EDGE_CURVE ( 'NONE', #5604, #4786, #9, .T. ) ;
#1832 = VECTOR ( 'NONE', #6993, 39.37007874015748143 ) ;
#1833 = DIRECTION ( 'NONE',  ( 0.000000000000000000, -7.661286097916305006E-43, -1.000000000000000000 ) ) ;
#1834 = EDGE_CURVE ( 'NONE', #2144, #5460, #2272, .T. ) ;
#1835 = LINE ( 'NONE', #3567, #5238 ) ;
#1836 = CARTESIAN_POINT ( 'NONE',  ( -0.2670270665102031926, 0.2688466405238212342, 0.4454726370332439123 ) ) ;
#1837 = CARTESIAN_POINT ( 'NONE',  ( 0.4291338582677163838, 0.3917322834645668994, -0.3799212598425196763 ) ) ;
#1838 = AXIS2_PLACEMENT_3D ( 'NONE', #4312, #3203, #4952 ) ;
#1839 = FACE_OUTER_BOUND ( 'NONE', #2127, .T. ) ;
#1840 = AXIS2_PLACEMENT_3D ( 'NONE', #775, #4244, #1365 ) ;
#1841 = EDGE_CURVE ( 'NONE', #4786, #4326, #3236, .T. ) ;
#1842 = EDGE_LOOP ( 'NONE', ( #5327, #6272, #6921, #1775 ) ) ;
#1843 = FACE_OUTER_BOUND ( 'NONE', #1105, .T. ) ;
#1844 = ORIENTED_EDGE ( 'NONE', *, *, #4201, .T. ) ;
#1845 = CIRCLE ( 'NONE', #4637, 0.03000000000000001971 ) ;
#1846 = CARTESIAN_POINT ( 'NONE',  ( -0.2265748031496063741, 0.000000000000000000, 0.4356299212598424564 ) ) ;
#1847 = LINE ( 'NONE', #4155, #3000 ) ;
#1848 = CARTESIAN_POINT ( 'NONE',  ( -0.3980708661417322602, 0.000000000000000000, -0.05118110236220477227 ) ) ;
#1849 = DIRECTION ( 'NONE',  ( 0.000000000000000000, -1.000000000000000000, -7.661286097916305006E-43 ) ) ;
#1850 = LINE ( 'NONE', #6489, #6412 ) ;
#1851 = DIRECTION ( 'NONE',  ( 1.141265444721579813E-16, -1.224646799147357151E-16, 1.000000000000000000 ) ) ;
#1852 = CARTESIAN_POINT ( 'NONE',  ( -0.4789113459805934836, 0.04765840547478853578, 0.02205967480314803206 ) ) ;
#1853 = EDGE_LOOP ( 'NONE', ( #3688, #3383, #3881 ) ) ;
#1854 = ORIENTED_EDGE ( 'NONE', *, *, #5393, .T. ) ;
#1855 = ORIENTED_EDGE ( 'NONE', *, *, #5172, .T. ) ;
#1856 = DIRECTION ( 'NONE',  ( -1.000000000000000000, 0.000000000000000000, 0.000000000000000000 ) ) ;
#1857 = DIRECTION ( 'NONE',  ( 0.000000000000000000, -1.000000000000000000, -7.661286097916305006E-43 ) ) ;
#1858 = DIRECTION ( 'NONE',  ( 0.000000000000000000, 0.000000000000000000, -1.000000000000000000 ) ) ;
#1859 = DIRECTION ( 'NONE',  ( 0.000000000000000000, 0.000000000000000000, 1.000000000000000000 ) ) ;
#1860 = CARTESIAN_POINT ( 'NONE',  ( -0.2026169319621086151, 0.000000000000000000, 0.4534870641169853611 ) ) ;
#1861 = CARTESIAN_POINT ( 'NONE',  ( 0.4704724409448817757, 0.3917322834645669549, -0.3799212598425195653 ) ) ;
#1862 = VERTEX_POINT ( 'NONE', #3506 ) ;
#1863 = EDGE_CURVE ( 'NONE', #5657, #4067, #7338, .T. ) ;
#1864 = CARTESIAN_POINT ( 'NONE',  ( 0.4507874015748029595, 0.3818897637795276023, 0.2185039370078739329 ) ) ;
#1865 = ORIENTED_EDGE ( 'NONE', *, *, #2151, .T. ) ;
#1866 = DIRECTION ( 'NONE',  ( -2.587319586713973550E-15, -1.000000000000000000, 0.000000000000000000 ) ) ;
#1867 = LINE ( 'NONE', #6612, #941 ) ;
#1868 = CARTESIAN_POINT ( 'NONE',  ( 0.3083442662718037797, 6.829619984160658046E-17, 0.4488578678306663905 ) ) ;
#1869 = DIRECTION ( 'NONE',  ( 0.000000000000000000, 0.000000000000000000, -1.000000000000000000 ) ) ;
#1870 = CARTESIAN_POINT ( 'NONE',  ( -0.3265669291338584856, 0.2416535433070866601, -0.3511974678401351690 ) ) ;
#1871 = CARTESIAN_POINT ( 'NONE',  ( -0.2978669291338584824, 0.2416535433070866601, -0.4606299212598424786 ) ) ;
#1872 = AXIS2_PLACEMENT_3D ( 'NONE', #3300, #3832, #2097 ) ;
#1873 = ADVANCED_FACE ( 'NONE', ( #5181 ), #4619, .F. ) ;
#1874 = ORIENTED_EDGE ( 'NONE', *, *, #932, .T. ) ;
#1875 = AXIS2_PLACEMENT_3D ( 'NONE', #2392, #5766, #3440 ) ;
#1876 = EDGE_LOOP ( 'NONE', ( #290, #643, #6901, #395, #4447, #3706 ) ) ;
#1877 = VECTOR ( 'NONE', #1263, 39.37007874015748143 ) ;
#1878 = EDGE_CURVE ( 'NONE', #2016, #2598, #2885, .T. ) ;
#1879 = DIRECTION ( 'NONE',  ( 0.000000000000000000, -0.000000000000000000, 1.000000000000000000 ) ) ;
#1880 = LINE ( 'NONE', #4194, #6145 ) ;
#1881 = ADVANCED_FACE ( 'NONE', ( #1277 ), #3697, .F. ) ;
#1882 = ADVANCED_FACE ( 'NONE', ( #3089 ), #6002, .T. ) ;
#1883 = LINE ( 'NONE', #1317, #7007 ) ;
#1884 = AXIS2_PLACEMENT_3D ( 'NONE', #4115, #6407, #5820 ) ;
#1885 = DIRECTION ( 'NONE',  ( 0.000000000000000000, 7.661286097916305006E-43, 1.000000000000000000 ) ) ;
#1886 = FACE_OUTER_BOUND ( 'NONE', #2741, .T. ) ;
#1887 = CARTESIAN_POINT ( 'NONE',  ( 0.3386220472440941709, 0.01999999999999999001, 0.05118110236220458492 ) ) ;
#1888 = CARTESIAN_POINT ( 'NONE',  ( 0.4507874015748029595, 0.3818897637795276023, -0.3799212598425195653 ) ) ;
#1889 = CARTESIAN_POINT ( 'NONE',  ( -0.2403543307086613845, 0.3745673898465213814, 0.01683623137732595879 ) ) ;
#1890 = AXIS2_PLACEMENT_3D ( 'NONE', #3605, #3002, #1903 ) ;
#1891 = ORIENTED_EDGE ( 'NONE', *, *, #3722, .T. ) ;
#1892 = EDGE_LOOP ( 'NONE', ( #7137, #2980, #6762, #7412 ) ) ;
#1893 = FACE_OUTER_BOUND ( 'NONE', #2173, .T. ) ;
#1894 = CARTESIAN_POINT ( 'NONE',  ( 0.4507874015748030150, 0.3917322834645668994, 0.2185039370078739884 ) ) ;
#1895 = CARTESIAN_POINT ( 'NONE',  ( 0.3484251968503935815, 0.3015748031496062187, -0.4035433070866146221 ) ) ;
#1896 = CARTESIAN_POINT ( 'NONE',  ( 1.800958267888598696, 0.2516535433070866690, 0.000000000000000000 ) ) ;
#1897 = DIRECTION ( 'NONE',  ( -0.3846363336743964800, 0.9230681940233442795, 0.000000000000000000 ) ) ;
#1898 = FACE_OUTER_BOUND ( 'NONE', #3694, .T. ) ;
#1899 = CARTESIAN_POINT ( 'NONE',  ( -0.3484251968503935815, 0.3858267716535432323, -0.3937007874015749365 ) ) ;
#1900 = ORIENTED_EDGE ( 'NONE', *, *, #4110, .T. ) ;
#1901 = ORIENTED_EDGE ( 'NONE', *, *, #5255, .T. ) ;
#1902 = DIRECTION ( 'NONE',  ( -1.000000000000000000, 0.000000000000000000, 5.542458384320307220E-16 ) ) ;
#1903 = DIRECTION ( 'NONE',  ( -1.000000000000000000, -2.668966447755237433E-15, 0.000000000000000000 ) ) ;
#1904 = DIRECTION ( 'NONE',  ( -1.000000000000000000, -3.396661351562978405E-15, -1.141265444721584004E-16 ) ) ;
#1905 = LINE ( 'NONE', #5322, #4280 ) ;
#1906 = CARTESIAN_POINT ( 'NONE',  ( -0.1596456692913385822, 0.3033398936683191494, -0.08988975328832256306 ) ) ;
#1907 = EDGE_LOOP ( 'NONE', ( #6310, #6481, #6161, #4020 ) ) ;
#1908 = ORIENTED_EDGE ( 'NONE', *, *, #1966, .F. ) ;
#1909 = LINE ( 'NONE', #7108, #3701 ) ;
#1910 = CARTESIAN_POINT ( 'NONE',  ( -0.4295669291338582441, 0.000000000000000000, -0.05118110236220476533 ) ) ;
#1911 = ORIENTED_EDGE ( 'NONE', *, *, #1659, .F. ) ;
#1912 = EDGE_CURVE ( 'NONE', #115, #3983, #4587, .T. ) ;
#1913 = VECTOR ( 'NONE', #1508, 39.37007874015748143 ) ;
#1914 = CARTESIAN_POINT ( 'NONE',  ( -0.1663668302556448320, 0.2116535433070866334, -0.4006299212598424808 ) ) ;
#1915 = DIRECTION ( 'NONE',  ( -0.000000000000000000, -1.000000000000000000, -7.661286097916305006E-43 ) ) ;
#1916 = EDGE_CURVE ( 'NONE', #5788, #2089, #3544, .T. ) ;
#1917 = CIRCLE ( 'NONE', #3731, 0.08081510857470307341 ) ;
#1918 = VERTEX_POINT ( 'NONE', #2467 ) ;
#1919 = VECTOR ( 'NONE', #2685, 39.37007874015748143 ) ;
#1920 = DIRECTION ( 'NONE',  ( 0.000000000000000000, -0.000000000000000000, -1.000000000000000000 ) ) ;
#1921 = ADVANCED_FACE ( 'NONE', ( #5967 ), #2978, .T. ) ;
#1922 = DIRECTION ( 'NONE',  ( 0.4999999999999943934, 0.000000000000000000, 0.8660254037844418162 ) ) ;
#1923 = EDGE_CURVE ( 'NONE', #404, #2002, #2535, .T. ) ;
#1924 = DIRECTION ( 'NONE',  ( 0.000000000000000000, 0.000000000000000000, -1.000000000000000000 ) ) ;
#1925 = CARTESIAN_POINT ( 'NONE',  ( 0.4752772192324700717, 0.04917272174909721044, 0.02205967480314803206 ) ) ;
#1926 = COLOUR_RGB ( '',1.000000000000000000, 1.000000000000000000, 0.9058823529411764719 ) ;
#1927 = ORIENTED_EDGE ( 'NONE', *, *, #269, .F. ) ;
#1928 = VERTEX_POINT ( 'NONE', #801 ) ;
#1929 = CARTESIAN_POINT ( 'NONE',  ( -0.4291338582677163838, 0.3917322834645668994, -0.3799212598425196763 ) ) ;
#1930 = DIRECTION ( 'NONE',  ( 0.000000000000000000, -1.000000000000000000, 7.661286097916305006E-43 ) ) ;
#1931 = LINE ( 'NONE', #4703, #4985 ) ;
#1932 = CARTESIAN_POINT ( 'NONE',  ( -0.4707524537788596031, 0.09772296914473160845, -0.03975134881889921118 ) ) ;
#1933 = DIRECTION ( 'NONE',  ( 1.000000000000000000, 2.376534111578445229E-15, 0.000000000000000000 ) ) ;
#1934 = LINE ( 'NONE', #3102, #3369 ) ;
#1935 = FACE_BOUND ( 'NONE', #3244, .T. ) ;
#1936 = ORIENTED_EDGE ( 'NONE', *, *, #2345, .F. ) ;
#1937 = CARTESIAN_POINT ( 'NONE',  ( -0.3484251968503935815, 0.3917322834645669549, -0.4035433070866142891 ) ) ;
#1938 = DIRECTION ( 'NONE',  ( 1.000000000000000000, 0.000000000000000000, 1.652117596168386770E-15 ) ) ;
#1939 = ORIENTED_EDGE ( 'NONE', *, *, #2759, .F. ) ;
#1940 = LINE ( 'NONE', #4215, #1344 ) ;
#1941 = LINE ( 'NONE', #4258, #6000 ) ;
#1942 = DIRECTION ( 'NONE',  ( 0.000000000000000000, -0.000000000000000000, -1.000000000000000000 ) ) ;
#1943 = DIRECTION ( 'NONE',  ( 1.000000000000000000, 0.000000000000000000, -0.000000000000000000 ) ) ;
#1944 = CARTESIAN_POINT ( 'NONE',  ( 0.4996656043679566506, 0.3818897637795276023, 0.2717052744913954210 ) ) ;
#1945 = VERTEX_POINT ( 'NONE', #5407 ) ;
#1946 = VECTOR ( 'NONE', #5639, 39.37007874015748143 ) ;
#1947 = ORIENTED_EDGE ( 'NONE', *, *, #961, .F. ) ;
#1948 = DIRECTION ( 'NONE',  ( -5.542458384320307220E-16, 8.066676200732877159E-43, 1.000000000000000000 ) ) ;
#1949 = VECTOR ( 'NONE', #1822, 39.37007874015748143 ) ;
#1950 = VERTEX_POINT ( 'NONE', #5292 ) ;
#1951 = DIRECTION ( 'NONE',  ( 0.000000000000000000, -1.000000000000000000, -7.661286097916305006E-43 ) ) ;
#1952 = AXIS2_PLACEMENT_3D ( 'NONE', #329, #5660, #6213 ) ;
#1953 = CARTESIAN_POINT ( 'NONE',  ( -0.4291338582677163838, 0.3015748031496062187, -0.4035433070866146221 ) ) ;
#1954 = EDGE_CURVE ( 'NONE', #3504, #5659, #2410, .T. ) ;
#1955 = CARTESIAN_POINT ( 'NONE',  ( -0.2405511811023622049, 0.3917322834645668994, -0.06045746635706857747 ) ) ;
#1956 = VECTOR ( 'NONE', #5456, 39.37007874015748143 ) ;
#1957 = DIRECTION ( 'NONE',  ( -1.141265444721584004E-16, -0.000000000000000000, -1.000000000000000000 ) ) ;
#1958 = CARTESIAN_POINT ( 'NONE',  ( -0.4606299212598433113, 0.09918119350236434539, 0.02205967480314803206 ) ) ;
#1959 = DIRECTION ( 'NONE',  ( 0.000000000000000000, 0.000000000000000000, -1.000000000000000000 ) ) ;
#1960 = DIRECTION ( 'NONE',  ( 0.000000000000000000, 1.000000000000000000, 7.661286097916305006E-43 ) ) ;
#1961 = EDGE_CURVE ( 'NONE', #2208, #981, #842, .T. ) ;
#1962 = VECTOR ( 'NONE', #216, 39.37007874015748143 ) ;
#1963 = ORIENTED_EDGE ( 'NONE', *, *, #680, .F. ) ;
#1964 = VECTOR ( 'NONE', #4183, 39.37007874015748143 ) ;
#1965 = EDGE_CURVE ( 'NONE', #1013, #2571, #1847, .T. ) ;
#1966 = EDGE_CURVE ( 'NONE', #3333, #3553, #1880, .T. ) ;
#1967 = VERTEX_POINT ( 'NONE', #6665 ) ;
#1968 = CARTESIAN_POINT ( 'NONE',  ( -0.2601158228121032145, 0.000000000000000000, 0.4606299212598424786 ) ) ;
#1969 = DIRECTION ( 'NONE',  ( 3.268319592420070148E-15, -1.000000000000000000, -5.028183988338569459E-16 ) ) ;
#1970 = CARTESIAN_POINT ( 'NONE',  ( -0.4606299212598433113, 0.1102362204724409017, 0.02205967480314803206 ) ) ;
#1971 = PLANE ( 'NONE',  #3011 ) ;
#1972 = CYLINDRICAL_SURFACE ( 'NONE', #4470, 0.08081510857470293463 ) ;
#1973 = LINE ( 'NONE', #7163, #1642 ) ;
#1974 = EDGE_CURVE ( 'NONE', #5464, #1809, #7200, .T. ) ;
#1975 = ORIENTED_EDGE ( 'NONE', *, *, #1054, .F. ) ;
#1976 = EDGE_CURVE ( 'NONE', #1559, #7201, #1083, .T. ) ;
#1977 = VERTEX_POINT ( 'NONE', #301 ) ;
#1978 = CARTESIAN_POINT ( 'NONE',  ( 0.2087340609205523001, 0.2592271364358937902, -0.4606299212598424786 ) ) ;
#1979 = AXIS2_PLACEMENT_3D ( 'NONE', #4507, #6193, #1620 ) ;
#1980 = EDGE_LOOP ( 'NONE', ( #1161, #658, #5616, #3910 ) ) ;
#1981 = DIRECTION ( 'NONE',  ( 0.000000000000000000, 7.661286097916306599E-43, 1.000000000000000000 ) ) ;
#1982 = CARTESIAN_POINT ( 'NONE',  ( -0.4291338582677163838, 0.3015748031496062187, -0.4035433070866146221 ) ) ;
#1983 = CARTESIAN_POINT ( 'NONE',  ( -0.2601158228121032145, 0.000000000000000000, -0.4606299212598424786 ) ) ;
#1984 = CARTESIAN_POINT ( 'NONE',  ( 0.4291338582677163838, 0.3917322834645668439, -0.3877952755905513804 ) ) ;
#1985 = ORIENTED_EDGE ( 'NONE', *, *, #1517, .T. ) ;
#1986 = ORIENTED_EDGE ( 'NONE', *, *, #5401, .T. ) ;
#1987 = PRODUCT ( 'BHX2-2032-PC', 'BHX2-2032-PC', '', ( #6793 ) ) ;
#1988 = CARTESIAN_POINT ( 'NONE',  ( -0.3265669291338584301, 0.000000000000000000, 0.4319299212598425308 ) ) ;
#1989 = EDGE_LOOP ( 'NONE', ( #3297, #606, #699, #310 ) ) ;
#1990 = UNCERTAINTY_MEASURE_WITH_UNIT (LENGTH_MEASURE( 1.000000000000000082E-05 ), #4316, 'distance_accuracy_value', 'NONE');
#1991 = CYLINDRICAL_SURFACE ( 'NONE', #4140, 0.01968503937007891683 ) ;
#1992 = ORIENTED_EDGE ( 'NONE', *, *, #3916, .T. ) ;
#1993 = TOROIDAL_SURFACE ( 'NONE', #1511, 0.04432413483936116505, 0.01181102362204724393 ) ;
#1994 = VECTOR ( 'NONE', #83, 39.37007874015748854 ) ;
#1995 = CARTESIAN_POINT ( 'NONE',  ( 0.2403543307086613845, 0.3114173228346456268, -0.1279527559055120278 ) ) ;
#1996 = ORIENTED_EDGE ( 'NONE', *, *, #3862, .T. ) ;
#1997 = CARTESIAN_POINT ( 'NONE',  ( -0.3484251968503935815, 0.3858267716535432323, -0.3877952755905513804 ) ) ;
#1998 = DIRECTION ( 'NONE',  ( 0.000000000000000000, 0.000000000000000000, -1.000000000000000000 ) ) ;
#1999 = TOROIDAL_SURFACE ( 'NONE', #2254, 0.1108151085747029335, 0.02999999999999999889 ) ;
#2000 = ORIENTED_EDGE ( 'NONE', *, *, #6173, .F. ) ;
#2001 = AXIS2_PLACEMENT_3D ( 'NONE', #904, #5929, #7217 ) ;
#2002 = VERTEX_POINT ( 'NONE', #3122 ) ;
#2003 = DIRECTION ( 'NONE',  ( -1.000000000000000000, 0.000000000000000000, -5.542458384320307220E-16 ) ) ;
#2004 = CARTESIAN_POINT ( 'NONE',  ( -0.2736405827105305999, 0.3917322834645668994, 0.3248031496062991907 ) ) ;
#2005 = DIRECTION ( 'NONE',  ( -0.000000000000000000, 0.000000000000000000, 1.000000000000000000 ) ) ;
#2006 = DIRECTION ( 'NONE',  ( 0.000000000000000000, 0.4896753169007019846, 0.8719048594991295476 ) ) ;
#2007 = EDGE_CURVE ( 'NONE', #4202, #3098, #3974, .T. ) ;
#2008 = CARTESIAN_POINT ( 'NONE',  ( 0.4901574803149654214, 0.04905824521324918253, 0.02205967480314803206 ) ) ;
#2009 = CARTESIAN_POINT ( 'NONE',  ( -0.4704724409448823308, 0.2023622047244092448, -0.2054993803149607612 ) ) ;
#2010 = VECTOR ( 'NONE', #1798, 39.37007874015748143 ) ;
#2011 = B_SPLINE_CURVE_WITH_KNOTS ( 'NONE', 3,
 ( #5512, #336, #2258, #1651, #566, #3996, #4498, #5169 ),
 .UNSPECIFIED., .F., .F.,
 ( 4, 2, 2, 4 ),
 ( -5.858261205690915537E-06, 0.0006157627650375463923, 0.0009265732781591644101, 0.001237383791280782536 ),
 .UNSPECIFIED. ) ;
#2012 = ORIENTED_EDGE ( 'NONE', *, *, #5992, .F. ) ;
#2013 = LINE ( 'NONE', #2727, #1212 ) ;
#2014 = ORIENTED_EDGE ( 'NONE', *, *, #35, .T. ) ;
#2015 = DIRECTION ( 'NONE',  ( -1.000000000000000000, 2.376534111578445229E-15, 0.000000000000000000 ) ) ;
#2016 = VERTEX_POINT ( 'NONE', #1685 ) ;
#2017 = CARTESIAN_POINT ( 'NONE',  ( -0.4704724409448822198, 0.2432767907299736576, -0.2054993803149607612 ) ) ;
#2018 = CARTESIAN_POINT ( 'NONE',  ( 0.4704724409448817757, 0.3818897637795276023, 0.2185039370078739884 ) ) ;
#2019 = CARTESIAN_POINT ( 'NONE',  ( 0.4616099661787624875, 0.09407740825064973833, 0.02205967480314803206 ) ) ;
#2020 = EDGE_CURVE ( 'NONE', #3081, #6304, #7398, .T. ) ;
#2021 = CARTESIAN_POINT ( 'NONE',  ( 0.2736405827105305999, 0.3917322834645668994, 0.3248031496062991907 ) ) ;
#2022 = ADVANCED_FACE ( 'NONE', ( #1423 ), #3487, .T. ) ;
#2023 = ORIENTED_EDGE ( 'NONE', *, *, #4669, .T. ) ;
#2024 = CARTESIAN_POINT ( 'NONE',  ( -0.4291338582677163838, 0.3858267716535432323, -0.3937007874015749365 ) ) ;
#2025 = ORIENTED_EDGE ( 'NONE', *, *, #3826, .T. ) ;
#2026 = EDGE_CURVE ( 'NONE', #2434, #5549, #6022, .T. ) ;
#2027 = CARTESIAN_POINT ( 'NONE',  ( 0.2087340609205521613, 0.000000000000000000, 0.4606299212598424786 ) ) ;
#2028 = ORIENTED_EDGE ( 'NONE', *, *, #5442, .T. ) ;
#2029 = CARTESIAN_POINT ( 'NONE',  ( -0.1929999749091362571, 0.2659138509835040631, -0.4452332343379850066 ) ) ;
#2030 = VECTOR ( 'NONE', #5207, 39.37007874015748143 ) ;
#2031 = ORIENTED_EDGE ( 'NONE', *, *, #3451, .T. ) ;
#2032 = FACE_OUTER_BOUND ( 'NONE', #628, .T. ) ;
#2033 = CIRCLE ( 'NONE', #960, 0.07874015748031489015 ) ;
#2034 = VERTEX_POINT ( 'NONE', #5653 ) ;
#2035 = CARTESIAN_POINT ( 'NONE',  ( -0.4707524537788596031, 0.09772296914473160845, 0.02205967480314803206 ) ) ;
#2036 = FACE_OUTER_BOUND ( 'NONE', #3461, .T. ) ;
#2037 = CYLINDRICAL_SURFACE ( 'NONE', #6978, 0.005905511811023586403 ) ;
#2038 = AXIS2_PLACEMENT_3D ( 'NONE', #2165, #6761, #3902 ) ;
#2039 = AXIS2_PLACEMENT_3D ( 'NONE', #3673, #5980, #7024 ) ;
#2040 = VERTEX_POINT ( 'NONE', #514 ) ;
#2041 = VECTOR ( 'NONE', #1363, 39.37007874015748143 ) ;
#2042 = SHAPE_REPRESENTATION_RELATIONSHIP ( 'NONE' , 'NONE' ,  #798, #4816 ) ;
#2043 = ORIENTED_EDGE ( 'NONE', *, *, #5069, .F. ) ;
#2044 = DIRECTION ( 'NONE',  ( -1.000000000000000000, -0.000000000000000000, -0.000000000000000000 ) ) ;
#2045 = DIRECTION ( 'NONE',  ( 0.000000000000000000, 1.000000000000000000, 7.661286097916305006E-43 ) ) ;
#2046 = LINE ( 'NONE', #7233, #758 ) ;
#2047 = FILL_AREA_STYLE ('',( #7197 ) ) ;
#2048 = AXIS2_PLACEMENT_3D ( 'NONE', #2698, #2781, #6103 ) ;
#2049 = CARTESIAN_POINT ( 'NONE',  ( -0.2978669285433589997, 0.2436168480149218107, 0.4606299212598424231 ) ) ;
#2050 = CARTESIAN_POINT ( 'NONE',  ( 0.4291338582677163838, 0.3858267716535432879, -0.3937007874015749365 ) ) ;
#2051 = EDGE_LOOP ( 'NONE', ( #6598, #5502, #5904, #1635 ) ) ;
#2052 = ORIENTED_EDGE ( 'NONE', *, *, #2141, .T. ) ;
#2053 = AXIS2_PLACEMENT_3D ( 'NONE', #1035, #1521, #3330 ) ;
#2054 = FACE_OUTER_BOUND ( 'NONE', #6592, .T. ) ;
#2055 = ORIENTED_EDGE ( 'NONE', *, *, #7070, .T. ) ;
#2056 = CARTESIAN_POINT ( 'NONE',  ( -0.4744094488188984049, 0.09918119350236434539, -0.03975134881889921118 ) ) ;
#2057 = CYLINDRICAL_SURFACE ( 'NONE', #5043, 0.03000000000000001624 ) ;
#2058 = CARTESIAN_POINT ( 'NONE',  ( 0.4291338582677163838, 0.3858267716535432323, -0.3877952755905513804 ) ) ;
#2059 = PLANE ( 'NONE',  #7149 ) ;
#2060 = AXIS2_PLACEMENT_3D ( 'NONE', #5132, #2291, #7400 ) ;
#2061 = ADVANCED_FACE ( 'NONE', ( #1670 ), #5182, .T. ) ;
#2062 = EDGE_CURVE ( 'NONE', #437, #5769, #5063, .T. ) ;
#2063 = VERTEX_POINT ( 'NONE', #4545 ) ;
#2064 = EDGE_CURVE ( 'NONE', #238, #1250, #1097, .T. ) ;
#2065 = DIRECTION ( 'NONE',  ( -0.000000000000000000, -1.000000000000000000, -0.000000000000000000 ) ) ;
#2066 = EDGE_LOOP ( 'NONE', ( #239, #4368, #6220, #678 ) ) ;
#2067 = CARTESIAN_POINT ( 'NONE',  ( -0.2978669291338584824, 0.2416535433070866601, -0.4606299212598424231 ) ) ;
#2068 = EDGE_CURVE ( 'NONE', #2063, #2459, #5597, .T. ) ;
#2069 = EDGE_LOOP ( 'NONE', ( #7038, #2590, #3115, #1617 ) ) ;
#2070 = AXIS2_PLACEMENT_3D ( 'NONE', #3672, #6500, #242 ) ;
#2071 = CARTESIAN_POINT ( 'NONE',  ( 1.800958267888598696, 0.01999999999999999001, 0.000000000000000000 ) ) ;
#2072 = CARTESIAN_POINT ( 'NONE',  ( 0.3487518205591552123, 0.000000000000000000, -0.3788699307953760642 ) ) ;
#2073 = ORIENTED_EDGE ( 'NONE', *, *, #1878, .T. ) ;
#2074 = AXIS2_PLACEMENT_3D ( 'NONE', #4077, #1206, #653 ) ;
#2075 = DIRECTION ( 'NONE',  ( -1.000000000000000000, 0.000000000000000000, 0.000000000000000000 ) ) ;
#2076 = CARTESIAN_POINT ( 'NONE',  ( -0.2004873390767794861, 0.2467714134088834776, -0.4606299160295188044 ) ) ;
#2077 = CARTESIAN_POINT ( 'NONE',  ( 0.4752772192324700717, 0.04917272174909721044, 0.02205967480314803206 ) ) ;
#2078 = AXIS2_PLACEMENT_3D ( 'NONE', #5484, #4877, #6595 ) ;
#2079 = EDGE_LOOP ( 'NONE', ( #509, #4509, #6194, #7184 ) ) ;
#2080 = VECTOR ( 'NONE', #956, 39.37007874015748143 ) ;
#2081 = VERTEX_POINT ( 'NONE', #3885 ) ;
#2082 = CARTESIAN_POINT ( 'NONE',  ( 0.1999999999999999833, 0.3015748031496062187, -0.1279527559055120278 ) ) ;
#2083 = DIRECTION ( 'NONE',  ( 0.000000000000000000, 1.000000000000000000, 0.000000000000000000 ) ) ;
#2084 = DIRECTION ( 'NONE',  ( 0.000000000000000000, 7.661286097916305006E-43, 1.000000000000000000 ) ) ;
#2085 =( BOUNDED_SURFACE ( )  B_SPLINE_SURFACE ( 3, 2, ( 
 ( #6166, #7313, #1519 ),
 ( #2049, #3179, #997 ),
 ( #6093, #2158, #5495 ),
 ( #4480, #316, #5568 ),
 ( #3249, #7198, #4364 ),
 ( #4961, #1593, #1034 ),
 ( #6642, #7235, #6686 ),
 ( #3823, #6130, #959 ),
 ( #1176, #5190, #4630 ),
 ( #17, #5832, #5692 ),
 ( #5728, #5116, #6834 ),
 ( #657, #54, #1147 ),
 ( #617, #584, #1711 ),
 ( #5797, #4662, #2878 ) ),
 .UNSPECIFIED., .F., .F., .F. ) 
 B_SPLINE_SURFACE_WITH_KNOTS ( ( 4, 2, 2, 2, 2, 2, 4 ),
 ( 3, 3 ),
 ( 6.283185307179586232, 6.479534848028948524, 6.675884388878310816, 6.872233929727672219, 7.068583470577034511, 7.461282552275758206, 7.853981633974482790 ),
 ( 0.000000000000000000, 1.000000000000000000 ),
 .UNSPECIFIED. ) 
 GEOMETRIC_REPRESENTATION_ITEM ( )  RATIONAL_B_SPLINE_SURFACE ( (
 ( 1.000000000000000000, 0.7071067811865475727, 1.000000000000000000),
 ( 1.000000000000000000, 0.7070654189578816640, 1.000000000000000000),
 ( 1.000000000000000000, 0.7117544033014335803, 1.000000000000000000),
 ( 1.000000000000000000, 0.7291204932418788864, 1.000000000000000000),
 ( 1.000000000000000000, 0.7418447528265448287, 1.000000000000000000),
 ( 1.000000000000000000, 0.7723854868706505616, 1.000000000000000000),
 ( 1.000000000000000000, 0.7902278378238540846, 1.000000000000000000),
 ( 1.000000000000000000, 0.8275844404194805382, 1.000000000000000000),
 ( 1.000000000000000000, 0.8471387199799649270, 1.000000000000000000),
 ( 1.000000000000000000, 0.9037987713933675060, 1.000000000000000000),
 ( 1.000000000000000000, 0.9386610951353254739, 1.000000000000000000),
 ( 1.000000000000000000, 0.9867237446269804257, 1.000000000000000000),
 ( 1.000000000000000000, 1.000162669970020124, 1.000000000000000000),
 ( 1.000000000000000000, 1.000000000000000000, 1.000000000000000000) ) ) 
 REPRESENTATION_ITEM ( '' )  SURFACE ( )  );
#2086 = DIRECTION ( 'NONE',  ( -0.3703889868387169604, -0.9288767401698617698, 0.000000000000000000 ) ) ;
#2087 = VECTOR ( 'NONE', #14, 39.37007874015748143 ) ;
#2088 = DIRECTION ( 'NONE',  ( 1.000000000000000000, -0.000000000000000000, -0.000000000000000000 ) ) ;
#2089 = VERTEX_POINT ( 'NONE', #7334 ) ;
#2090 = ORIENTED_EDGE ( 'NONE', *, *, #1055, .T. ) ;
#2091 = CARTESIAN_POINT ( 'NONE',  ( -0.4619485688603901519, 0.1102362204724408601, 0.2260624920514872072 ) ) ;
#2092 = ORIENTED_EDGE ( 'NONE', *, *, #6088, .T. ) ;
#2093 = CARTESIAN_POINT ( 'NONE',  ( -0.3679550999545743162, 0.2516535433070866135, 0.08999999999999998279 ) ) ;
#2094 = TOROIDAL_SURFACE ( 'NONE', #1361, 0.4298425196850393371, 0.02999999999999999889 ) ;
#2095 = LINE ( 'NONE', #480, #6830 ) ;
#2096 = FACE_OUTER_BOUND ( 'NONE', #1445, .T. ) ;
#2097 = DIRECTION ( 'NONE',  ( 1.000000000000000000, 0.000000000000000000, 0.000000000000000000 ) ) ;
#2098 = CARTESIAN_POINT ( 'NONE',  ( 0.000000000000000000, 1.536664496436148085E-15, -0.3937007874015763798 ) ) ;
#2099 = ORIENTED_EDGE ( 'NONE', *, *, #1553, .F. ) ;
#2100 = ORIENTED_EDGE ( 'NONE', *, *, #5679, .T. ) ;
#2101 = AXIS2_PLACEMENT_3D ( 'NONE', #752, #3042, #5960 ) ;
#2102 = CYLINDRICAL_SURFACE ( 'NONE', #2131, 0.02500000000000000486 ) ;
#2103 = VERTEX_POINT ( 'NONE', #2186 ) ;
#2104 = CARTESIAN_POINT ( 'NONE',  ( -0.1905546842337453584, 0.2680313469783238145, -0.4427373207043829861 ) ) ;
#2105 = EDGE_CURVE ( 'NONE', #4340, #1862, #237, .T. ) ;
#2106 = ORIENTED_EDGE ( 'NONE', *, *, #225, .F. ) ;
#2107 = CARTESIAN_POINT ( 'NONE',  ( 0.3083442662718037797, 0.2716535433070866312, 0.4488578678306663905 ) ) ;
#2108 = CARTESIAN_POINT ( 'NONE',  ( -0.1818600141936027870, 0.2716535433070865757, -0.4344516703850085371 ) ) ;
#2109 = EDGE_CURVE ( 'NONE', #1945, #4340, #2869, .T. ) ;
#2110 = EDGE_LOOP ( 'NONE', ( #4213, #4734, #5233 ) ) ;
#2111 = FACE_OUTER_BOUND ( 'NONE', #2408, .T. ) ;
#2112 = CARTESIAN_POINT ( 'NONE',  ( 0.4880767018726059892, 0.05427650700081183832, 0.02205967480314803206 ) ) ;
#2113 = LINE ( 'NONE', #915, #278 ) ;
#2114 = EDGE_CURVE ( 'NONE', #3286, #38, #1808, .T. ) ;
#2115 = CARTESIAN_POINT ( 'NONE',  ( -0.4648844297688599636, 0.1759656976240450976, -0.2054993803149607612 ) ) ;
#2116 = EDGE_CURVE ( 'NONE', #4126, #305, #6967, .T. ) ;
#2117 = VERTEX_POINT ( 'NONE', #5890 ) ;
#2118 = AXIS2_PLACEMENT_3D ( 'NONE', #5128, #5091, #1121 ) ;
#2119 = ORIENTED_EDGE ( 'NONE', *, *, #7384, .F. ) ;
#2120 = CARTESIAN_POINT ( 'NONE',  ( -0.4880767018726059892, 0.05427650700081183832, 0.02205967480314803206 ) ) ;
#2121 = EDGE_CURVE ( 'NONE', #212, #1772, #3724, .T. ) ;
#2122 = FACE_OUTER_BOUND ( 'NONE', #858, .T. ) ;
#2123 = DIRECTION ( 'NONE',  ( 0.000000000000000000, -4.956352788505162676E-15, 1.000000000000000000 ) ) ;
#2124 = DIRECTION ( 'NONE',  ( 3.081670971768523265E-15, -1.000000000000000000, 0.000000000000000000 ) ) ;
#2125 = DIRECTION ( 'NONE',  ( 1.000000000000000000, 0.000000000000000000, -5.542458384320307220E-16 ) ) ;
#2126 = ORIENTED_EDGE ( 'NONE', *, *, #6185, .T. ) ;
#2127 = EDGE_LOOP ( 'NONE', ( #2730, #2785, #2633, #1963 ) ) ;
#2128 = VERTEX_POINT ( 'NONE', #677 ) ;
#2129 = CARTESIAN_POINT ( 'NONE',  ( -0.4291338582677163838, 0.3015748031496062187, -0.3937007874015752140 ) ) ;
#2130 = CARTESIAN_POINT ( 'NONE',  ( 0.4291338582677163838, 0.3015748031496062187, -0.4035433070866146221 ) ) ;
#2131 = AXIS2_PLACEMENT_3D ( 'NONE', #374, #6737, #4981 ) ;
#2132 = DIRECTION ( 'NONE',  ( 0.000000000000000000, -7.661286097916305006E-43, -1.000000000000000000 ) ) ;
#2133 = LINE ( 'NONE', #6105, #794 ) ;
#2134 = ORIENTED_EDGE ( 'NONE', *, *, #4494, .F. ) ;
#2135 = AXIS2_PLACEMENT_3D ( 'NONE', #2697, #3794, #5049 ) ;
#2136 = ORIENTED_EDGE ( 'NONE', *, *, #7195, .T. ) ;
#2137 = DIRECTION ( 'NONE',  ( -1.000000000000000000, -1.796677885833123482E-14, 0.000000000000000000 ) ) ;
#2138 = ORIENTED_EDGE ( 'NONE', *, *, #3208, .T. ) ;
#2139 = DIRECTION ( 'NONE',  ( 0.000000000000000000, 0.000000000000000000, -1.000000000000000000 ) ) ;
#2140 = ORIENTED_EDGE ( 'NONE', *, *, #1266, .F. ) ;
#2141 = EDGE_CURVE ( 'NONE', #3112, #3154, #5179, .T. ) ;
#2142 = DIRECTION ( 'NONE',  ( -3.396661351562978405E-15, -1.000000000000000000, 1.392496217984120218E-32 ) ) ;
#2143 = CARTESIAN_POINT ( 'NONE',  ( -5.098415151811835546E-17, 0.3917322834645668994, -0.3799212598425197873 ) ) ;
#2144 = VERTEX_POINT ( 'NONE', #6340 ) ;
#2145 = DIRECTION ( 'NONE',  ( 0.000000000000000000, 4.336808689942025625E-15, -1.000000000000000000 ) ) ;
#2146 = DIRECTION ( 'NONE',  ( 0.000000000000000000, 7.661286097916305006E-43, 1.000000000000000000 ) ) ;
#2147 = CARTESIAN_POINT ( 'NONE',  ( -0.4350393700787402729, 0.2023622047244095501, -0.2054993803149607612 ) ) ;
#2148 = EDGE_CURVE ( 'NONE', #5405, #3071, #1426, .T. ) ;
#2149 = VERTEX_POINT ( 'NONE', #609 ) ;
#2150 = CARTESIAN_POINT ( 'NONE',  ( 0.000000000000000000, 0.000000000000000000, 0.000000000000000000 ) ) ;
#2151 = EDGE_CURVE ( 'NONE', #1152, #4768, #4697, .T. ) ;
#2152 = ORIENTED_EDGE ( 'NONE', *, *, #134, .F. ) ;
#2153 = ADVANCED_FACE ( 'NONE', ( #3991 ), #5274, .T. ) ;
#2154 = LINE ( 'NONE', #6202, #364 ) ;
#2155 = FACE_OUTER_BOUND ( 'NONE', #7322, .T. ) ;
#2156 = VECTOR ( 'NONE', #326, 39.37007874015748143 ) ;
#2157 = DIRECTION ( 'NONE',  ( 5.379583912885301978E-16, -8.054763130008154638E-43, -1.000000000000000000 ) ) ;
#2158 = CARTESIAN_POINT ( 'NONE',  ( -0.3259928797162950365, 0.2492831986016312007, 0.4600558718422791404 ) ) ;
#2159 = SPHERICAL_SURFACE ( 'NONE', #2053, 0.03937007874015742426 ) ;
#2160 = AXIS2_PLACEMENT_3D ( 'NONE', #2423, #5791, #718 ) ;
#2161 = EDGE_CURVE ( 'NONE', #3760, #6325, #1807, .T. ) ;
#2162 = VERTEX_POINT ( 'NONE', #6918 ) ;
#2163 = PRESENTATION_STYLE_ASSIGNMENT (( #4485 ) ) ;
#2164 = ORIENTED_EDGE ( 'NONE', *, *, #2454, .T. ) ;
#2165 = CARTESIAN_POINT ( 'NONE',  ( -0.2736405827105305999, 0.3917322834645668994, 0.3248031496062991907 ) ) ;
#2166 = ORIENTED_EDGE ( 'NONE', *, *, #2483, .T. ) ;
#2167 = AXIS2_PLACEMENT_3D ( 'NONE', #549, #2237, #1673 ) ;
#2168 = LINE ( 'NONE', #4412, #999 ) ;
#2169 = FACE_OUTER_BOUND ( 'NONE', #3838, .T. ) ;
#2170 = DIRECTION ( 'NONE',  ( -0.3846363336743959249, -0.9230681940233443905, 0.000000000000000000 ) ) ;
#2171 = DIRECTION ( 'NONE',  ( -1.000000000000000000, 0.000000000000000000, 0.000000000000000000 ) ) ;
#2172 = PRESENTATION_LAYER_ASSIGNMENT (  '', '', ( #5437 ) ) ;
#2173 = EDGE_LOOP ( 'NONE', ( #3047, #5047, #934, #6704 ) ) ;
#2174 = DIRECTION ( 'NONE',  ( 0.000000000000000000, -1.000000000000000000, -7.661286097916305006E-43 ) ) ;
#2175 = ORIENTED_EDGE ( 'NONE', *, *, #4882, .F. ) ;
#2176 = FACE_OUTER_BOUND ( 'NONE', #4393, .T. ) ;
#2177 = DIRECTION ( 'NONE',  ( 1.000000000000000000, 0.000000000000000000, 0.000000000000000000 ) ) ;
#2178 = ORIENTED_EDGE ( 'NONE', *, *, #3123, .T. ) ;
#2179 = MECHANICAL_DESIGN_GEOMETRIC_PRESENTATION_REPRESENTATION (  '', ( #5443 ), #6627 ) ;
#2180 = DIRECTION ( 'NONE',  ( 1.000000000000000000, 3.396661351562978405E-15, 1.141265444721584004E-16 ) ) ;
#2181 = CARTESIAN_POINT ( 'NONE',  ( -0.3980708661417322602, 0.02000000000000002470, -0.05118110236220477227 ) ) ;
#2182 = ORIENTED_EDGE ( 'NONE', *, *, #4331, .T. ) ;
#2183 = ORIENTED_EDGE ( 'NONE', *, *, #1831, .T. ) ;
#2184 = DIRECTION ( 'NONE',  ( -1.000000000000000000, 0.000000000000000000, 0.000000000000000000 ) ) ;
#2185 = CARTESIAN_POINT ( 'NONE',  ( -0.1853984037313773092, 0.2716535433070866867, 0.4371360981197332518 ) ) ;
#2186 = CARTESIAN_POINT ( 'NONE',  ( 0.4697152381301518687, 3.414809992080329023E-17, -0.008845837007875591296 ) ) ;
#2187 = ORIENTED_EDGE ( 'NONE', *, *, #4669, .F. ) ;
#2188 = DIRECTION ( 'NONE',  ( 0.000000000000000000, -1.000000000000000000, 0.000000000000000000 ) ) ;
#2189 = CYLINDRICAL_SURFACE ( 'NONE', #37, 0.003937007874015741038 ) ;
#2190 = ADVANCED_FACE ( 'NONE', ( #2996 ), #1256, .F. ) ;
#2191 = VECTOR ( 'NONE', #3101, 39.37007874015748143 ) ;
#2192 = VERTEX_POINT ( 'NONE', #704 ) ;
#2193 = ORIENTED_EDGE ( 'NONE', *, *, #5906, .T. ) ;
#2194 = TOROIDAL_SURFACE ( 'NONE', #3038, 0.04091458600556442671, 0.02165354330708661734 ) ;
#2195 = DIRECTION ( 'NONE',  ( 0.000000000000000000, 0.000000000000000000, 1.000000000000000000 ) ) ;
#2196 = LINE ( 'NONE', #5076, #6763 ) ;
#2197 = VECTOR ( 'NONE', #2606, 39.37007874015748143 ) ;
#2198 = CARTESIAN_POINT ( 'NONE',  ( -0.2026169319621085874, 0.000000000000000000, -0.4534870641169852501 ) ) ;
#2199 = CARTESIAN_POINT ( 'NONE',  ( 0.3487518205591551013, 0.2516535433070866690, 0.08999999999999956646 ) ) ;
#2200 = EDGE_CURVE ( 'NONE', #5002, #437, #1201, .T. ) ;
#2201 = AXIS2_PLACEMENT_3D ( 'NONE', #7088, #7052, #739 ) ;
#2202 = ADVANCED_FACE ( 'NONE', ( #5740 ), #4603, .T. ) ;
#2203 = ORIENTED_EDGE ( 'NONE', *, *, #4535, .F. ) ;
#2204 = AXIS2_PLACEMENT_3D ( 'NONE', #2077, #1665, #5107 ) ;
#2205 = SURFACE_STYLE_FILL_AREA ( #1597 ) ;
#2206 = ORIENTED_EDGE ( 'NONE', *, *, #6664, .T. ) ;
#2207 = CYLINDRICAL_SURFACE ( 'NONE', #4078, 0.02869999999999995471 ) ;
#2208 = VERTEX_POINT ( 'NONE', #4675 ) ;
#2209 = CARTESIAN_POINT ( 'NONE',  ( 0.2087340609205521613, 0.2716535433070866312, 0.4306299212598424520 ) ) ;
#2210 = DIRECTION ( 'NONE',  ( 0.000000000000000000, -1.000000000000000000, -7.661286097916305006E-43 ) ) ;
#2211 = AXIS2_PLACEMENT_3D ( 'NONE', #1454, #3085, #2530 ) ;
#2212 = DIRECTION ( 'NONE',  ( 0.000000000000000000, 0.000000000000000000, 1.000000000000000000 ) ) ;
#2213 = ADVANCED_FACE ( 'NONE', ( #3520 ), #5875, .F. ) ;
#2214 = LINE ( 'NONE', #3378, #5981 ) ;
#2215 = LINE ( 'NONE', #6216, #3803 ) ;
#2216 = EDGE_CURVE ( 'NONE', #3436, #5800, #6331, .T. ) ;
#2217 = EDGE_CURVE ( 'NONE', #3230, #450, #608, .T. ) ;
#2218 = ORIENTED_EDGE ( 'NONE', *, *, #1151, .T. ) ;
#2219 = ORIENTED_EDGE ( 'NONE', *, *, #5490, .T. ) ;
#2220 = FACE_OUTER_BOUND ( 'NONE', #6605, .T. ) ;
#2221 = ORIENTED_EDGE ( 'NONE', *, *, #2261, .F. ) ;
#2222 = LINE ( 'NONE', #6817, #2337 ) ;
#2223 = AXIS2_PLACEMENT_3D ( 'NONE', #5521, #342, #4391 ) ;
#2224 = ORIENTED_EDGE ( 'NONE', *, *, #6319, .T. ) ;
#2225 = EDGE_LOOP ( 'NONE', ( #4737, #7086, #4929, #6892 ) ) ;
#2226 = CIRCLE ( 'NONE', #550, 0.01181102362204724046 ) ;
#2227 = DIRECTION ( 'NONE',  ( 0.000000000000000000, 0.000000000000000000, 1.000000000000000000 ) ) ;
#2228 = ORIENTED_EDGE ( 'NONE', *, *, #7216, .T. ) ;
#2229 = LINE ( 'NONE', #3968, #929 ) ;
#2230 = DIRECTION ( 'NONE',  ( -0.000000000000000000, -0.000000000000000000, -1.000000000000000000 ) ) ;
#2231 = LINE ( 'NONE', #1101, #1352 ) ;
#2232 = ORIENTED_EDGE ( 'NONE', *, *, #731, .F. ) ;
#2233 = DIRECTION ( 'NONE',  ( 1.000000000000000000, 6.982962677686266711E-15, -1.047444401652940007E-14 ) ) ;
#2234 = ORIENTED_EDGE ( 'NONE', *, *, #4892, .F. ) ;
#2235 = FACE_OUTER_BOUND ( 'NONE', #5302, .T. ) ;
#2236 = CARTESIAN_POINT ( 'NONE',  ( -5.098415151811835546E-17, 0.4015748031496062520, -0.3799212598425197873 ) ) ;
#2237 = DIRECTION ( 'NONE',  ( -0.000000000000000000, -1.000000000000000000, -7.661286097916305006E-43 ) ) ;
#2238 = CIRCLE ( 'NONE', #3562, 0.04091458600556441977 ) ;
#2239 = VERTEX_POINT ( 'NONE', #1758 ) ;
#2240 = SURFACE_SIDE_STYLE ('',( #2205 ) ) ;
#2241 = EDGE_LOOP ( 'NONE', ( #3573, #855, #4292, #5598 ) ) ;
#2242 = CARTESIAN_POINT ( 'NONE',  ( 0.1594488188976377896, 0.4015748031496062520, 0.1200787401574801017 ) ) ;
#2243 = ORIENTED_EDGE ( 'NONE', *, *, #6707, .T. ) ;
#2244 = FACE_OUTER_BOUND ( 'NONE', #6469, .T. ) ;
#2245 = VECTOR ( 'NONE', #6455, 39.37007874015748143 ) ;
#2246 = CARTESIAN_POINT ( 'NONE',  ( 0.2403543307086613845, 0.3917324950803335870, 0.05623699102971183028 ) ) ;
#2247 = AXIS2_PLACEMENT_3D ( 'NONE', #3003, #5677, #5142 ) ;
#2248 = EDGE_CURVE ( 'NONE', #3190, #3940, #2404, .T. ) ;
#2249 = CARTESIAN_POINT ( 'NONE',  ( 0.3085062810569361713, 0.2516535433070866135, -0.08999999999999994116 ) ) ;
#2250 = CARTESIAN_POINT ( 'NONE',  ( 0.3484251968503935815, 0.3015748031496062187, -0.4035433070866146221 ) ) ;
#2251 = CARTESIAN_POINT ( 'NONE',  ( -0.4880767018726059892, 0.05427650700081183832, 0.02205967480314803206 ) ) ;
#2252 = FILL_AREA_STYLE_COLOUR ( '', #4479 ) ;
#2253 = VERTEX_POINT ( 'NONE', #4568 ) ;
#2254 = AXIS2_PLACEMENT_3D ( 'NONE', #3238, #463, #6275 ) ;
#2255 = EDGE_CURVE ( 'NONE', #6338, #3998, #6393, .T. ) ;
#2256 = VERTEX_POINT ( 'NONE', #3452 ) ;
#2257 = VECTOR ( 'NONE', #1660, 39.37007874015748143 ) ;
#2258 = CARTESIAN_POINT ( 'NONE',  ( -0.2623340911259497976, 0.2686421615109094163, 0.4431856032488647457 ) ) ;
#2259 = EDGE_CURVE ( 'NONE', #2867, #3504, #5777, .T. ) ;
#2260 = CARTESIAN_POINT ( 'NONE',  ( 0.4606299212598433113, 0.09918119350236434539, -0.03975134881889921118 ) ) ;
#2261 = EDGE_CURVE ( 'NONE', #3234, #6435, #25, .T. ) ;
#2262 = CARTESIAN_POINT ( 'NONE',  ( -0.1594488188976377896, 0.4015748031496062520, 0.1200787401574801017 ) ) ;
#2263 = VERTEX_POINT ( 'NONE', #1185 ) ;
#2264 = CARTESIAN_POINT ( 'NONE',  ( -0.2973658521317058545, 0.2656432656125703451, -0.4490666058255518012 ) ) ;
#2265 = ORIENTED_EDGE ( 'NONE', *, *, #1747, .T. ) ;
#2266 = ADVANCED_FACE ( 'NONE', ( #5805 ), #626, .T. ) ;
#2267 = ORIENTED_EDGE ( 'NONE', *, *, #2859, .F. ) ;
#2268 = PLANE ( 'NONE',  #5605 ) ;
#2269 = EDGE_LOOP ( 'NONE', ( #2025, #3311, #5664, #990 ) ) ;
#2270 = DIRECTION ( 'NONE',  ( 1.000000000000000000, -0.000000000000000000, -0.000000000000000000 ) ) ;
#2271 = FACE_OUTER_BOUND ( 'NONE', #7028, .T. ) ;
#2272 = LINE ( 'NONE', #5145, #4820 ) ;
#2273 = ORIENTED_EDGE ( 'NONE', *, *, #3365, .T. ) ;
#2274 = ORIENTED_EDGE ( 'NONE', *, *, #2290, .F. ) ;
#2275 = DIRECTION ( 'NONE',  ( -1.000000000000000000, 0.000000000000000000, 0.000000000000000000 ) ) ;
#2276 = DIRECTION ( 'NONE',  ( -3.188626069577461471E-15, 1.000000000000000000, 6.408516294314084387E-16 ) ) ;
#2277 = DIRECTION ( 'NONE',  ( 0.000000000000000000, -1.000000000000000000, -7.661286097916305006E-43 ) ) ;
#2278 = FACE_OUTER_BOUND ( 'NONE', #3726, .T. ) ;
#2279 = ORIENTED_EDGE ( 'NONE', *, *, #5167, .T. ) ;
#2280 = EDGE_LOOP ( 'NONE', ( #843, #6505, #7146, #4032 ) ) ;
#2281 = CARTESIAN_POINT ( 'NONE',  ( -0.4717910885454286163, 0.3818897637795276023, 0.2234251968503937202 ) ) ;
#2282 = VERTEX_POINT ( 'NONE', #5841 ) ;
#2283 = CARTESIAN_POINT ( 'NONE',  ( 0.1596456692913385822, 0.3114173228346456268, -0.09663724781254488805 ) ) ;
#2284 = CARTESIAN_POINT ( 'NONE',  ( 0.4704724409448826639, 0.09918119350236434539, 0.02205967480314803206 ) ) ;
#2285 = DIRECTION ( 'NONE',  ( -0.000000000000000000, -0.000000000000000000, -1.000000000000000000 ) ) ;
#2286 = VECTOR ( 'NONE', #650, 39.37007874015748143 ) ;
#2287 = CARTESIAN_POINT ( 'NONE',  ( 0.3386220472440941709, 0.01999999999999999001, 0.05118110236220458492 ) ) ;
#2288 = CARTESIAN_POINT ( 'NONE',  ( 0.2403543307086613845, 0.3659856491034197412, 0.02165587032319897520 ) ) ;
#2289 = ORIENTED_EDGE ( 'NONE', *, *, #7154, .T. ) ;
#2290 = EDGE_CURVE ( 'NONE', #6148, #5394, #6029, .T. ) ;
#2291 = DIRECTION ( 'NONE',  ( -0.000000000000000000, -1.000000000000000000, -0.000000000000000000 ) ) ;
#2292 = VECTOR ( 'NONE', #2086, 39.37007874015748143 ) ;
#2293 = ORIENTED_EDGE ( 'NONE', *, *, #6859, .T. ) ;
#2294 = AXIS2_PLACEMENT_3D ( 'NONE', #7050, #5197, #2323 ) ;
#2295 = DIRECTION ( 'NONE',  ( -3.491481338843132961E-15, -1.000000000000000000, 3.984707002911920258E-31 ) ) ;
#2296 = CARTESIAN_POINT ( 'NONE',  ( -0.4606299212598424786, 0.3818897637795276023, -0.3799212598425195653 ) ) ;
#2297 = PLANE ( 'NONE',  #1011 ) ;
#2298 = ADVANCED_FACE ( 'NONE', ( #2513 ), #2479, .T. ) ;
#2299 = PRESENTATION_LAYER_ASSIGNMENT (  '', '', ( #6153 ) ) ;
#2300 = CARTESIAN_POINT ( 'NONE',  ( -0.2967371196795704491, 0.2716535433070866867, -0.4345573953916571641 ) ) ;
#2301 = ORIENTED_EDGE ( 'NONE', *, *, #3627, .F. ) ;
#2302 = EDGE_CURVE ( 'NONE', #587, #64, #1917, .T. ) ;
#2303 = EDGE_CURVE ( 'NONE', #2972, #1945, #1085, .T. ) ;
#2304 = ORIENTED_EDGE ( 'NONE', *, *, #6540, .T. ) ;
#2305 = CARTESIAN_POINT ( 'NONE',  ( -0.4911417322834641941, 0.3818897637795276023, 0.2766265343339151528 ) ) ;
#2306 = DIRECTION ( 'NONE',  ( 0.000000000000000000, 1.000000000000000000, 7.661286097916305006E-43 ) ) ;
#2307 = ORIENTED_EDGE ( 'NONE', *, *, #6484, .F. ) ;
#2308 = EDGE_CURVE ( 'NONE', #2162, #6377, #1934, .T. ) ;
#2309 = CARTESIAN_POINT ( 'NONE',  ( 0.3316939163176266248, 0.4015748031496062520, 0.3779992289461152066 ) ) ;
#2310 = ADVANCED_FACE ( 'NONE', ( #6466 ), #245, .T. ) ;
#2311 = LENGTH_MEASURE_WITH_UNIT ( LENGTH_MEASURE( 0.02539999999999999897 ), #5183 );
#2312 = ORIENTED_EDGE ( 'NONE', *, *, #6039, .T. ) ;
#2313 = CARTESIAN_POINT ( 'NONE',  ( 0.1596456692913385822, 0.3114173228346456268, -0.09303263377995586725 ) ) ;
#2314 = CARTESIAN_POINT ( 'NONE',  ( 0.4704724409448826639, 0.1102362204724409017, -0.03975134881889921118 ) ) ;
#2315 = DIRECTION ( 'NONE',  ( 0.000000000000000000, 0.000000000000000000, 1.000000000000000000 ) ) ;
#2316 = DIRECTION ( 'NONE',  ( -1.000000000000000000, 0.000000000000000000, 0.000000000000000000 ) ) ;
#2317 = DIRECTION ( 'NONE',  ( 0.000000000000000000, 1.000000000000000000, 0.000000000000000000 ) ) ;
#2318 = ORIENTED_EDGE ( 'NONE', *, *, #353, .T. ) ;
#2319 = AXIS2_PLACEMENT_3D ( 'NONE', #5594, #669, #2963 ) ;
#2320 =( NAMED_UNIT ( * ) SI_UNIT ( $, .STERADIAN. ) SOLID_ANGLE_UNIT ( ) );
#2321 = EDGE_LOOP ( 'NONE', ( #6628, #5287, #3863, #6136 ) ) ;
#2322 = ORIENTED_EDGE ( 'NONE', *, *, #6228, .F. ) ;
#2323 = DIRECTION ( 'NONE',  ( 1.000000000000000000, 0.000000000000000000, 0.000000000000000000 ) ) ;
#2324 = DIRECTION ( 'NONE',  ( 1.000000000000000000, 3.469446951953539247E-15, 0.000000000000000000 ) ) ;
#2325 = AXIS2_PLACEMENT_3D ( 'NONE', #6129, #957, #3247 ) ;
#2326 = PLANE ( 'NONE',  #1354 ) ;
#2327 = DIRECTION ( 'NONE',  ( -0.000000000000000000, 0.000000000000000000, 1.000000000000000000 ) ) ;
#2328 = CARTESIAN_POINT ( 'NONE',  ( -0.3980708661417323158, 0.000000000000000000, 0.05118110236220458492 ) ) ;
#2329 = VECTOR ( 'NONE', #557, 39.37007874015748143 ) ;
#2330 = FACE_OUTER_BOUND ( 'NONE', #3903, .T. ) ;
#2331 = VECTOR ( 'NONE', #7268, 39.37007874015748143 ) ;
#2332 = ORIENTED_EDGE ( 'NONE', *, *, #883, .F. ) ;
#2333 = DIRECTION ( 'NONE',  ( 1.000000000000000000, 0.000000000000000000, -0.000000000000000000 ) ) ;
#2334 = AXIS2_PLACEMENT_3D ( 'NONE', #6753, #2045, #3785 ) ;
#2335 = FACE_OUTER_BOUND ( 'NONE', #3462, .T. ) ;
#2336 = LINE ( 'NONE', #5846, #1946 ) ;
#2337 = VECTOR ( 'NONE', #6303, 39.37007874015748143 ) ;
#2338 = DIRECTION ( 'NONE',  ( -0.000000000000000000, 1.000000000000000000, -0.000000000000000000 ) ) ;
#2339 =( BOUNDED_CURVE ( )  B_SPLINE_CURVE ( 3, ( #7278, #6171, #6727, #3942 ),
 .UNSPECIFIED., .F., .T. ) 
 B_SPLINE_CURVE_WITH_KNOTS ( ( 4, 4 ),
 ( 0.000000000000000000, 1.570796326794896558 ),
 .UNSPECIFIED. ) 
 CURVE ( )  GEOMETRIC_REPRESENTATION_ITEM ( )  RATIONAL_B_SPLINE_CURVE ( ( 1.000000000000000000, 0.8047378541243649375, 0.8047378541243649375, 1.000000000000000000 ) ) 
 REPRESENTATION_ITEM ( '' )  );
#2340 = CARTESIAN_POINT ( 'NONE',  ( -0.3004944032656717279, 0.2716535433070866867, -0.4308001118055543865 ) ) ;
#2341 = VERTEX_POINT ( 'NONE', #1860 ) ;
#2342 = EDGE_LOOP ( 'NONE', ( #5529, #5104, #5997, #1311 ) ) ;
#2343 = DIRECTION ( 'NONE',  ( 1.000000000000000000, -3.396661351562978405E-15, -1.141265444721584004E-16 ) ) ;
#2344 = ORIENTED_EDGE ( 'NONE', *, *, #4986, .T. ) ;
#2345 = EDGE_CURVE ( 'NONE', #5685, #6837, #2429, .T. ) ;
#2346 = DIRECTION ( 'NONE',  ( 0.000000000000000000, -1.000000000000000000, -7.661286097916305006E-43 ) ) ;
#2347 = ADVANCED_FACE ( 'NONE', ( #3030 ), #2555, .F. ) ;
#2348 = ORIENTED_EDGE ( 'NONE', *, *, #2109, .T. ) ;
#2349 = AXIS2_PLACEMENT_3D ( 'NONE', #2563, #6403, #4720 ) ;
#2350 = CARTESIAN_POINT ( 'NONE',  ( 0.4704724409448826639, 0.09918119350236434539, -0.03975134881889921118 ) ) ;
#2351 = EDGE_CURVE ( 'NONE', #5243, #2192, #1561, .T. ) ;
#2352 = DIRECTION ( 'NONE',  ( -1.734723475976810053E-15, -1.000000000000000000, 0.000000000000000000 ) ) ;
#2353 = ADVANCED_FACE ( 'NONE', ( #4886 ), #1972, .F. ) ;
#2354 = DIRECTION ( 'NONE',  ( 0.000000000000000000, 1.000000000000000000, 7.661286097916305006E-43 ) ) ;
#2355 = FACE_OUTER_BOUND ( 'NONE', #2225, .T. ) ;
#2356 = DIRECTION ( 'NONE',  ( -0.000000000000000000, 0.000000000000000000, -1.000000000000000000 ) ) ;
#2357 = CIRCLE ( 'NONE', #2369, 0.009842519685039378616 ) ;
#2358 = VERTEX_POINT ( 'NONE', #5312 ) ;
#2359 = ORIENTED_EDGE ( 'NONE', *, *, #4758, .T. ) ;
#2360 = EDGE_CURVE ( 'NONE', #5511, #5667, #2587, .T. ) ;
#2361 = ORIENTED_EDGE ( 'NONE', *, *, #5220, .T. ) ;
#2362 = CARTESIAN_POINT ( 'NONE',  ( 0.3484251968503935815, 0.3858267716535433989, -0.4035433070866142891 ) ) ;
#2363 = DIRECTION ( 'NONE',  ( -0.000000000000000000, -1.000000000000000000, -7.661286097916305006E-43 ) ) ;
#2364 = CARTESIAN_POINT ( 'NONE',  ( -0.2538867397683977623, 0.2571247347676183792, -0.4509012044638410210 ) ) ;
#2365 = CARTESIAN_POINT ( 'NONE',  ( -0.1596456692913385822, 0.3917324959044880539, 0.05623699386691865393 ) ) ;
#2366 = DIRECTION ( 'NONE',  ( 0.000000000000000000, -1.000000000000000000, -7.661286097916305006E-43 ) ) ;
#2367 = CARTESIAN_POINT ( 'NONE',  ( 0.1594488188976377896, 0.3917322834645668994, -0.06045746635706854971 ) ) ;
#2368 = ORIENTED_EDGE ( 'NONE', *, *, #1791, .F. ) ;
#2369 = AXIS2_PLACEMENT_3D ( 'NONE', #898, #2629, #940 ) ;
#2370 = PLANE ( 'NONE',  #4361 ) ;
#2371 = AXIS2_PLACEMENT_3D ( 'NONE', #5742, #2887, #3909 ) ;
#2372 = CARTESIAN_POINT ( 'NONE',  ( 0.1596456692913385822, 0.3015748031496062187, -0.09663724781254488805 ) ) ;
#2373 = CARTESIAN_POINT ( 'NONE',  ( 0.3083442662718037797, 0.2516535433070866690, 0.4488578678306665570 ) ) ;
#2374 = DIRECTION ( 'NONE',  ( 0.000000000000000000, 0.000000000000000000, -1.000000000000000000 ) ) ;
#2375 = CARTESIAN_POINT ( 'NONE',  ( -0.2601158228121032145, 0.2416535433070866601, -0.4506299212598424697 ) ) ;
#2376 = AXIS2_PLACEMENT_3D ( 'NONE', #4235, #6561, #5299 ) ;
#2377 = DIRECTION ( 'NONE',  ( 1.000000000000000000, -0.000000000000000000, -0.000000000000000000 ) ) ;
#2378 = AXIS2_PLACEMENT_3D ( 'NONE', #4181, #6478, #1341 ) ;
#2379 = ORIENTED_EDGE ( 'NONE', *, *, #2216, .F. ) ;
#2380 = AXIS2_PLACEMENT_3D ( 'NONE', #223, #2600, #7037 ) ;
#2381 = ORIENTED_EDGE ( 'NONE', *, *, #4793, .F. ) ;
#2382 = CIRCLE ( 'NONE', #2860, 0.3499999999999999778 ) ;
#2383 = DIRECTION ( 'NONE',  ( 0.000000000000000000, 0.000000000000000000, -1.000000000000000000 ) ) ;
#2384 = ORIENTED_EDGE ( 'NONE', *, *, #2448, .F. ) ;
#2385 = AXIS2_PLACEMENT_3D ( 'NONE', #1042, #5618, #5576 ) ;
#2386 = LINE ( 'NONE', #4691, #5835 ) ;
#2387 = EDGE_CURVE ( 'NONE', #1434, #1125, #888, .T. ) ;
#2388 = CARTESIAN_POINT ( 'NONE',  ( -0.2978669291338584824, 0.000000000000000000, -0.4606299212598424786 ) ) ;
#2389 = LINE ( 'NONE', #5862, #3526 ) ;
#2390 = DIRECTION ( 'NONE',  ( 0.000000000000000000, -1.000000000000000000, -7.661286097916305006E-43 ) ) ;
#2391 = CARTESIAN_POINT ( 'NONE',  ( -0.4789342142725088736, 0.05063094610672995433, 0.02205967480314803206 ) ) ;
#2392 = CARTESIAN_POINT ( 'NONE',  ( 0.1999999999999999833, 0.3015748031496062187, -0.1279527559055120278 ) ) ;
#2393 = VECTOR ( 'NONE', #3186, 39.37007874015748143 ) ;
#2394 = ADVANCED_FACE ( 'NONE', ( #7055 ), #4287, .F. ) ;
#2395 = VERTEX_POINT ( 'NONE', #3633 ) ;
#2396 = ADVANCED_FACE ( 'NONE', ( #778 ), #2889, .T. ) ;
#2397 = EDGE_CURVE ( 'NONE', #4963, #6377, #6566, .T. ) ;
#2398 = ORIENTED_EDGE ( 'NONE', *, *, #4022, .T. ) ;
#2399 = ORIENTED_EDGE ( 'NONE', *, *, #2941, .T. ) ;
#2400 = PLANE ( 'NONE',  #4946 ) ;
#2401 = DIRECTION ( 'NONE',  ( 0.000000000000000000, -1.000000000000000000, -7.661286097916305006E-43 ) ) ;
#2402 = DIRECTION ( 'NONE',  ( 0.000000000000000000, 0.000000000000000000, -1.000000000000000000 ) ) ;
#2403 = CARTESIAN_POINT ( 'NONE',  ( 0.3386220472440941154, 0.000000000000000000, -0.05118110236220478615 ) ) ;
#2404 = LINE ( 'NONE', #2250, #5192 ) ;
#2405 = CARTESIAN_POINT ( 'NONE',  ( -0.4803149606299223495, 0.1102362204724409295, 0.2185039370078739329 ) ) ;
#2406 = AXIS2_PLACEMENT_3D ( 'NONE', #3764, #6072, #903 ) ;
#2407 = ADVANCED_FACE ( 'NONE', ( #6015 ), #5457, .F. ) ;
#2408 = EDGE_LOOP ( 'NONE', ( #2304, #2604, #6441, #4116 ) ) ;
#2409 = ORIENTED_EDGE ( 'NONE', *, *, #3259, .F. ) ;
#2410 = CIRCLE ( 'NONE', #5301, 0.003937007874015724558 ) ;
#2411 = CARTESIAN_POINT ( 'NONE',  ( -0.1930337834871094782, 0.2716535433070866312, 0.4006299212598424808 ) ) ;
#2412 = DIRECTION ( 'NONE',  ( 0.000000000000000000, 0.000000000000000000, 1.000000000000000000 ) ) ;
#2413 = LINE ( 'NONE', #6367, #48 ) ;
#2414 = DIRECTION ( 'NONE',  ( 0.000000000000000000, 0.000000000000000000, 1.000000000000000000 ) ) ;
#2415 = CARTESIAN_POINT ( 'NONE',  ( -0.4616099661787624875, 0.09407740825064973833, -0.03975134881889921118 ) ) ;
#2416 = DIRECTION ( 'NONE',  ( -1.000000000000000000, 0.000000000000000000, 0.000000000000000000 ) ) ;
#2417 = VECTOR ( 'NONE', #6883, 39.37007874015748143 ) ;
#2418 = ORIENTED_EDGE ( 'NONE', *, *, #3388, .F. ) ;
#2419 = AXIS2_PLACEMENT_3D ( 'NONE', #7193, #2044, #6637 ) ;
#2420 = VECTOR ( 'NONE', #5615, 39.37007874015748143 ) ;
#2421 = VERTEX_POINT ( 'NONE', #1477 ) ;
#2422 = DIRECTION ( 'NONE',  ( 1.000000000000000000, 0.000000000000000000, 0.000000000000000000 ) ) ;
#2424 = VECTOR ( 'NONE', #6653, 39.37007874015748143 ) ;
#2423 = CARTESIAN_POINT ( 'NONE',  ( 0.1999999999999999833, 0.4015748031496062520, -0.1279527559055120278 ) ) ;
#2425 = ORIENTED_EDGE ( 'NONE', *, *, #1177, .T. ) ;
#2426 = CARTESIAN_POINT ( 'NONE',  ( -0.2265748031496063741, 0.2416535433070866601, 0.4606299212598424786 ) ) ;
#2427 = VECTOR ( 'NONE', #4804, 39.37007874015748143 ) ;
#2428 = ORIENTED_EDGE ( 'NONE', *, *, #460, .T. ) ;
#2429 = B_SPLINE_CURVE_WITH_KNOTS ( 'NONE', 3,
 ( #4169, #5914, #165, #742 ),
 .UNSPECIFIED., .F., .F.,
 ( 4, 4 ),
 ( 0.6010120612918484762, 1.000000000000000000 ),
 .UNSPECIFIED. ) ;
#2430 = LINE ( 'NONE', #1391, #3517 ) ;
#2431 = CARTESIAN_POINT ( 'NONE',  ( 1.800958267888598696, 0.2416535433070866601, 0.000000000000000000 ) ) ;
#2432 = DIRECTION ( 'NONE',  ( -0.000000000000000000, -0.000000000000000000, 1.000000000000000000 ) ) ;
#2433 = STYLED_ITEM ( 'NONE', ( #2163 ), #4459 ) ;
#2434 = VERTEX_POINT ( 'NONE', #3214 ) ;
#2435 = VERTEX_POINT ( 'NONE', #5078 ) ;
#2436 = ORIENTED_EDGE ( 'NONE', *, *, #6855, .T. ) ;
#2437 = FACE_OUTER_BOUND ( 'NONE', #1892, .T. ) ;
#2438 = LINE ( 'NONE', #162, #6668 ) ;
#2439 = FACE_OUTER_BOUND ( 'NONE', #3386, .T. ) ;
#2440 = CYLINDRICAL_SURFACE ( 'NONE', #3036, 0.009842519685039543414 ) ;
#2441 = DIRECTION ( 'NONE',  ( 0.8660254037844417052, 3.081856994139119741E-15, -0.4999999999999947820 ) ) ;
#2442 = EDGE_CURVE ( 'NONE', #6435, #3333, #3786, .T. ) ;
#2443 = PLANE ( 'NONE',  #3689 ) ;
#2444 = DIRECTION ( 'NONE',  ( 1.000000000000000000, -3.396661351562978405E-15, -1.141265444721584004E-16 ) ) ;
#2445 = EDGE_LOOP ( 'NONE', ( #4819, #1975, #2399, #3456 ) ) ;
#2446 = AXIS2_PLACEMENT_3D ( 'NONE', #3702, #690, #5935 ) ;
#2447 = ORIENTED_EDGE ( 'NONE', *, *, #920, .T. ) ;
#2448 = EDGE_CURVE ( 'NONE', #6936, #6435, #2616, .T. ) ;
#2449 = DIRECTION ( 'NONE',  ( 0.000000000000000000, 0.000000000000000000, 1.000000000000000000 ) ) ;
#2450 = AXIS2_PLACEMENT_3D ( 'NONE', #6451, #3547, #6487 ) ;
#2451 = CARTESIAN_POINT ( 'NONE',  ( 0.2405511811023622049, 0.3917322834645668994, -0.06045746635706857747 ) ) ;
#2452 = CARTESIAN_POINT ( 'NONE',  ( -0.4940944881889764995, 0.2023622047244093280, -0.2054993803149607612 ) ) ;
#2453 = B_SPLINE_CURVE_WITH_KNOTS ( 'NONE', 3,
 ( #3497, #3459, #6852, #5786 ),
 .UNSPECIFIED., .F., .F.,
 ( 4, 4 ),
 ( 0.000000000000000000, 0.6010112023691344119 ),
 .UNSPECIFIED. ) ;
#2454 = EDGE_CURVE ( 'NONE', #4584, #759, #1633, .T. ) ;
#2455 = DIRECTION ( 'NONE',  ( -0.000000000000000000, -0.4896753169007020956, -0.8719048594991295476 ) ) ;
#2456 = EDGE_CURVE ( 'NONE', #2435, #2549, #3898, .T. ) ;
#2457 = VECTOR ( 'NONE', #7265, 39.37007874015747433 ) ;
#2458 = DIRECTION ( 'NONE',  ( 1.000000000000000000, -3.433861939970594219E-15, 0.000000000000000000 ) ) ;
#2459 = VERTEX_POINT ( 'NONE', #5655 ) ;
#2460 = AXIS2_PLACEMENT_3D ( 'NONE', #2004, #6163, #5039 ) ;
#2461 = VECTOR ( 'NONE', #4833, 39.37007874015748143 ) ;
#2462 = ORIENTED_EDGE ( 'NONE', *, *, #4240, .F. ) ;
#2463 = CARTESIAN_POINT ( 'NONE',  ( -0.3265669291338584856, 0.000000000000000000, 0.3511974678401352246 ) ) ;
#2464 = ORIENTED_EDGE ( 'NONE', *, *, #5401, .F. ) ;
#2465 = AXIS2_PLACEMENT_3D ( 'NONE', #6623, #1017, #2177 ) ;
#2466 = VECTOR ( 'NONE', #3233, 39.37007874015748143 ) ;
#2467 = CARTESIAN_POINT ( 'NONE',  ( 0.4547244094488193666, 0.1682667163864392801, -0.2054993803149607612 ) ) ;
#2468 = AXIS2_PLACEMENT_3D ( 'NONE', #6961, #714, #5248 ) ;
#2469 = LINE ( 'NONE', #4727, #1225 ) ;
#2470 = CARTESIAN_POINT ( 'NONE',  ( -0.3484251968503935815, 0.4015748031496061965, -0.3877952755905513804 ) ) ;
#2471 = DIRECTION ( 'NONE',  ( 1.000000000000000000, 0.000000000000000000, 0.000000000000000000 ) ) ;
#2472 = LINE ( 'NONE', #1889, #4339 ) ;
#2473 = ORIENTED_EDGE ( 'NONE', *, *, #2302, .T. ) ;
#2474 = AXIS2_PLACEMENT_3D ( 'NONE', #5884, #5848, #6960 ) ;
#2475 = ORIENTED_EDGE ( 'NONE', *, *, #5780, .F. ) ;
#2476 = DIRECTION ( 'NONE',  ( 0.000000000000000000, 0.000000000000000000, -1.000000000000000000 ) ) ;
#2477 = DIRECTION ( 'NONE',  ( 0.000000000000000000, 1.000000000000000000, 7.661286097916305006E-43 ) ) ;
#2478 = DIRECTION ( 'NONE',  ( 0.4999999999999943934, 0.000000000000000000, 0.8660254037844418162 ) ) ;
#2479 = PLANE ( 'NONE',  #486 ) ;
#2480 = VECTOR ( 'NONE', #1489, 39.37007874015748143 ) ;
#2481 = LINE ( 'NONE', #4134, #5263 ) ;
#2482 = ORIENTED_EDGE ( 'NONE', *, *, #269, .T. ) ;
#2483 = EDGE_CURVE ( 'NONE', #6409, #2435, #6755, .T. ) ;
#2484 = ORIENTED_EDGE ( 'NONE', *, *, #3920, .F. ) ;
#2485 = CARTESIAN_POINT ( 'NONE',  ( -0.4803149606299213503, 0.3818897637795276023, 0.2185039370078739329 ) ) ;
#2486 = FACE_OUTER_BOUND ( 'NONE', #3078, .T. ) ;
#2487 = CARTESIAN_POINT ( 'NONE',  ( -0.2403543307086613845, 0.3114173228346456268, -0.09663724781254488805 ) ) ;
#2488 = DIRECTION ( 'NONE',  ( 0.000000000000000000, 1.000000000000000000, 0.000000000000000000 ) ) ;
#2489 = FACE_OUTER_BOUND ( 'NONE', #1258, .T. ) ;
#2490 = EDGE_CURVE ( 'NONE', #108, #5627, #3736, .T. ) ;
#2491 = ORIENTED_EDGE ( 'NONE', *, *, #3727, .F. ) ;
#2492 = AXIS2_PLACEMENT_3D ( 'NONE', #6539, #3676, #3522 ) ;
#2493 = ADVANCED_FACE ( 'NONE', ( #352 ), #6149, .T. ) ;
#2494 = EDGE_LOOP ( 'NONE', ( #5547, #2960, #258, #5374 ) ) ;
#2495 = EDGE_CURVE ( 'NONE', #4778, #4011, #495, .T. ) ;
#2496 = DIRECTION ( 'NONE',  ( -0.000000000000000000, 0.000000000000000000, 1.000000000000000000 ) ) ;
#2497 = ORIENTED_EDGE ( 'NONE', *, *, #3082, .T. ) ;
#2498 = DIRECTION ( 'NONE',  ( -1.000000000000000000, 0.000000000000000000, 0.000000000000000000 ) ) ;
#2499 = DIRECTION ( 'NONE',  ( -0.000000000000000000, -0.000000000000000000, -1.000000000000000000 ) ) ;
#2500 = EDGE_CURVE ( 'NONE', #2239, #1111, #6501, .T. ) ;
#2501 = EDGE_CURVE ( 'NONE', #1111, #7169, #4443, .T. ) ;
#2502 = VERTEX_POINT ( 'NONE', #2198 ) ;
#2503 = VECTOR ( 'NONE', #3652, 39.37007874015748143 ) ;
#2504 = LINE ( 'NONE', #3584, #6070 ) ;
#2505 = CARTESIAN_POINT ( 'NONE',  ( -0.4803149606299213503, 0.3818897637795276023, 0.2185039370078739329 ) ) ;
#2506 = DIRECTION ( 'NONE',  ( -0.8660254037844417052, 3.081856994139119741E-15, -0.4999999999999947820 ) ) ;
#2507 = CARTESIAN_POINT ( 'NONE',  ( 0.1594488188976377896, 0.3917322834645668994, 0.1200787401574801017 ) ) ;
#2508 = VERTEX_POINT ( 'NONE', #3859 ) ;
#2509 = EDGE_LOOP ( 'NONE', ( #4575, #2599, #2140, #2012 ) ) ;
#2510 = DIRECTION ( 'NONE',  ( 0.000000000000000000, 7.661286097916325716E-43, 1.000000000000000000 ) ) ;
#2511 = DIRECTION ( 'NONE',  ( -1.000000000000000000, 0.000000000000000000, 2.710505431213761085E-16 ) ) ;
#2512 = PLANE ( 'NONE',  #6279 ) ;
#2513 = FACE_OUTER_BOUND ( 'NONE', #1731, .T. ) ;
#2514 = FACE_OUTER_BOUND ( 'NONE', #907, .T. ) ;
#2515 = DIRECTION ( 'NONE',  ( 1.000000000000000000, 0.000000000000000000, 0.000000000000000000 ) ) ;
#2516 = ORIENTED_EDGE ( 'NONE', *, *, #6870, .F. ) ;
#2517 = DIRECTION ( 'NONE',  ( 0.000000000000000000, 0.000000000000000000, 1.000000000000000000 ) ) ;
#2518 = PLANE ( 'NONE',  #6372 ) ;
#2519 = ORIENTED_EDGE ( 'NONE', *, *, #641, .F. ) ;
#2520 = DIRECTION ( 'NONE',  ( -1.000000000000000000, 3.396661351562978405E-15, 1.141265444721584004E-16 ) ) ;
#2521 = CARTESIAN_POINT ( 'NONE',  ( 0.1596456692913385822, 0.3659856491034197412, 0.02165587032319900990 ) ) ;
#2522 = CARTESIAN_POINT ( 'NONE',  ( 0.4752772192324700717, 0.04917272174909721044, 0.02205967480314803206 ) ) ;
#2523 = CARTESIAN_POINT ( 'NONE',  ( 0.3487518205591552123, 0.2516535433070866690, -0.3788699307953760642 ) ) ;
#2524 = CARTESIAN_POINT ( 'NONE',  ( -0.3484251968503935815, 0.3858267716535433989, -0.4035433070866142891 ) ) ;
#2525 = CARTESIAN_POINT ( 'NONE',  ( -0.4704724409448826639, 0.09918119350236434539, 0.02205967480314803206 ) ) ;
#2526 = ADVANCED_FACE ( 'NONE', ( #3328 ), #2085, .T. ) ;
#2527 = ORIENTED_EDGE ( 'NONE', *, *, #2751, .T. ) ;
#2528 = ORIENTED_EDGE ( 'NONE', *, *, #508, .T. ) ;
#2529 = ADVANCED_FACE ( 'NONE', ( #2278 ), #4018, .T. ) ;
#2530 = DIRECTION ( 'NONE',  ( 0.000000000000000000, 0.000000000000000000, -1.000000000000000000 ) ) ;
#2531 = ORIENTED_EDGE ( 'NONE', *, *, #122, .F. ) ;
#2532 = CIRCLE ( 'NONE', #6267, 0.08500000000001084466 ) ;
#2533 = CARTESIAN_POINT ( 'NONE',  ( -0.2978669291338584824, 0.2416535433070866601, 0.4319299212598425308 ) ) ;
#2534 = EDGE_CURVE ( 'NONE', #2395, #4409, #7174, .T. ) ;
#2535 = LINE ( 'NONE', #4761, #5548 ) ;
#2536 = EDGE_CURVE ( 'NONE', #1795, #404, #4695, .T. ) ;
#2537 = DIMENSIONAL_EXPONENTS ( 1.000000000000000000, 0.000000000000000000, 0.000000000000000000, 0.000000000000000000, 0.000000000000000000, 0.000000000000000000, 0.000000000000000000 ) ;
#2538 = AXIS2_PLACEMENT_3D ( 'NONE', #283, #7161, #2006 ) ;
#2539 = CARTESIAN_POINT ( 'NONE',  ( -0.2619094949734502853, 0.2577683469667285121, -0.4571060850642203466 ) ) ;
#2540 = ADVANCED_FACE ( 'NONE', ( #2355 ), #6286, .T. ) ;
#2541 = FACE_OUTER_BOUND ( 'NONE', #2280, .T. ) ;
#2542 = CARTESIAN_POINT ( 'NONE',  ( -0.02972440944881905162, 0.2716535433070866312, 0.3499999999999999778 ) ) ;
#2543 = DIRECTION ( 'NONE',  ( 0.000000000000000000, 1.000000000000000000, 0.000000000000000000 ) ) ;
#2544 = DIRECTION ( 'NONE',  ( 1.000000000000000000, -0.000000000000000000, -0.000000000000000000 ) ) ;
#2545 = EDGE_CURVE ( 'NONE', #6318, #3081, #723, .T. ) ;
#2546 = ADVANCED_FACE ( 'NONE', ( #517 ), #1746, .F. ) ;
#2547 = MECHANICAL_DESIGN_GEOMETRIC_PRESENTATION_REPRESENTATION (  '', ( #6153 ), #11 ) ;
#2548 = EDGE_LOOP ( 'NONE', ( #3332, #303, #1432, #6059 ) ) ;
#2549 = VERTEX_POINT ( 'NONE', #6382 ) ;
#2550 = LINE ( 'NONE', #1929, #2041 ) ;
#2551 = CARTESIAN_POINT ( 'NONE',  ( 0.4714814016823667409, 0.03274533922123844948, -0.03975134881889921118 ) ) ;
#2552 = COLOUR_RGB ( '',0.7921568627450980005, 0.8196078431372548767, 0.9333333333333333481 ) ;
#2553 = DIRECTION ( 'NONE',  ( -0.000000000000000000, -1.000000000000000000, 0.000000000000000000 ) ) ;
#2554 = CARTESIAN_POINT ( 'NONE',  ( 0.3818809286427813365, 0.000000000000000000, -0.05118110236220476533 ) ) ;
#2555 = PLANE ( 'NONE',  #2039 ) ;
#2556 = LINE ( 'NONE', #7199, #803 ) ;
#2557 = ORIENTED_EDGE ( 'NONE', *, *, #2148, .F. ) ;
#2558 = DIRECTION ( 'NONE',  ( 0.000000000000000000, 1.000000000000000000, 7.661286097916305006E-43 ) ) ;
#2559 = DIRECTION ( 'NONE',  ( 0.000000000000000000, 1.000000000000000000, 3.787605842744118123E-15 ) ) ;
#2560 = ORIENTED_EDGE ( 'NONE', *, *, #2200, .T. ) ;
#2561 = CARTESIAN_POINT ( 'NONE',  ( 0.2087340609205521613, 0.2716535433070866312, 0.4606299212598424786 ) ) ;
#2562 = CARTESIAN_POINT ( 'NONE',  ( 0.4704724409448823308, 0.2023622047244092448, -0.2054993803149607612 ) ) ;
#2563 = CARTESIAN_POINT ( 'NONE',  ( -0.4744094488188977388, 0.2023622047244094668, -0.2054993803149607612 ) ) ;
#2564 = DIRECTION ( 'NONE',  ( 0.000000000000000000, 0.000000000000000000, -1.000000000000000000 ) ) ;
#2565 = CIRCLE ( 'NONE', #3882, 0.003937007874015724558 ) ;
#2566 = VERTEX_POINT ( 'NONE', #6876 ) ;
#2567 = AXIS2_PLACEMENT_3D ( 'NONE', #2804, #3936, #1632 ) ;
#2568 = ORIENTED_EDGE ( 'NONE', *, *, #2619, .T. ) ;
#2569 = DIRECTION ( 'NONE',  ( 0.000000000000000000, -1.000000000000000000, -7.661286097916305006E-43 ) ) ;
#2570 = AXIS2_PLACEMENT_3D ( 'NONE', #1377, #252, #3681 ) ;
#2571 = VERTEX_POINT ( 'NONE', #6975 ) ;
#2572 = EDGE_CURVE ( 'NONE', #6269, #4768, #3850, .T. ) ;
#2573 = CARTESIAN_POINT ( 'NONE',  ( -0.2712895921055932802, 0.2716535433070866867, -0.4344516703850026529 ) ) ;
#2574 = CIRCLE ( 'NONE', #6898, 0.01574803149606296415 ) ;
#2575 = CARTESIAN_POINT ( 'NONE',  ( -0.2621977569112851070, 0.2576625425026043414, -0.4563293440019663971 ) ) ;
#2576 = ORIENTED_EDGE ( 'NONE', *, *, #5349, .F. ) ;
#2577 = CYLINDRICAL_SURFACE ( 'NONE', #2078, 0.01574803149606296415 ) ;
#2578 = CARTESIAN_POINT ( 'NONE',  ( 0.2248110124664194909, 0.2516535433070866690, 0.4006299212598424808 ) ) ;
#2579 = CARTESIAN_POINT ( 'NONE',  ( 0.3083442662718037242, 0.000000000000000000, -0.4488578678306663350 ) ) ;
#2580 = ADVANCED_FACE ( 'NONE', ( #1072 ), #3979, .T. ) ;
#2581 = ORIENTED_EDGE ( 'NONE', *, *, #1649, .T. ) ;
#2582 = EDGE_CURVE ( 'NONE', #6030, #5382, #4173, .T. ) ;
#2583 = VERTEX_POINT ( 'NONE', #4122 ) ;
#2584 = ADVANCED_FACE ( 'NONE', ( #2806 ), #3368, .T. ) ;
#2585 = FACE_OUTER_BOUND ( 'NONE', #1637, .T. ) ;
#2586 = CARTESIAN_POINT ( 'NONE',  ( -0.1999999999999999833, 0.3015748031496062187, -0.1279527559055120278 ) ) ;
#2587 = LINE ( 'NONE', #6602, #2778 ) ;
#2588 = LINE ( 'NONE', #4324, #5264 ) ;
#2589 = EDGE_CURVE ( 'NONE', #4038, #1783, #7424, .T. ) ;
#2590 = ORIENTED_EDGE ( 'NONE', *, *, #3158, .F. ) ;
#2591 = ORIENTED_EDGE ( 'NONE', *, *, #4052, .F. ) ;
#2592 = CARTESIAN_POINT ( 'NONE',  ( -0.2265748031496063741, 0.2716535433070866312, 0.3756299212598424031 ) ) ;
#2593 = ORIENTED_EDGE ( 'NONE', *, *, #1923, .F. ) ;
#2594 = DIRECTION ( 'NONE',  ( 0.6755902076156643510, 0.000000000000000000, 0.7372773368101203095 ) ) ;
#2595 = FACE_OUTER_BOUND ( 'NONE', #2069, .T. ) ;
#2596 = DIRECTION ( 'NONE',  ( -0.000000000000000000, -1.000000000000000000, -7.661286097916305006E-43 ) ) ;
#2597 = CARTESIAN_POINT ( 'NONE',  ( -0.4890567467915251654, 0.04917272174909721044, 0.02205967480314803206 ) ) ;
#2598 = VERTEX_POINT ( 'NONE', #2579 ) ;
#2599 = ORIENTED_EDGE ( 'NONE', *, *, #6315, .T. ) ;
#2600 = DIRECTION ( 'NONE',  ( 0.000000000000000000, 0.8719048594991296586, -0.4896753169007021511 ) ) ;
#2601 = DIRECTION ( 'NONE',  ( 0.000000000000000000, 1.000000000000000000, 0.000000000000000000 ) ) ;
#2602 = VERTEX_POINT ( 'NONE', #4731 ) ;
#2603 = UNCERTAINTY_MEASURE_WITH_UNIT (LENGTH_MEASURE( 1.000000000000000082E-05 ), #1103, 'distance_accuracy_value', 'NONE');
#2604 = ORIENTED_EDGE ( 'NONE', *, *, #951, .T. ) ;
#2605 = CARTESIAN_POINT ( 'NONE',  ( -0.2265748031496063741, 0.2416535433070866601, -0.4606299212598424786 ) ) ;
#2606 = DIRECTION ( 'NONE',  ( -1.000000000000000000, 0.000000000000000000, 0.000000000000000000 ) ) ;
#2607 = DIRECTION ( 'NONE',  ( 0.000000000000000000, 1.000000000000000000, 0.000000000000000000 ) ) ;
#2608 = DIRECTION ( 'NONE',  ( 0.000000000000000000, -0.000000000000000000, -1.000000000000000000 ) ) ;
#2609 = VECTOR ( 'NONE', #2506, 39.37007874015748143 ) ;
#2610 = EDGE_CURVE ( 'NONE', #7118, #199, #768, .T. ) ;
#2611 = ORIENTED_EDGE ( 'NONE', *, *, #2666, .F. ) ;
#2612 = EDGE_LOOP ( 'NONE', ( #28, #1004, #3894 ) ) ;
#2613 = DIRECTION ( 'NONE',  ( 1.000000000000000000, -1.414949856066673807E-73, 8.459571950149005536E-16 ) ) ;
#2614 = CARTESIAN_POINT ( 'NONE',  ( -0.3265669291338584856, 0.2416535433070866601, -0.4319299212598423643 ) ) ;
#2615 = EDGE_CURVE ( 'NONE', #6989, #2395, #6114, .T. ) ;
#2616 = LINE ( 'NONE', #432, #6863 ) ;
#2617 = CARTESIAN_POINT ( 'NONE',  ( -0.02972440944881905162, 0.2516535433070866690, 9.705473735494732134E-31 ) ) ;
#2618 = AXIS2_PLACEMENT_3D ( 'NONE', #1194, #3566, #2412 ) ;
#2619 = EDGE_CURVE ( 'NONE', #2898, #4844, #4161, .T. ) ;
#2620 = ADVANCED_FACE ( 'NONE', ( #1286 ), #1322, .T. ) ;
#2621 = VERTEX_POINT ( 'NONE', #2984 ) ;
#2622 = VERTEX_POINT ( 'NONE', #6419 ) ;
#2623 = DIRECTION ( 'NONE',  ( 2.376534111578445229E-15, 1.000000000000000000, 2.047436161103815492E-15 ) ) ;
#2624 = ORIENTED_EDGE ( 'NONE', *, *, #3124, .F. ) ;
#2625 = LINE ( 'NONE', #895, #6183 ) ;
#2626 = CARTESIAN_POINT ( 'NONE',  ( 0.2087340609205521613, 0.2716535433070866312, -0.4606299212598424786 ) ) ;
#2627 = EDGE_CURVE ( 'NONE', #7315, #4326, #5865, .T. ) ;
#2628 = CARTESIAN_POINT ( 'NONE',  ( 0.1596456692913385822, 0.3015748031496062187, -0.1279527559055120278 ) ) ;
#2629 = DIRECTION ( 'NONE',  ( -0.000000000000000000, -0.000000000000000000, 1.000000000000000000 ) ) ;
#2630 = EDGE_CURVE ( 'NONE', #408, #2149, #3664, .T. ) ;
#2631 = ORIENTED_EDGE ( 'NONE', *, *, #6815, .F. ) ;
#2632 = ORIENTED_EDGE ( 'NONE', *, *, #7164, .F. ) ;
#2633 = ORIENTED_EDGE ( 'NONE', *, *, #174, .F. ) ;
#2634 = LINE ( 'NONE', #1573, #6781 ) ;
#2635 = ORIENTED_EDGE ( 'NONE', *, *, #2397, .T. ) ;
#2636 = CARTESIAN_POINT ( 'NONE',  ( -0.4295669291338582441, 0.02000000000000002470, -0.05118110236220476533 ) ) ;
#2637 = DIRECTION ( 'NONE',  ( 1.000000000000000000, 0.000000000000000000, -5.542458384320307220E-16 ) ) ;
#2638 = VECTOR ( 'NONE', #6845, 39.37007874015748143 ) ;
#2639 = EDGE_LOOP ( 'NONE', ( #1037, #1614, #1414, #1668 ) ) ;
#2640 = DIRECTION ( 'NONE',  ( -0.4999999999999943934, 5.848646723535903236E-16, -0.8660254037844418162 ) ) ;
#2641 = CARTESIAN_POINT ( 'NONE',  ( -0.2017928749367221275, 0.2501940695371154266, -0.4529029487007895649 ) ) ;
#2642 = DIRECTION ( 'NONE',  ( 1.000000000000000000, 0.000000000000000000, 0.000000000000000000 ) ) ;
#2643 = AXIS2_PLACEMENT_3D ( 'NONE', #5420, #6537, #3598 ) ;
#2644 = ORIENTED_EDGE ( 'NONE', *, *, #1373, .T. ) ;
#2645 = ORIENTED_EDGE ( 'NONE', *, *, #3627, .T. ) ;
#2646 = DIRECTION ( 'NONE',  ( 0.000000000000000000, 0.000000000000000000, -1.000000000000000000 ) ) ;
#2647 = EDGE_CURVE ( 'NONE', #6396, #5435, #927, .T. ) ;
#2648 = CIRCLE ( 'NONE', #5920, 0.3499999999999999778 ) ;
#2649 = CARTESIAN_POINT ( 'NONE',  ( 0.3818809286427810590, 0.01999999999999999001, 0.05118110236220487635 ) ) ;
#2650 = CARTESIAN_POINT ( 'NONE',  ( 0.4269494753157548339, 0.2716535433070866312, 0.3584687405235142954 ) ) ;
#2651 = ORIENTED_EDGE ( 'NONE', *, *, #3082, .F. ) ;
#2652 = ORIENTED_EDGE ( 'NONE', *, *, #3073, .T. ) ;
#2653 = CARTESIAN_POINT ( 'NONE',  ( 0.2167725366934860065, 0.2716535433070866312, -0.4306299212598424520 ) ) ;
#2654 = VERTEX_POINT ( 'NONE', #4803 ) ;
#2655 = FACE_BOUND ( 'NONE', #5119, .T. ) ;
#2656 = ADVANCED_FACE ( 'NONE', ( #156 ), #1247, .T. ) ;
#2657 = DIRECTION ( 'NONE',  ( -1.000000000000000000, 0.000000000000000000, 0.000000000000000000 ) ) ;
#2658 = CARTESIAN_POINT ( 'NONE',  ( -0.02972440944881905162, 0.000000000000000000, 0.000000000000000000 ) ) ;
#2659 = DIRECTION ( 'NONE',  ( 0.4999999999999943934, 0.000000000000000000, 0.8660254037844418162 ) ) ;
#2660 = DIRECTION ( 'NONE',  ( -0.000000000000000000, -0.000000000000000000, -1.000000000000000000 ) ) ;
#2661 = ORIENTED_EDGE ( 'NONE', *, *, #7076, .F. ) ;
#2662 = EDGE_CURVE ( 'NONE', #4584, #3098, #6697, .T. ) ;
#2663 = ORIENTED_EDGE ( 'NONE', *, *, #5729, .F. ) ;
#2664 = ADVANCED_FACE ( 'NONE', ( #6523 ), #1357, .F. ) ;
#2665 = CARTESIAN_POINT ( 'NONE',  ( 0.2403543307086613845, 0.3917322834645668994, 0.1200787401574804486 ) ) ;
#2666 = EDGE_CURVE ( 'NONE', #4759, #885, #197, .T. ) ;
#2667 = ORIENTED_EDGE ( 'NONE', *, *, #4655, .T. ) ;
#2668 = DIRECTION ( 'NONE',  ( 0.000000000000000000, 1.000000000000000000, 7.661286097916305006E-43 ) ) ;
#2669 = CARTESIAN_POINT ( 'NONE',  ( -0.4295669291338582996, 0.000000000000000000, -0.08999999999999999667 ) ) ;
#2670 = EDGE_CURVE ( 'NONE', #168, #6928, #5972, .T. ) ;
#2671 = ORIENTED_EDGE ( 'NONE', *, *, #5732, .F. ) ;
#2672 = VECTOR ( 'NONE', #5689, 39.37007874015748143 ) ;
#2673 = DIRECTION ( 'NONE',  ( 3.396661351562978405E-15, -1.000000000000000000, 1.392496217984120218E-32 ) ) ;
#2674 = DIRECTION ( 'NONE',  ( 1.000000000000000000, 0.000000000000000000, 3.920279041755496988E-16 ) ) ;
#2675 = ORIENTED_EDGE ( 'NONE', *, *, #3196, .F. ) ;
#2676 = CIRCLE ( 'NONE', #6178, 0.003937007874015724558 ) ;
#2677 = DIRECTION ( 'NONE',  ( -1.000000000000000000, 0.000000000000000000, 0.000000000000000000 ) ) ;
#2678 = DIRECTION ( 'NONE',  ( -1.000000000000000000, -0.000000000000000000, -0.000000000000000000 ) ) ;
#2679 = DIRECTION ( 'NONE',  ( 0.000000000000000000, 0.000000000000000000, -1.000000000000000000 ) ) ;
#2680 = VECTOR ( 'NONE', #3927, 39.37007874015748854 ) ;
#2681 = VERTEX_POINT ( 'NONE', #693 ) ;
#2682 = VECTOR ( 'NONE', #2210, 39.37007874015748143 ) ;
#2683 = VECTOR ( 'NONE', #2377, 39.37007874015748143 ) ;
#2684 = ORIENTED_EDGE ( 'NONE', *, *, #5767, .F. ) ;
#2685 = DIRECTION ( 'NONE',  ( -0.000000000000000000, -0.000000000000000000, -1.000000000000000000 ) ) ;
#2686 = DIRECTION ( 'NONE',  ( -5.542458384320307220E-16, -7.255895995099732854E-43, -1.000000000000000000 ) ) ;
#2687 = CARTESIAN_POINT ( 'NONE',  ( -0.4752772192324700717, 0.04917272174909721044, 0.02205967480314803206 ) ) ;
#2688 = DIRECTION ( 'NONE',  ( 0.000000000000000000, 1.000000000000000000, 0.000000000000000000 ) ) ;
#2689 = AXIS2_PLACEMENT_3D ( 'NONE', #3468, #5227, #7079 ) ;
#2690 = ORIENTED_EDGE ( 'NONE', *, *, #5536, .T. ) ;
#2691 = VERTEX_POINT ( 'NONE', #3131 ) ;
#2692 = DIRECTION ( 'NONE',  ( -0.3703889868387169604, 0.9288767401698617698, 0.000000000000000000 ) ) ;
#2693 = ORIENTED_EDGE ( 'NONE', *, *, #4297, .T. ) ;
#2694 = CARTESIAN_POINT ( 'NONE',  ( -0.3679550999545743162, 0.000000000000000000, -0.08999999999999996891 ) ) ;
#2695 = CARTESIAN_POINT ( 'NONE',  ( 0.2736405827105305999, 0.3917322834645668994, 0.4035433070866140670 ) ) ;
#2696 = CIRCLE ( 'NONE', #3422, 0.01377952755905511965 ) ;
#2697 = CARTESIAN_POINT ( 'NONE',  ( -0.3980708661417323158, 0.01999999999999999001, 0.05118110236220458492 ) ) ;
#2698 = CARTESIAN_POINT ( 'NONE',  ( -0.02972440944881905162, 0.2716535433070866312, 0.000000000000000000 ) ) ;
#2699 = LINE ( 'NONE', #5008, #5632 ) ;
#2700 = DIRECTION ( 'NONE',  ( 1.000000000000000000, 3.469446951953611428E-15, 0.000000000000000000 ) ) ;
#2701 = ADVANCED_FACE ( 'NONE', ( #5335 ), #273, .T. ) ;
#2702 = DIRECTION ( 'NONE',  ( -1.000000000000000000, 0.000000000000000000, 0.000000000000000000 ) ) ;
#2703 = ORIENTED_EDGE ( 'NONE', *, *, #6756, .F. ) ;
#2704 = CARTESIAN_POINT ( 'NONE',  ( -0.4295669291338582996, 0.2716535433070866312, 0.09000000000000001055 ) ) ;
#2705 = DIRECTION ( 'NONE',  ( -0.000000000000000000, -7.661286097916305006E-43, -1.000000000000000000 ) ) ;
#2706 = VERTEX_POINT ( 'NONE', #7046 ) ;
#2707 = EDGE_CURVE ( 'NONE', #4500, #5002, #2382, .T. ) ;
#2708 = CARTESIAN_POINT ( 'NONE',  ( -0.2018875921694687769, 0.2497657715097138520, -0.4529711509101964628 ) ) ;
#2709 = EDGE_CURVE ( 'NONE', #3194, #5005, #3576, .T. ) ;
#2710 = EDGE_CURVE ( 'NONE', #3098, #2654, #5031, .T. ) ;
#2711 = VERTEX_POINT ( 'NONE', #6158 ) ;
#2712 = LINE ( 'NONE', #2373, #992 ) ;
#2713 = CARTESIAN_POINT ( 'NONE',  ( -0.2018876688804973618, 0.2497653583264039800, 0.4529712039656580425 ) ) ;
#2714 = CARTESIAN_POINT ( 'NONE',  ( -0.2404527559055117947, 0.4015748031496061965, 0.1200787401574800739 ) ) ;
#2715 = EDGE_CURVE ( 'NONE', #2691, #991, #2755, .T. ) ;
#2716 = LINE ( 'NONE', #1468, #7095 ) ;
#2717 = ORIENTED_EDGE ( 'NONE', *, *, #5894, .F. ) ;
#2718 = AXIS2_PLACEMENT_3D ( 'NONE', #2405, #5842, #6987 ) ;
#2719 = VECTOR ( 'NONE', #890, 39.37007874015748854 ) ;
#2720 = DIRECTION ( 'NONE',  ( 0.000000000000000000, 0.000000000000000000, 1.000000000000000000 ) ) ;
#2721 = ORIENTED_EDGE ( 'NONE', *, *, #5589, .F. ) ;
#2722 = DIRECTION ( 'NONE',  ( 0.000000000000000000, 0.000000000000000000, -1.000000000000000000 ) ) ;
#2723 = DIRECTION ( 'NONE',  ( 0.000000000000000000, 0.000000000000000000, -1.000000000000000000 ) ) ;
#2724 = DIRECTION ( 'NONE',  ( 0.000000000000000000, -4.956352788505162676E-15, 1.000000000000000000 ) ) ;
#2725 = VECTOR ( 'NONE', #2678, 39.37007874015748143 ) ;
#2726 = ORIENTED_EDGE ( 'NONE', *, *, #1328, .F. ) ;
#2727 = CARTESIAN_POINT ( 'NONE',  ( -0.4295669291338582996, 0.2716535433070866312, 0.09000000000000001055 ) ) ;
#2728 = VERTEX_POINT ( 'NONE', #4435 ) ;
#2729 = CYLINDRICAL_SURFACE ( 'NONE', #4710, 0.07874015748031495954 ) ;
#2730 = ORIENTED_EDGE ( 'NONE', *, *, #469, .F. ) ;
#2731 = DIRECTION ( 'NONE',  ( -1.000000000000000000, 0.000000000000000000, 0.000000000000000000 ) ) ;
#2732 = DIRECTION ( 'NONE',  ( 0.4999999999999997224, -2.837241783022915639E-31, 0.8660254037844388186 ) ) ;
#2733 = AXIS2_PLACEMENT_3D ( 'NONE', #4538, #3346, #5013 ) ;
#2734 = CARTESIAN_POINT ( 'NONE',  ( -0.3200611767441297606, 0.2607135246506387949, 0.3481674282652291175 ) ) ;
#2735 = CARTESIAN_POINT ( 'NONE',  ( -0.2668401167961332310, 0.2686123451613136592, 0.4459234033794637342 ) ) ;
#2736 = EDGE_LOOP ( 'NONE', ( #6527, #2052, #7279, #6182 ) ) ;
#2737 = VECTOR ( 'NONE', #7319, 39.37007874015748143 ) ;
#2738 = DIRECTION ( 'NONE',  ( 0.000000000000000000, 0.000000000000000000, -1.000000000000000000 ) ) ;
#2739 = ORIENTED_EDGE ( 'NONE', *, *, #1954, .F. ) ;
#2740 = CARTESIAN_POINT ( 'NONE',  ( -0.2265748031496063741, 0.2416535433070866601, 0.4606299212598424786 ) ) ;
#2741 = EDGE_LOOP ( 'NONE', ( #2332, #4598, #3413, #5265 ) ) ;
#2742 = ADVANCED_FACE ( 'NONE', ( #5561 ), #2037, .F. ) ;
#2743 = VECTOR ( 'NONE', #3947, 39.37007874015748143 ) ;
#2744 = CARTESIAN_POINT ( 'NONE',  ( -0.3142341929376628040, 0.2680467370219828394, -0.4482971850636466860 ) ) ;
#2745 = ORIENTED_EDGE ( 'NONE', *, *, #2946, .F. ) ;
#2746 = VERTEX_POINT ( 'NONE', #6713 ) ;
#2747 = CARTESIAN_POINT ( 'NONE',  ( -0.3679550999545743717, 0.2716535433070866312, -0.08999999999999998279 ) ) ;
#2748 = DIRECTION ( 'NONE',  ( -0.000000000000000000, 0.000000000000000000, -1.000000000000000000 ) ) ;
#2749 = CARTESIAN_POINT ( 'NONE',  ( -0.2646623786812693502, 0.2692041861339351527, -0.4444608293059558179 ) ) ;
#2750 = ORIENTED_EDGE ( 'NONE', *, *, #6282, .T. ) ;
#2751 = EDGE_CURVE ( 'NONE', #4409, #6837, #6047, .T. ) ;
#2752 = CARTESIAN_POINT ( 'NONE',  ( -0.2646623786812668522, 0.2692041861339350417, 0.4444608293059559290 ) ) ;
#2753 = EDGE_CURVE ( 'NONE', #2795, #5549, #369, .T. ) ;
#2754 = LINE ( 'NONE', #5680, #3695 ) ;
#2755 = LINE ( 'NONE', #3813, #5277 ) ;
#2756 = DIRECTION ( 'NONE',  ( 0.000000000000000000, 0.000000000000000000, 1.000000000000000000 ) ) ;
#2757 = AXIS2_PLACEMENT_3D ( 'NONE', #3639, #3183, #4928 ) ;
#2758 = EDGE_LOOP ( 'NONE', ( #2099, #5256, #4579, #375 ) ) ;
#2759 = EDGE_CURVE ( 'NONE', #3106, #4471, #2716, .T. ) ;
#2760 = ORIENTED_EDGE ( 'NONE', *, *, #234, .T. ) ;
#2761 = CARTESIAN_POINT ( 'NONE',  ( -0.4295669291338582996, 0.01999999999999999001, 0.05118110236220458492 ) ) ;
#2762 = DIRECTION ( 'NONE',  ( 0.000000000000000000, 0.000000000000000000, 1.000000000000000000 ) ) ;
#2763 = ADVANCED_FACE ( 'NONE', ( #989 ), #6122, .T. ) ;
#2764 = CARTESIAN_POINT ( 'NONE',  ( 0.1596456692913385822, 0.3033398936683191494, -0.08988975328832256306 ) ) ;
#2765 = EDGE_CURVE ( 'NONE', #4642, #305, #4314, .T. ) ;
#2766 = B_SPLINE_CURVE_WITH_KNOTS ( 'NONE', 3,
 ( #6843, #4641, #2819, #4534, #1082, #6332, #5701, #6919 ),
 .UNSPECIFIED., .F., .F.,
 ( 4, 2, 2, 4 ),
 ( -6.235316949612003971E-06, 0.0006229927695789201766, 0.0009376068128431896834, 0.001252220856107459299 ),
 .UNSPECIFIED. ) ;
#2767 = CARTESIAN_POINT ( 'NONE',  ( 0.1596456692913385822, 0.3153543307086614234, -0.09663724781254488805 ) ) ;
#2768 = CYLINDRICAL_SURFACE ( 'NONE', #5324, 0.005905511811023586403 ) ;
#2769 = AXIS2_PLACEMENT_3D ( 'NONE', #6485, #7040, #7008 ) ;
#2770 = VECTOR ( 'NONE', #4589, 39.37007874015748143 ) ;
#2771 = ORIENTED_EDGE ( 'NONE', *, *, #3545, .F. ) ;
#2772 = CIRCLE ( 'NONE', #6972, 0.07874015748031489015 ) ;
#2773 =( NAMED_UNIT ( * ) PLANE_ANGLE_UNIT ( ) SI_UNIT ( $, .RADIAN. ) );
#2774 = ORIENTED_EDGE ( 'NONE', *, *, #415, .F. ) ;
#2775 = CARTESIAN_POINT ( 'NONE',  ( 0.4744094488188977388, 0.2023622047244094668, -0.2054993803149607612 ) ) ;
#2776 = VERTEX_POINT ( 'NONE', #6597 ) ;
#2777 = CARTESIAN_POINT ( 'NONE',  ( -0.4606299212598436443, 1.604960696277754715E-15, 5.228927800373003585E-17 ) ) ;
#2778 = VECTOR ( 'NONE', #1439, 39.37007874015748143 ) ;
#2779 = DIRECTION ( 'NONE',  ( 0.000000000000000000, 0.000000000000000000, -1.000000000000000000 ) ) ;
#2780 = LINE ( 'NONE', #5661, #5880 ) ;
#2781 = DIRECTION ( 'NONE',  ( 0.000000000000000000, -1.000000000000000000, -7.661286097916305006E-43 ) ) ;
#2782 = CARTESIAN_POINT ( 'NONE',  ( 0.1999999999999999833, 0.3917322834645668994, -0.1279527559055120278 ) ) ;
#2783 = CARTESIAN_POINT ( 'NONE',  ( -0.2698752683654683238, 0.2716535433070866312, 0.4383601671992699012 ) ) ;
#2784 = DIRECTION ( 'NONE',  ( 0.000000000000000000, 0.000000000000000000, -1.000000000000000000 ) ) ;
#2785 = ORIENTED_EDGE ( 'NONE', *, *, #4433, .T. ) ;
#2786 = ORIENTED_EDGE ( 'NONE', *, *, #5950, .T. ) ;
#2787 = LINE ( 'NONE', #3382, #953 ) ;
#2788 = LINE ( 'NONE', #4499, #687 ) ;
#2789 = ORIENTED_EDGE ( 'NONE', *, *, #780, .F. ) ;
#2790 = CARTESIAN_POINT ( 'NONE',  ( -0.2978005287285726554, 0.2513202549205102443, -0.4590976042147846825 ) ) ;
#2791 = ORIENTED_EDGE ( 'NONE', *, *, #6358, .T. ) ;
#2792 = ORIENTED_EDGE ( 'NONE', *, *, #3167, .F. ) ;
#2793 = CARTESIAN_POINT ( 'NONE',  ( -0.2665669291338585434, 0.000000000000000000, -0.3221485083270179683 ) ) ;
#2794 = CARTESIAN_POINT ( 'NONE',  ( 0.4616099661787624875, 0.09407740825064973833, 0.02205967480314803206 ) ) ;
#2795 = VERTEX_POINT ( 'NONE', #2147 ) ;
#2796 = DIRECTION ( 'NONE',  ( 0.000000000000000000, 0.000000000000000000, -1.000000000000000000 ) ) ;
#2797 = CARTESIAN_POINT ( 'NONE',  ( -0.2403543307086613845, 0.3015748031496062187, -0.1279527559055120278 ) ) ;
#2798 = CARTESIAN_POINT ( 'NONE',  ( -0.3265669291338584856, 0.2416535433070866601, -0.4319299212598423643 ) ) ;
#2799 = ORIENTED_EDGE ( 'NONE', *, *, #2007, .T. ) ;
#2800 = EDGE_CURVE ( 'NONE', #1053, #2836, #1544, .T. ) ;
#2801 = ORIENTED_EDGE ( 'NONE', *, *, #1504, .T. ) ;
#2802 = CARTESIAN_POINT ( 'NONE',  ( 0.3484251968503935815, 0.3917322834645669549, -0.4035433070866142891 ) ) ;
#2803 = CARTESIAN_POINT ( 'NONE',  ( 0.4717910885454295045, 0.1102362204724408740, 0.2234251968503935537 ) ) ;
#2804 = CARTESIAN_POINT ( 'NONE',  ( -0.02972440944881905162, 0.2716535433070866312, 0.000000000000000000 ) ) ;
#2805 = AXIS2_PLACEMENT_3D ( 'NONE', #423, #2075, #5448 ) ;
#2806 = FACE_OUTER_BOUND ( 'NONE', #1472, .T. ) ;
#2807 = ORIENTED_EDGE ( 'NONE', *, *, #2248, .T. ) ;
#2808 = AXIS2_PLACEMENT_3D ( 'NONE', #950, #4398, #7337 ) ;
#2809 = ADVANCED_FACE ( 'NONE', ( #3239 ), #3779, .F. ) ;
#2810 = EDGE_CURVE ( 'NONE', #4956, #2566, #4995, .T. ) ;
#2811 = ORIENTED_EDGE ( 'NONE', *, *, #5130, .F. ) ;
#2812 = ORIENTED_EDGE ( 'NONE', *, *, #6180, .F. ) ;
#2813 = FACE_OUTER_BOUND ( 'NONE', #579, .T. ) ;
#2814 = CARTESIAN_POINT ( 'NONE',  ( -0.2505326743371041331, 0.2416535433070866601, -0.4534870641169853056 ) ) ;
#2815 = AXIS2_PLACEMENT_3D ( 'NONE', #7194, #7309, #4477 ) ;
#2816 = CARTESIAN_POINT ( 'NONE',  ( 0.3487518205591552123, 0.2516535433070866690, -0.3788699307953760642 ) ) ;
#2817 = DIRECTION ( 'NONE',  ( 0.000000000000000000, 1.000000000000000000, 0.000000000000000000 ) ) ;
#2818 = AXIS2_PLACEMENT_3D ( 'NONE', #4229, #5966, #226 ) ;
#2819 = CARTESIAN_POINT ( 'NONE',  ( -0.3115637794462607357, 0.2687855303162320908, -0.3441739712490852754 ) ) ;
#2820 = EDGE_CURVE ( 'NONE', #5157, #4947, #3205, .T. ) ;
#2821 = ORIENTED_EDGE ( 'NONE', *, *, #2941, .F. ) ;
#2822 = AXIS2_PLACEMENT_3D ( 'NONE', #5814, #5802, #1181 ) ;
#2823 = CARTESIAN_POINT ( 'NONE',  ( 0.3487518205591552123, 0.2416535433070866601, 0.4896850393700790116 ) ) ;
#2824 = DIRECTION ( 'NONE',  ( 0.000000000000000000, 1.000000000000000000, 7.661286097916305006E-43 ) ) ;
#2825 = ORIENTED_EDGE ( 'NONE', *, *, #2615, .F. ) ;
#2826 = CARTESIAN_POINT ( 'NONE',  ( -0.2965669291338584590, 0.2716535433070866867, -0.4306299212598424520 ) ) ;
#2827 = CIRCLE ( 'NONE', #2474, 0.009842519685039378616 ) ;
#2828 = VERTEX_POINT ( 'NONE', #3848 ) ;
#2829 = CARTESIAN_POINT ( 'NONE',  ( -0.2026169319621086151, 0.2416535433070866601, 0.4534870641169853611 ) ) ;
#2830 = CARTESIAN_POINT ( 'NONE',  ( -0.2699591417124152515, 0.2716535433070866867, -0.4381272412452495990 ) ) ;
#2831 = ORIENTED_EDGE ( 'NONE', *, *, #4286, .T. ) ;
#2832 = UNCERTAINTY_MEASURE_WITH_UNIT (LENGTH_MEASURE( 1.000000000000000082E-05 ), #3213, 'distance_accuracy_value', 'NONE');
#2833 = DIRECTION ( 'NONE',  ( 1.000000000000000000, 0.000000000000000000, -0.000000000000000000 ) ) ;
#2834 = CARTESIAN_POINT ( 'NONE',  ( 0.3316939163176266248, 0.3917322834645668994, 0.3779992289461152066 ) ) ;
#2835 = LINE ( 'NONE', #1703, #6531 ) ;
#2836 = VERTEX_POINT ( 'NONE', #3889 ) ;
#2837 = VERTEX_POINT ( 'NONE', #6198 ) ;
#2838 = SPHERICAL_SURFACE ( 'NONE', #3610, 0.03937007874015747977 ) ;
#2839 = LINE ( 'NONE', #2803, #43 ) ;
#2840 = LINE ( 'NONE', #2236, #5706 ) ;
#2841 = DIRECTION ( 'NONE',  ( -3.491481338843132961E-15, -1.000000000000000000, 3.984707002911920258E-31 ) ) ;
#2842 = ADVANCED_FACE ( 'NONE', ( #308 ), #1028, .F. ) ;
#2843 = AXIS2_PLACEMENT_3D ( 'NONE', #6176, #5622, #1488 ) ;
#2844 = VERTEX_POINT ( 'NONE', #6086 ) ;
#2845 = DIRECTION ( 'NONE',  ( 0.000000000000000000, 0.000000000000000000, 1.000000000000000000 ) ) ;
#2846 = ORIENTED_EDGE ( 'NONE', *, *, #2647, .T. ) ;
#2847 = LINE ( 'NONE', #4561, #490 ) ;
#2848 = EDGE_LOOP ( 'NONE', ( #152, #1327, #2593, #3982 ) ) ;
#2849 = AXIS2_PLACEMENT_3D ( 'NONE', #6733, #1565, #443 ) ;
#2850 = CARTESIAN_POINT ( 'NONE',  ( -0.3980708661417322602, 0.02000000000000002470, -0.05118110236220477227 ) ) ;
#2851 = EDGE_CURVE ( 'NONE', #4915, #6126, #2113, .T. ) ;
#2852 = AXIS2_PLACEMENT_3D ( 'NONE', #1925, #730, #120 ) ;
#2853 = CARTESIAN_POINT ( 'NONE',  ( 0.2405511811023621771, 0.3917322834645668994, 0.01733885055303976616 ) ) ;
#2854 = CIRCLE ( 'NONE', #7287, 0.01181102362204724046 ) ;
#2855 = DIRECTION ( 'NONE',  ( -1.000000000000000000, 0.000000000000000000, 0.000000000000000000 ) ) ;
#2856 = DIRECTION ( 'NONE',  ( 0.000000000000000000, 0.000000000000000000, -1.000000000000000000 ) ) ;
#2857 = EDGE_CURVE ( 'NONE', #6268, #6396, #4627, .T. ) ;
#2858 = CARTESIAN_POINT ( 'NONE',  ( -0.2265748031496063741, 0.2716535433070866312, -0.4606299212598424786 ) ) ;
#2859 = EDGE_CURVE ( 'NONE', #1817, #1578, #2231, .T. ) ;
#2860 = AXIS2_PLACEMENT_3D ( 'NONE', #7116, #1960, #4766 ) ;
#2861 = ORIENTED_EDGE ( 'NONE', *, *, #7350, .F. ) ;
#2862 = VERTEX_POINT ( 'NONE', #2309 ) ;
#2863 = EDGE_CURVE ( 'NONE', #2040, #1441, #4076, .T. ) ;
#2864 = LINE ( 'NONE', #4144, #5077 ) ;
#2865 = CARTESIAN_POINT ( 'NONE',  ( -0.3235320181295936459, 0.2549478376355677756, -0.4317984084496576669 ) ) ;
#2866 = ORIENTED_EDGE ( 'NONE', *, *, #6912, .T. ) ;
#2867 = VERTEX_POINT ( 'NONE', #4653 ) ;
#2868 = DIRECTION ( 'NONE',  ( -4.006172263299079969E-15, -1.000000000000000000, 0.000000000000000000 ) ) ;
#2869 = LINE ( 'NONE', #6965, #6857 ) ;
#2870 = ORIENTED_EDGE ( 'NONE', *, *, #6397, .F. ) ;
#2871 = CARTESIAN_POINT ( 'NONE',  ( 0.4996656043679575387, 0.1102362204724408601, 0.2717052744913953100 ) ) ;
#2872 = CARTESIAN_POINT ( 'NONE',  ( 0.000000000000000000, 0.000000000000000000, 0.000000000000000000 ) ) ;
#2873 = ORIENTED_EDGE ( 'NONE', *, *, #1418, .F. ) ;
#2874 = DIRECTION ( 'NONE',  ( 0.000000000000000000, 0.000000000000000000, 1.000000000000000000 ) ) ;
#2875 = CARTESIAN_POINT ( 'NONE',  ( -0.2403543307086613845, 0.3917322834645668994, 0.1200787401574804486 ) ) ;
#2876 = DIRECTION ( 'NONE',  ( -0.000000000000000000, -1.000000000000000000, -7.661286097916305006E-43 ) ) ;
#2877 = CARTESIAN_POINT ( 'NONE',  ( 0.2403543307086613845, 0.3119216344114207340, -0.09470939223419565234 ) ) ;
#2878 = CARTESIAN_POINT ( 'NONE',  ( -0.2965669291338594027, 0.2716535433070866867, 0.4306299212598424520 ) ) ;
#2879 = ORIENTED_EDGE ( 'NONE', *, *, #4528, .F. ) ;
#2880 = ORIENTED_EDGE ( 'NONE', *, *, #499, .F. ) ;
#2881 = ORIENTED_EDGE ( 'NONE', *, *, #2707, .T. ) ;
#2882 = DIRECTION ( 'NONE',  ( 0.000000000000000000, 1.000000000000000000, 7.661286097916305006E-43 ) ) ;
#2883 = LINE ( 'NONE', #1641, #5105 ) ;
#2884 = CARTESIAN_POINT ( 'NONE',  ( -0.1594488188976377896, 0.3917322834645668994, -0.06045746635706854971 ) ) ;
#2885 = CIRCLE ( 'NONE', #3362, 0.08081510857470293463 ) ;
#2886 = CARTESIAN_POINT ( 'NONE',  ( 0.1596456692913385822, 0.3114173228346456268, -0.09663724781254488805 ) ) ;
#2887 = DIRECTION ( 'NONE',  ( -0.000000000000000000, 0.000000000000000000, -1.000000000000000000 ) ) ;
#2888 = ORIENTED_EDGE ( 'NONE', *, *, #1700, .T. ) ;
#2889 = TOROIDAL_SURFACE ( 'NONE', #3006, 0.1108151085747029335, 0.02999999999999999889 ) ;
#2890 = ADVANCED_FACE ( 'NONE', ( #5681 ), #5823, .T. ) ;
#2891 = DIRECTION ( 'NONE',  ( 1.000000000000000000, 0.000000000000000000, 0.000000000000000000 ) ) ;
#2892 = B_SPLINE_CURVE_WITH_KNOTS ( 'NONE', 3,
 ( #7392, #6805, #2853, #2246 ),
 .UNSPECIFIED., .F., .F.,
 ( 4, 4 ),
 ( 0.000000000000000000, 0.6463771318677762334 ),
 .UNSPECIFIED. ) ;
#2893 = VECTOR ( 'NONE', #6428, 39.37007874015748143 ) ;
#2894 = CARTESIAN_POINT ( 'NONE',  ( -0.2986152732035293189, 0.2716535705844401183, -0.4326782653295124792 ) ) ;
#2895 = EDGE_CURVE ( 'NONE', #6370, #659, #7377, .T. ) ;
#2896 = ORIENTED_EDGE ( 'NONE', *, *, #3358, .T. ) ;
#2897 = ADVANCED_FACE ( 'NONE', ( #2271 ), #2189, .F. ) ;
#2898 = VERTEX_POINT ( 'NONE', #4513 ) ;
#2899 = ADVANCED_FACE ( 'NONE', ( #3466 ), #8, .T. ) ;
#2900 =( GEOMETRIC_REPRESENTATION_CONTEXT ( 3 ) GLOBAL_UNCERTAINTY_ASSIGNED_CONTEXT ( ( #3118 ) ) GLOBAL_UNIT_ASSIGNED_CONTEXT ( ( #1636, #2773, #2320 ) ) REPRESENTATION_CONTEXT ( 'NONE', 'WORKASPACE' ) );
#2901 = CARTESIAN_POINT ( 'NONE',  ( 0.4744094488188984049, 0.09918119350236434539, -0.03975134881889921118 ) ) ;
#2902 = ORIENTED_EDGE ( 'NONE', *, *, #3999, .F. ) ;
#2903 = DIRECTION ( 'NONE',  ( -1.000000000000000000, -3.491481338843132961E-15, 0.000000000000000000 ) ) ;
#2904 = EDGE_CURVE ( 'NONE', #5789, #5058, #7120, .T. ) ;
#2905 = VECTOR ( 'NONE', #3343, 39.37007874015748143 ) ;
#2906 = B_SPLINE_CURVE_WITH_KNOTS ( 'NONE', 3,
 ( #3528, #1575, #4139, #6191 ),
 .UNSPECIFIED., .F., .F.,
 ( 4, 4 ),
 ( 0.3536228605092854305, 1.000000000000000000 ),
 .UNSPECIFIED. ) ;
#2907 = VERTEX_POINT ( 'NONE', #4586 ) ;
#2908 = CARTESIAN_POINT ( 'NONE',  ( 0.4632672164609369370, 0.1102362204724408462, 0.2283464566929131745 ) ) ;
#2909 = CARTESIAN_POINT ( 'NONE',  ( -0.4606299212598433113, 0.09918119350236434539, -0.03975134881889921118 ) ) ;
#2910 = CARTESIAN_POINT ( 'NONE',  ( 0.2403543307086613845, 0.3659856491034197412, 0.02165587032319897520 ) ) ;
#2911 = DIRECTION ( 'NONE',  ( 1.000000000000000000, 0.000000000000000000, 0.000000000000000000 ) ) ;
#2912 = ORIENTED_EDGE ( 'NONE', *, *, #1747, .F. ) ;
#2913 = VECTOR ( 'NONE', #6548, 39.37007874015748143 ) ;
#2914 = ORIENTED_EDGE ( 'NONE', *, *, #6362, .T. ) ;
#2915 = EDGE_LOOP ( 'NONE', ( #5724, #2279, #5895, #1701 ) ) ;
#2916 = DIRECTION ( 'NONE',  ( 0.000000000000000000, 0.000000000000000000, 1.000000000000000000 ) ) ;
#2917 = LINE ( 'NONE', #3446, #6195 ) ;
#2918 = CIRCLE ( 'NONE', #7002, 0.1408151085747029740 ) ;
#2919 = FACE_OUTER_BOUND ( 'NONE', #954, .T. ) ;
#2920 = DIRECTION ( 'NONE',  ( 2.587319586713973550E-15, -1.000000000000000000, 0.000000000000000000 ) ) ;
#2921 = DIRECTION ( 'NONE',  ( 1.000000000000000000, 0.000000000000000000, 0.000000000000000000 ) ) ;
#2922 = AXIS2_PLACEMENT_3D ( 'NONE', #4671, #5738, #6294 ) ;
#2923 = CARTESIAN_POINT ( 'NONE',  ( -0.2405511811023621771, 0.3917322834645668994, 0.1200787401574801017 ) ) ;
#2924 = AXIS2_PLACEMENT_3D ( 'NONE', #1313, #1879, #7006 ) ;
#2925 = ORIENTED_EDGE ( 'NONE', *, *, #1750, .F. ) ;
#2926 = AXIS2_PLACEMENT_3D ( 'NONE', #5794, #6379, #614 ) ;
#2927 = CARTESIAN_POINT ( 'NONE',  ( 0.3487518205591552123, 0.000000000000000000, -0.5196850393700790383 ) ) ;
#2928 = CIRCLE ( 'NONE', #4750, 0.02869999999999995471 ) ;
#2929 = CARTESIAN_POINT ( 'NONE',  ( -0.4507874015748030150, 0.3917322834645668994, 0.2185039370078739884 ) ) ;
#2930 = LINE ( 'NONE', #68, #652 ) ;
#2931 = PLANE ( 'NONE',  #4270 ) ;
#2932 = ADVANCED_FACE ( 'NONE', ( #5253, #3357 ), #6314, .T. ) ;
#2933 = AXIS2_PLACEMENT_3D ( 'NONE', #1339, #6026, #3147 ) ;
#2934 = VERTEX_POINT ( 'NONE', #1203 ) ;
#2935 = ORIENTED_EDGE ( 'NONE', *, *, #2387, .T. ) ;
#2936 = DIRECTION ( 'NONE',  ( -0.9230681940233446126, 0.3846363336743960359, 0.000000000000000000 ) ) ;
#2937 = EDGE_CURVE ( 'NONE', #610, #2341, #2835, .T. ) ;
#2938 = ORIENTED_EDGE ( 'NONE', *, *, #5535, .T. ) ;
#2939 = AXIS2_PLACEMENT_3D ( 'NONE', #1894, #5270, #4206 ) ;
#2940 = DIRECTION ( 'NONE',  ( 0.000000000000000000, -0.000000000000000000, 1.000000000000000000 ) ) ;
#2941 = EDGE_CURVE ( 'NONE', #2621, #1002, #5144, .T. ) ;
#2942 = DIRECTION ( 'NONE',  ( -0.000000000000000000, 1.000000000000000000, 7.661286097916305006E-43 ) ) ;
#2943 = EDGE_CURVE ( 'NONE', #6377, #6980, #7415, .T. ) ;
#2944 = CONTEXT_DEPENDENT_SHAPE_REPRESENTATION ( #1582, #3319 ) ;
#2945 = ORIENTED_EDGE ( 'NONE', *, *, #2068, .T. ) ;
#2946 = EDGE_CURVE ( 'NONE', #4021, #4827, #3341, .T. ) ;
#2947 = CARTESIAN_POINT ( 'NONE',  ( -0.2526622628871039722, 0.2416535433070866601, -0.4606299212598424786 ) ) ;
#2948 = LINE ( 'NONE', #6415, #5595 ) ;
#2949 = DIRECTION ( 'NONE',  ( 0.000000000000000000, 1.000000000000000000, 0.000000000000000000 ) ) ;
#2950 = CARTESIAN_POINT ( 'NONE',  ( -0.2265748031496063741, 0.2516535433070866690, 0.3756299212598316339 ) ) ;
#2951 = DIRECTION ( 'NONE',  ( 0.000000000000000000, 0.000000000000000000, 1.000000000000000000 ) ) ;
#2952 = EDGE_LOOP ( 'NONE', ( #4309, #4315, #6460 ) ) ;
#2953 = ORIENTED_EDGE ( 'NONE', *, *, #5366, .F. ) ;
#2954 = ORIENTED_EDGE ( 'NONE', *, *, #6620, .F. ) ;
#2955 = FACE_OUTER_BOUND ( 'NONE', #5903, .T. ) ;
#2956 = FACE_OUTER_BOUND ( 'NONE', #434, .T. ) ;
#2957 = DIRECTION ( 'NONE',  ( 0.000000000000000000, 0.000000000000000000, 1.000000000000000000 ) ) ;
#2958 = DIRECTION ( 'NONE',  ( 1.000000000000000000, 0.000000000000000000, 0.000000000000000000 ) ) ;
#2959 = CARTESIAN_POINT ( 'NONE',  ( 0.3487518205591552123, 0.2716535433070866312, 0.4896850393700790116 ) ) ;
#2960 = ORIENTED_EDGE ( 'NONE', *, *, #35, .F. ) ;
#2961 = CIRCLE ( 'NONE', #2718, 0.01968503937007889601 ) ;
#2962 = ORIENTED_EDGE ( 'NONE', *, *, #6361, .F. ) ;
#2963 = DIRECTION ( 'NONE',  ( 4.006172263299079969E-15, -1.000000000000000000, 0.000000000000000000 ) ) ;
#2964 = CARTESIAN_POINT ( 'NONE',  ( -0.1863094895030796005, 0.2686123451613136592, 0.4459234033794636232 ) ) ;
#2965 = CARTESIAN_POINT ( 'NONE',  ( 0.4704724409448824973, 0.1614476187188448042, -0.2054993803149607612 ) ) ;
#2966 = DIRECTION ( 'NONE',  ( -0.000000000000000000, 1.000000000000000000, 0.000000000000000000 ) ) ;
#2967 = DIRECTION ( 'NONE',  ( 0.000000000000000000, -0.000000000000000000, -1.000000000000000000 ) ) ;
#2968 = DIRECTION ( 'NONE',  ( -0.000000000000000000, -0.000000000000000000, -1.000000000000000000 ) ) ;
#2969 = AXIS2_PLACEMENT_3D ( 'NONE', #729, #1745, #119 ) ;
#2970 = ORIENTED_EDGE ( 'NONE', *, *, #2709, .F. ) ;
#2971 = VECTOR ( 'NONE', #7366, 39.37007874015748143 ) ;
#2972 = VERTEX_POINT ( 'NONE', #5180 ) ;
#2973 = EDGE_CURVE ( 'NONE', #3286, #19, #6789, .T. ) ;
#2974 = CARTESIAN_POINT ( 'NONE',  ( 0.4704724409448826639, 0.1102362204724409017, 0.02205967480314803206 ) ) ;
#2975 = VERTEX_POINT ( 'NONE', #1773 ) ;
#2976 = CIRCLE ( 'NONE', #6472, 0.02500000000000000486 ) ;
#2977 = CARTESIAN_POINT ( 'NONE',  ( -0.1930337816270710216, 0.2459285825697873906, 0.4606299212598424231 ) ) ;
#2978 = PLANE ( 'NONE',  #6604 ) ;
#2979 = ADVANCED_FACE ( 'NONE', ( #3505 ), #3696, .T. ) ;
#2980 = ORIENTED_EDGE ( 'NONE', *, *, #3396, .T. ) ;
#2981 = LINE ( 'NONE', #5296, #3774 ) ;
#2982 = CARTESIAN_POINT ( 'NONE',  ( -0.2978669291338584824, 0.2716535433070866312, 0.4606299212598424231 ) ) ;
#2983 = CARTESIAN_POINT ( 'NONE',  ( -0.4488188976377955886, 0.2432767907299735743, -0.2054993803149607612 ) ) ;
#2984 = CARTESIAN_POINT ( 'NONE',  ( 0.4704724409448826639, 0.1102362204724409017, -0.03975134881889921118 ) ) ;
#2985 = EDGE_CURVE ( 'NONE', #5394, #2907, #6410, .T. ) ;
#2986 = ORIENTED_EDGE ( 'NONE', *, *, #3365, .F. ) ;
#2987 = ORIENTED_EDGE ( 'NONE', *, *, #6941, .F. ) ;
#2988 = EDGE_CURVE ( 'NONE', #2975, #7261, #5932, .T. ) ;
#2989 = EDGE_LOOP ( 'NONE', ( #6494, #3563, #18, #5084 ) ) ;
#2990 = EDGE_CURVE ( 'NONE', #3516, #2711, #4416, .T. ) ;
#2991 = PLANE ( 'NONE',  #3008 ) ;
#2992 = DIRECTION ( 'NONE',  ( 1.141265444721588195E-16, -1.224646799147349263E-16, -1.000000000000000000 ) ) ;
#2993 = FACE_OUTER_BOUND ( 'NONE', #5166, .T. ) ;
#2994 = CARTESIAN_POINT ( 'NONE',  ( 0.2167725366934858122, 0.2716535433070866312, 0.4306299212598424520 ) ) ;
#2995 = DIRECTION ( 'NONE',  ( 0.000000000000000000, -7.661286097916309786E-43, -1.000000000000000000 ) ) ;
#2996 = FACE_OUTER_BOUND ( 'NONE', #4138, .T. ) ;
#2997 = PLANE ( 'NONE',  #2492 ) ;
#2998 = ORIENTED_EDGE ( 'NONE', *, *, #409, .T. ) ;
#2999 = ORIENTED_EDGE ( 'NONE', *, *, #3814, .T. ) ;
#3000 = VECTOR ( 'NONE', #3014, 39.37007874015748143 ) ;
#3001 = CYLINDRICAL_SURFACE ( 'NONE', #6305, 0.009842519685039543414 ) ;
#3002 = DIRECTION ( 'NONE',  ( 2.668966447755237433E-15, -1.000000000000000000, -1.540928497069542515E-15 ) ) ;
#3003 = CARTESIAN_POINT ( 'NONE',  ( 0.4744094488188977388, 0.2023622047244094668, -0.2054993803149607612 ) ) ;
#3004 = LINE ( 'NONE', #4108, #1768 ) ;
#3005 = LINE ( 'NONE', #145, #1964 ) ;
#3006 = AXIS2_PLACEMENT_3D ( 'NONE', #3066, #5387, #206 ) ;
#3007 = ORIENTED_EDGE ( 'NONE', *, *, #1708, .F. ) ;
#3008 = AXIS2_PLACEMENT_3D ( 'NONE', #6497, #1856, #1291 ) ;
#3009 = ORIENTED_EDGE ( 'NONE', *, *, #7310, .T. ) ;
#3010 = CARTESIAN_POINT ( 'NONE',  ( 0.4606299212598436443, 1.604960696277754715E-15, 5.228927800373003585E-17 ) ) ;
#3011 = AXIS2_PLACEMENT_3D ( 'NONE', #6014, #4285, #4850 ) ;
#3012 = ORIENTED_EDGE ( 'NONE', *, *, #7260, .T. ) ;
#3013 = CARTESIAN_POINT ( 'NONE',  ( -0.1842324593513854636, 0.2716515760778288602, 0.4375489167915975197 ) ) ;
#3014 = DIRECTION ( 'NONE',  ( 0.000000000000000000, 0.000000000000000000, 1.000000000000000000 ) ) ;
#3015 = AXIS2_PLACEMENT_3D ( 'NONE', #7014, #4277, #3590 ) ;
#3016 = DIRECTION ( 'NONE',  ( 1.000000000000000000, 3.396661351562978405E-15, 1.141265444721584004E-16 ) ) ;
#3017 = DIRECTION ( 'NONE',  ( 0.000000000000000000, 7.661286097916305006E-43, 1.000000000000000000 ) ) ;
#3018 = CARTESIAN_POINT ( 'NONE',  ( -0.2403543307086613845, 0.3817310429951373818, 0.02959167110742588411 ) ) ;
#3019 = DIRECTION ( 'NONE',  ( 0.000000000000000000, -0.000000000000000000, -1.000000000000000000 ) ) ;
#3020 = AXIS2_PLACEMENT_3D ( 'NONE', #1648, #2333, #5782 ) ;
#3021 = CARTESIAN_POINT ( 'NONE',  ( 0.4291338582677163838, 0.4015748031496062520, -0.3799212598425196763 ) ) ;
#3022 = ADVANCED_FACE ( 'NONE', ( #6517 ), #6968, .F. ) ;
#3023 = VERTEX_POINT ( 'NONE', #1846 ) ;
#3024 = ORIENTED_EDGE ( 'NONE', *, *, #4098, .T. ) ;
#3025 = DIRECTION ( 'NONE',  ( 1.000000000000000000, 0.000000000000000000, 0.000000000000000000 ) ) ;
#3026 = CARTESIAN_POINT ( 'NONE',  ( 0.4488188976377955886, 0.2432767907299735743, -0.2054993803149607612 ) ) ;
#3027 = LINE ( 'NONE', #2551, #5592 ) ;
#3028 = CARTESIAN_POINT ( 'NONE',  ( 0.3701181102362202102, 0.2716535433070866312, 0.09000000000000001055 ) ) ;
#3029 = ADVANCED_FACE ( 'NONE', ( #4192 ), #4385, .T. ) ;
#3030 = FACE_OUTER_BOUND ( 'NONE', #5120, .T. ) ;
#3031 = FACE_OUTER_BOUND ( 'NONE', #2915, .T. ) ;
#3032 = ADVANCED_FACE ( 'NONE', ( #800 ), #7005, .T. ) ;
#3033 = EDGE_CURVE ( 'NONE', #6910, #6936, #5371, .T. ) ;
#3034 = ORIENTED_EDGE ( 'NONE', *, *, #3781, .T. ) ;
#3035 = DIRECTION ( 'NONE',  ( 0.3846363336743959249, -0.9230681940233443905, 0.000000000000000000 ) ) ;
#3036 = AXIS2_PLACEMENT_3D ( 'NONE', #703, #5874, #4208 ) ;
#3037 = DIRECTION ( 'NONE',  ( -1.000000000000000000, 3.396661351562978405E-15, 1.141265444721584004E-16 ) ) ;
#3038 = AXIS2_PLACEMENT_3D ( 'NONE', #7113, #3808, #2673 ) ;
#3039 = PLANE ( 'NONE',  #695 ) ;
#3040 = EDGE_CURVE ( 'NONE', #1463, #4831, #5829, .T. ) ;
#3041 = LINE ( 'NONE', #5959, #4060 ) ;
#3042 = DIRECTION ( 'NONE',  ( 0.000000000000000000, -1.000000000000000000, -7.661286097916305006E-43 ) ) ;
#3043 = AXIS2_PLACEMENT_3D ( 'NONE', #3777, #7188, #3129 ) ;
#3044 = CARTESIAN_POINT ( 'NONE',  ( -0.2403543307086613845, 0.3015748031496062187, -0.09303263377995586725 ) ) ;
#3045 = ORIENTED_EDGE ( 'NONE', *, *, #4609, .T. ) ;
#3046 = VECTOR ( 'NONE', #7303, 39.37007874015748143 ) ;
#3047 = ORIENTED_EDGE ( 'NONE', *, *, #6037, .F. ) ;
#3048 = LINE ( 'NONE', #757, #2503 ) ;
#3049 = PLANE ( 'NONE',  #5722 ) ;
#3050 = ORIENTED_EDGE ( 'NONE', *, *, #2753, .T. ) ;
#3051 = VECTOR ( 'NONE', #7405, 39.37007874015748854 ) ;
#3052 = CARTESIAN_POINT ( 'NONE',  ( -0.1804770808631419032, 0.2716535433070866312, 0.4306299212598424520 ) ) ;
#3053 = DIRECTION ( 'NONE',  ( -0.000000000000000000, -1.000000000000000000, -3.787605842744118123E-15 ) ) ;
#3054 = CARTESIAN_POINT ( 'NONE',  ( 0.4752772192324700717, 0.04917272174909721044, 0.02205967480314803206 ) ) ;
#3055 = CARTESIAN_POINT ( 'NONE',  ( -0.4792142271064858128, 0.04917272174909721044, 0.02205967480314803206 ) ) ;
#3056 = DIRECTION ( 'NONE',  ( 1.000000000000000000, 0.000000000000000000, 0.000000000000000000 ) ) ;
#3057 = CARTESIAN_POINT ( 'NONE',  ( -0.1930337834871094782, 0.2716535433070866312, 0.4506299212598425252 ) ) ;
#3058 = CIRCLE ( 'NONE', #2223, 0.4598425196850393637 ) ;
#3059 = ORIENTED_EDGE ( 'NONE', *, *, #1659, .T. ) ;
#3060 = ORIENTED_EDGE ( 'NONE', *, *, #871, .F. ) ;
#3061 = DIRECTION ( 'NONE',  ( 0.000000000000000000, 0.000000000000000000, 1.000000000000000000 ) ) ;
#3062 = CARTESIAN_POINT ( 'NONE',  ( 0.000000000000000000, 0.01999999999999999001, 9.705473735494732134E-31 ) ) ;
#3063 = CARTESIAN_POINT ( 'NONE',  ( -0.4507874015748029595, 0.3818897637795276023, -0.3799212598425195653 ) ) ;
#3064 = EDGE_CURVE ( 'NONE', #498, #2711, #2928, .T. ) ;
#3065 = LINE ( 'NONE', #1932, #2191 ) ;
#3066 = CARTESIAN_POINT ( 'NONE',  ( 0.3487518205591552123, 0.2416535433070866601, 0.3788699307953760642 ) ) ;
#3067 = PLANE ( 'NONE',  #6693 ) ;
#3068 = ORIENTED_EDGE ( 'NONE', *, *, #1704, .F. ) ;
#3069 = EDGE_CURVE ( 'NONE', #6325, #7191, #2386, .T. ) ;
#3070 = PLANE ( 'NONE',  #7 ) ;
#3071 = VERTEX_POINT ( 'NONE', #6038 ) ;
#3072 = CARTESIAN_POINT ( 'NONE',  ( 0.1596456692913385822, 0.3114173228346456268, -0.09663724781254488805 ) ) ;
#3073 = EDGE_CURVE ( 'NONE', #4011, #5382, #4383, .T. ) ;
#3074 = FACE_OUTER_BOUND ( 'NONE', #1076, .T. ) ;
#3075 = ADVANCED_FACE ( 'NONE', ( #7257 ), #5552, .F. ) ;
#3076 = DIRECTION ( 'NONE',  ( 0.000000000000000000, -0.000000000000000000, -1.000000000000000000 ) ) ;
#3077 = DIRECTION ( 'NONE',  ( 0.000000000000000000, -7.661286097916305006E-43, 1.000000000000000000 ) ) ;
#3078 = EDGE_LOOP ( 'NONE', ( #123, #3653, #6341, #7204 ) ) ;
#3079 = AXIS2_PLACEMENT_3D ( 'NONE', #3795, #3870, #6809 ) ;
#3080 = EDGE_CURVE ( 'NONE', #3798, #5788, #3802, .T. ) ;
#3081 = VERTEX_POINT ( 'NONE', #7147 ) ;
#3082 = EDGE_CURVE ( 'NONE', #5800, #115, #6590, .T. ) ;
#3083 = CARTESIAN_POINT ( 'NONE',  ( 0.3085062810569361713, 0.2516535433070866135, 0.08999999999999998279 ) ) ;
#3084 = ADVANCED_FACE ( 'NONE', ( #263 ), #1991, .T. ) ;
#3085 = DIRECTION ( 'NONE',  ( 0.000000000000000000, -1.000000000000000000, -7.661286097916305006E-43 ) ) ;
#3086 = ORIENTED_EDGE ( 'NONE', *, *, #5072, .T. ) ;
#3087 = VECTOR ( 'NONE', #3720, 39.37007874015748143 ) ;
#3088 = CARTESIAN_POINT ( 'NONE',  ( -0.1909518493879289180, 0.2576625425026003446, 0.4563293440019682290 ) ) ;
#3089 = FACE_OUTER_BOUND ( 'NONE', #3210, .T. ) ;
#3090 = CYLINDRICAL_SURFACE ( 'NONE', #5579, 0.01000000000000002970 ) ;
#3091 = AXIS2_PLACEMENT_3D ( 'NONE', #2740, #6222, #3308 ) ;
#3092 = CARTESIAN_POINT ( 'NONE',  ( 0.4717910885454296710, 0.1102362204724409017, 0.2234251968503936647 ) ) ;
#3093 = DIRECTION ( 'NONE',  ( 1.000000000000000000, -2.668966447755237433E-15, 0.000000000000000000 ) ) ;
#3094 = DIRECTION ( 'NONE',  ( -6.672013369141570147E-16, -7.173277348340182133E-43, -1.000000000000000000 ) ) ;
#3095 = DIRECTION ( 'NONE',  ( -1.000000000000000000, 0.000000000000000000, 0.000000000000000000 ) ) ;
#3096 = CIRCLE ( 'NONE', #7060, 0.08081510857470293463 ) ;
#3097 = VERTEX_POINT ( 'NONE', #5479 ) ;
#3098 = VERTEX_POINT ( 'NONE', #4906 ) ;
#3099 = CARTESIAN_POINT ( 'NONE',  ( -0.2405511811023622049, 0.4015748031496062520, -0.06045746635706857747 ) ) ;
#3100 = DIRECTION ( 'NONE',  ( 0.000000000000000000, -1.000000000000000000, -7.661286097916305006E-43 ) ) ;
#3101 = DIRECTION ( 'NONE',  ( 0.9288767401698618809, -0.3703889868387164608, 0.000000000000000000 ) ) ;
#3102 = CARTESIAN_POINT ( 'NONE',  ( 0.4704724409448817757, 0.3818897637795276023, 0.2211412322089676696 ) ) ;
#3103 = CARTESIAN_POINT ( 'NONE',  ( 0.4725173040131662727, 0.03231368565854034897, -0.008845837007875591296 ) ) ;
#3104 = ORIENTED_EDGE ( 'NONE', *, *, #640, .F. ) ;
#3105 = CYLINDRICAL_SURFACE ( 'NONE', #2757, 0.01377952755905511965 ) ;
#3106 = VERTEX_POINT ( 'NONE', #2669 ) ;
#3107 = DIRECTION ( 'NONE',  ( -0.9230681940233448346, -0.3846363336743951478, 0.000000000000000000 ) ) ;
#3108 = LINE ( 'NONE', #5428, #1533 ) ;
#3109 = DIRECTION ( 'NONE',  ( -1.141265444721584004E-16, -3.876492227960139089E-31, 1.000000000000000000 ) ) ;
#3110 = CARTESIAN_POINT ( 'NONE',  ( 0.4507874015748030150, 0.3917322834645668994, 0.2185039370078739884 ) ) ;
#3111 = VECTOR ( 'NONE', #5391, 39.37007874015748143 ) ;
#3112 = VERTEX_POINT ( 'NONE', #5591 ) ;
#3113 = EDGE_CURVE ( 'NONE', #2089, #2867, #5949, .T. ) ;
#3114 = AXIS2_PLACEMENT_3D ( 'NONE', #2823, #3955, #451 ) ;
#3115 = ORIENTED_EDGE ( 'NONE', *, *, #3959, .T. ) ;
#3116 = DIRECTION ( 'NONE',  ( 0.8660254037844418162, -3.081856994139118952E-15, 0.4999999999999943934 ) ) ;
#3117 = ORIENTED_EDGE ( 'NONE', *, *, #6031, .T. ) ;
#3118 = UNCERTAINTY_MEASURE_WITH_UNIT (LENGTH_MEASURE( 1.000000000000000082E-05 ), #1636, 'distance_accuracy_value', 'NONE');
#3119 = EDGE_CURVE ( 'NONE', #921, #5810, #4680, .T. ) ;
#3120 = AXIS2_PLACEMENT_3D ( 'NONE', #41, #7003, #4639 ) ;
#3121 = DIRECTION ( 'NONE',  ( 0.000000000000000000, 0.000000000000000000, -1.000000000000000000 ) ) ;
#3122 = CARTESIAN_POINT ( 'NONE',  ( -0.4507874015748029595, 0.4015748031496062520, -0.3799212598425195653 ) ) ;
#3123 = EDGE_CURVE ( 'NONE', #6268, #3998, #6625, .T. ) ;
#3124 = EDGE_CURVE ( 'NONE', #6726, #4457, #2634, .T. ) ;
#3125 = ORIENTED_EDGE ( 'NONE', *, *, #3269, .F. ) ;
#3126 = AXIS2_PLACEMENT_3D ( 'NONE', #1211, #6349, #2951 ) ;
#3127 = CARTESIAN_POINT ( 'NONE',  ( -0.2601158228121032145, 0.2498897075583615957, -0.4606299212598425896 ) ) ;
#3128 = ORIENTED_EDGE ( 'NONE', *, *, #4197, .T. ) ;
#3129 = DIRECTION ( 'NONE',  ( -0.3846363336743959804, 0.9230681940233445015, 0.000000000000000000 ) ) ;
#3130 = ADVANCED_FACE ( 'NONE', ( #3768 ), #5423, .T. ) ;
#3131 = CARTESIAN_POINT ( 'NONE',  ( -0.4632672164609361598, 0.3818897637795276023, 0.2283464566929133410 ) ) ;
#3132 = VECTOR ( 'NONE', #3635, 39.37007874015748143 ) ;
#3133 = ORIENTED_EDGE ( 'NONE', *, *, #5038, .T. ) ;
#3134 = SURFACE_SIDE_STYLE ('',( #6010 ) ) ;
#3135 = ORIENTED_EDGE ( 'NONE', *, *, #5222, .F. ) ;
#3136 = LINE ( 'NONE', #5455, #1805 ) ;
#3137 = CARTESIAN_POINT ( 'NONE',  ( 0.2403543307086613845, 0.3982251222636241095, 0.07685322715542176886 ) ) ;
#3138 = CIRCLE ( 'NONE', #5696, 0.02999999999999998848 ) ;
#3139 = DIRECTION ( 'NONE',  ( 0.000000000000000000, 0.000000000000000000, -1.000000000000000000 ) ) ;
#3140 = DIRECTION ( 'NONE',  ( 0.000000000000000000, -1.000000000000000000, -7.661286097916305006E-43 ) ) ;
#3141 = DIRECTION ( 'NONE',  ( 0.000000000000000000, -1.000000000000000000, -7.661286097916305006E-43 ) ) ;
#3142 = ORIENTED_EDGE ( 'NONE', *, *, #1012, .F. ) ;
#3143 = VERTEX_POINT ( 'NONE', #1726 ) ;
#3144 = DIRECTION ( 'NONE',  ( -4.006172263299079969E-15, -1.000000000000000000, 0.000000000000000000 ) ) ;
#3145 = ORIENTED_EDGE ( 'NONE', *, *, #465, .F. ) ;
#3146 = DIRECTION ( 'NONE',  ( -2.587319586713973550E-15, -1.000000000000000000, 0.000000000000000000 ) ) ;
#3147 = DIRECTION ( 'NONE',  ( 0.000000000000000000, 0.000000000000000000, 1.000000000000000000 ) ) ;
#3148 = LINE ( 'NONE', #4824, #7401 ) ;
#3149 = DIRECTION ( 'NONE',  ( -3.433861939970594219E-15, 1.000000000000000000, 0.000000000000000000 ) ) ;
#3150 = VECTOR ( 'NONE', #3597, 39.37007874015748854 ) ;
#3151 = ORIENTED_EDGE ( 'NONE', *, *, #2483, .F. ) ;
#3152 = LINE ( 'NONE', #5473, #845 ) ;
#3153 = AXIS2_PLACEMENT_3D ( 'NONE', #4836, #1023, #2142 ) ;
#3154 = VERTEX_POINT ( 'NONE', #5212 ) ;
#3155 = CARTESIAN_POINT ( 'NONE',  ( -0.4193062885808972462, 0.2516535433070866690, 0.08999999999999999667 ) ) ;
#3156 = AXIS2_PLACEMENT_3D ( 'NONE', #6005, #82, #4729 ) ;
#3157 = EDGE_LOOP ( 'NONE', ( #6718, #944, #1343, #2219 ) ) ;
#3158 = EDGE_CURVE ( 'NONE', #3324, #2508, #6369, .T. ) ;
#3159 = DIRECTION ( 'NONE',  ( 0.8660254037844420383, -3.469446951953583029E-15, 0.4999999999999942824 ) ) ;
#3160 = AXIS2_PLACEMENT_3D ( 'NONE', #4739, #4130, #2478 ) ;
#3161 = VECTOR ( 'NONE', #3741, 39.37007874015748143 ) ;
#3162 = ORIENTED_EDGE ( 'NONE', *, *, #1708, .T. ) ;
#3163 = ADVANCED_FACE ( 'NONE', ( #4001 ), #5668, .T. ) ;
#3164 = CARTESIAN_POINT ( 'NONE',  ( -0.2698261681631019537, 0.2709059143785780277, -0.4383202351107005068 ) ) ;
#3165 = CIRCLE ( 'NONE', #2465, 0.003937007874015724558 ) ;
#3166 = VERTEX_POINT ( 'NONE', #7368 ) ;
#3167 = EDGE_CURVE ( 'NONE', #7169, #7408, #2222, .T. ) ;
#3168 = CARTESIAN_POINT ( 'NONE',  ( 0.2248110124664194909, 0.2516535433070866690, -0.4006299212598424808 ) ) ;
#3169 = ADVANCED_FACE ( 'NONE', ( #1653 ), #1128, .F. ) ;
#3170 = CARTESIAN_POINT ( 'NONE',  ( -0.2403543307086613845, 0.3917324950803335870, 0.05623699102971183028 ) ) ;
#3171 = DIRECTION ( 'NONE',  ( 0.000000000000000000, 1.000000000000000000, 7.661286097916305006E-43 ) ) ;
#3172 = CARTESIAN_POINT ( 'NONE',  ( 0.1596456692913385822, 0.3917322834645668994, 0.1200787401574804486 ) ) ;
#3173 = ORIENTED_EDGE ( 'NONE', *, *, #829, .F. ) ;
#3174 = EDGE_CURVE ( 'NONE', #7202, #222, #6926, .T. ) ;
#3175 = ORIENTED_EDGE ( 'NONE', *, *, #4195, .T. ) ;
#3176 = LINE ( 'NONE', #7272, #5472 ) ;
#3177 = CYLINDRICAL_SURFACE ( 'NONE', #996, 0.03090551181102361641 ) ;
#3178 = DIRECTION ( 'NONE',  ( -0.000000000000000000, 0.000000000000000000, 1.000000000000000000 ) ) ;
#3179 = CARTESIAN_POINT ( 'NONE',  ( -0.3265663454301719337, 0.2455008555756799105, 0.4606293375561558712 ) ) ;
#3180 = LINE ( 'NONE', #6055, #5510 ) ;
#3181 = ORIENTED_EDGE ( 'NONE', *, *, #5176, .T. ) ;
#3182 = ORIENTED_EDGE ( 'NONE', *, *, #962, .T. ) ;
#3183 = DIRECTION ( 'NONE',  ( 1.000000000000000000, -0.000000000000000000, -0.000000000000000000 ) ) ;
#3184 = EDGE_LOOP ( 'NONE', ( #7444, #6424, #3282, #4228 ) ) ;
#3185 = LINE ( 'NONE', #2695, #764 ) ;
#3186 = DIRECTION ( 'NONE',  ( 0.000000000000000000, -1.000000000000000000, -7.661286097916305006E-43 ) ) ;
#3187 = CIRCLE ( 'NONE', #7385, 0.3499999999999999778 ) ;
#3188 = PLANE ( 'NONE',  #1269 ) ;
#3189 = FACE_OUTER_BOUND ( 'NONE', #4345, .T. ) ;
#3190 = VERTEX_POINT ( 'NONE', #4647 ) ;
#3191 = CARTESIAN_POINT ( 'NONE',  ( -0.3265669291338584301, 0.2716535433070866312, 0.4319299212598425308 ) ) ;
#3192 = ORIENTED_EDGE ( 'NONE', *, *, #7259, .T. ) ;
#3193 = PLANE ( 'NONE',  #209 ) ;
#3194 = VERTEX_POINT ( 'NONE', #7443 ) ;
#3195 = CARTESIAN_POINT ( 'NONE',  ( -0.3259928797162952030, 0.2492831986016313672, -0.4600558718422792515 ) ) ;
#3196 = EDGE_CURVE ( 'NONE', #1166, #7417, #1092, .T. ) ;
#3197 = ORIENTED_EDGE ( 'NONE', *, *, #2610, .F. ) ;
#3198 = VECTOR ( 'NONE', #5398, 39.37007874015748143 ) ;
#3199 = VECTOR ( 'NONE', #3748, 39.37007874015748143 ) ;
#3200 = DIRECTION ( 'NONE',  ( 0.000000000000000000, -7.661286097916305006E-43, -1.000000000000000000 ) ) ;
#3201 = LINE ( 'NONE', #7223, #1139 ) ;
#3202 = ORIENTED_EDGE ( 'NONE', *, *, #3443, .T. ) ;
#3203 = DIRECTION ( 'NONE',  ( -0.8660254037844419273, 3.081856994139120135E-15, -0.4999999999999944489 ) ) ;
#3204 = CARTESIAN_POINT ( 'NONE',  ( -0.1930337816270710216, 0.2459285825697894723, -0.4606299212598424231 ) ) ;
#3205 = LINE ( 'NONE', #425, #5108 ) ;
#3206 = DIRECTION ( 'NONE',  ( 0.000000000000000000, 0.000000000000000000, 1.000000000000000000 ) ) ;
#3207 = ORIENTED_EDGE ( 'NONE', *, *, #1459, .F. ) ;
#3208 = EDGE_CURVE ( 'NONE', #6338, #4329, #286, .T. ) ;
#3209 = VECTOR ( 'NONE', #1385, 39.37007874015748143 ) ;
#3210 = EDGE_LOOP ( 'NONE', ( #6201, #1855, #4968, #5974 ) ) ;
#3211 = DIRECTION ( 'NONE',  ( 1.000000000000000000, 0.000000000000000000, 0.000000000000000000 ) ) ;
#3212 = FACE_OUTER_BOUND ( 'NONE', #6169, .T. ) ;
#3213 =( CONVERSION_BASED_UNIT ( 'INCH', #926 ) LENGTH_UNIT ( ) NAMED_UNIT ( #5386 ) );
#3214 = CARTESIAN_POINT ( 'NONE',  ( -0.4606299212598428117, 0.2466863395637705625, -0.2054993803149607612 ) ) ;
#3215 = VECTOR ( 'NONE', #2338, 39.37007874015748143 ) ;
#3216 = ADVANCED_FACE ( 'NONE', ( #1305 ), #7065, .F. ) ;
#3217 = ORIENTED_EDGE ( 'NONE', *, *, #311, .F. ) ;
#3218 = ADVANCED_FACE ( 'NONE', ( #638 ), #7032, .T. ) ;
#3219 = ORIENTED_EDGE ( 'NONE', *, *, #7350, .T. ) ;
#3220 = FACE_OUTER_BOUND ( 'NONE', #2639, .T. ) ;
#3221 = ORIENTED_EDGE ( 'NONE', *, *, #4333, .F. ) ;
#3222 = VECTOR ( 'NONE', #61, 39.37007874015748143 ) ;
#3223 = DIRECTION ( 'NONE',  ( 0.000000000000000000, 1.000000000000000000, 7.661286097916305006E-43 ) ) ;
#3224 = LINE ( 'NONE', #7242, #36 ) ;
#3225 = FACE_OUTER_BOUND ( 'NONE', #5651, .T. ) ;
#3226 = CYLINDRICAL_SURFACE ( 'NONE', #679, 0.07874015748031495954 ) ;
#3227 = DIRECTION ( 'NONE',  ( 0.9288767401698612147, -0.3703889868387178486, 0.000000000000000000 ) ) ;
#3228 = ORIENTED_EDGE ( 'NONE', *, *, #78, .F. ) ;
#3229 = DIRECTION ( 'NONE',  ( 0.000000000000000000, 0.000000000000000000, 1.000000000000000000 ) ) ;
#3230 = VERTEX_POINT ( 'NONE', #1802 ) ;
#3231 = ORIENTED_EDGE ( 'NONE', *, *, #6315, .F. ) ;
#3232 = DIRECTION ( 'NONE',  ( 0.000000000000000000, -1.000000000000000000, -7.661286097916305006E-43 ) ) ;
#3233 = DIRECTION ( 'NONE',  ( 0.000000000000000000, 0.000000000000000000, -1.000000000000000000 ) ) ;
#3234 = VERTEX_POINT ( 'NONE', #181 ) ;
#3235 = CARTESIAN_POINT ( 'NONE',  ( -0.1875416941680818628, 0.2659020415544323113, -0.4487180076551681718 ) ) ;
#3236 = CIRCLE ( 'NONE', #3482, 0.01574803149606296415 ) ;
#3237 = LINE ( 'NONE', #1428, #2197 ) ;
#3238 = CARTESIAN_POINT ( 'NONE',  ( 0.3487518205591552123, 0.2416535433070866601, 0.3788699307953760642 ) ) ;
#3239 = FACE_OUTER_BOUND ( 'NONE', #4482, .T. ) ;
#3240 = PRODUCT_RELATED_PRODUCT_CATEGORY ( 'part', '', ( #852 ) ) ;
#3241 = AXIS2_PLACEMENT_3D ( 'NONE', #6429, #3483, #1158 ) ;
#3242 = ORIENTED_EDGE ( 'NONE', *, *, #3780, .F. ) ;
#3243 = VECTOR ( 'NONE', #821, 39.37007874015748854 ) ;
#3244 = EDGE_LOOP ( 'NONE', ( #2482, #4421, #185, #171 ) ) ;
#3245 = CARTESIAN_POINT ( 'NONE',  ( 0.4507874015748029595, 0.4015748031496063630, 0.2185039370078739329 ) ) ;
#3246 = CARTESIAN_POINT ( 'NONE',  ( -0.4606299212598429782, 0.2023622047244094113, -0.2054993803149607612 ) ) ;
#3247 = DIRECTION ( 'NONE',  ( 0.000000000000000000, 7.661286097916305006E-43, 1.000000000000000000 ) ) ;
#3248 = VECTOR ( 'NONE', #243, 39.37007874015748143 ) ;
#3249 = CARTESIAN_POINT ( 'NONE',  ( -0.2978005287285726554, 0.2513202549205102443, 0.4590976042147846825 ) ) ;
#3250 = EDGE_CURVE ( 'NONE', #7298, #6062, #6440, .T. ) ;
#3251 = ORIENTED_EDGE ( 'NONE', *, *, #403, .F. ) ;
#3252 = ORIENTED_EDGE ( 'NONE', *, *, #5809, .T. ) ;
#3253 = FACE_OUTER_BOUND ( 'NONE', #6750, .T. ) ;
#3254 = EDGE_LOOP ( 'NONE', ( #3815, #963, #2938, #4542 ) ) ;
#3255 = ADVANCED_FACE ( 'NONE', ( #2489 ), #2931, .F. ) ;
#3256 = LINE ( 'NONE', #479, #7364 ) ;
#3257 = PLANE ( 'NONE',  #2385 ) ;
#3258 = LINE ( 'NONE', #7320, #5018 ) ;
#3259 = EDGE_CURVE ( 'NONE', #4365, #3106, #4755, .T. ) ;
#3260 = DIRECTION ( 'NONE',  ( 0.000000000000000000, 0.000000000000000000, -1.000000000000000000 ) ) ;
#3261 = EDGE_CURVE ( 'NONE', #6148, #6928, #3649, .T. ) ;
#3262 = PRESENTATION_LAYER_ASSIGNMENT (  '', '', ( #2433 ) ) ;
#3263 = ORIENTED_EDGE ( 'NONE', *, *, #1831, .F. ) ;
#3264 = EDGE_LOOP ( 'NONE', ( #7049, #4595, #200, #6877 ) ) ;
#3265 = EDGE_CURVE ( 'NONE', #168, #715, #6999, .T. ) ;
#3266 = FACE_OUTER_BOUND ( 'NONE', #5500, .T. ) ;
#3267 = ORIENTED_EDGE ( 'NONE', *, *, #3296, .F. ) ;
#3268 = DIRECTION ( 'NONE',  ( 3.338476886082544684E-15, -1.000000000000000000, 0.000000000000000000 ) ) ;
#3269 = EDGE_CURVE ( 'NONE', #4419, #7341, #6511, .T. ) ;
#3270 = CARTESIAN_POINT ( 'NONE',  ( -0.2978253532213718247, 0.2494317367946993214, -0.4596704771255339383 ) ) ;
#3271 = VECTOR ( 'NONE', #6474, 39.37007874015748143 ) ;
#3272 = ORIENTED_EDGE ( 'NONE', *, *, #4881, .T. ) ;
#3273 = VECTOR ( 'NONE', #5346, 39.37007874015748143 ) ;
#3274 = CARTESIAN_POINT ( 'NONE',  ( 0.3484251968503935815, 0.3917322834645669549, -0.4035433070866142891 ) ) ;
#3275 = DIRECTION ( 'NONE',  ( 0.000000000000000000, 1.000000000000000000, 7.661286097916305006E-43 ) ) ;
#3276 = DIRECTION ( 'NONE',  ( 1.000000000000000000, 0.000000000000000000, 0.000000000000000000 ) ) ;
#3277 = ORIENTED_EDGE ( 'NONE', *, *, #5399, .T. ) ;
#3278 = CIRCLE ( 'NONE', #5467, 0.03937007874015744507 ) ;
#3279 = CARTESIAN_POINT ( 'NONE',  ( -0.2403543307086613845, 0.3659856491034197412, 0.02165587032319900990 ) ) ;
#3280 = CARTESIAN_POINT ( 'NONE',  ( 0.4704724409448817202, 0.3818897637795276023, 5.335640612625514253E-17 ) ) ;
#3281 = PLANE ( 'NONE',  #6493 ) ;
#3282 = ORIENTED_EDGE ( 'NONE', *, *, #2007, .F. ) ;
#3283 = VECTOR ( 'NONE', #1145, 39.37007874015748143 ) ;
#3284 = PRODUCT_CONTEXT ( 'NONE', #1730, 'mechanical' ) ;
#3285 = VECTOR ( 'NONE', #2139, 39.37007874015748143 ) ;
#3286 = VERTEX_POINT ( 'NONE', #1871 ) ;
#3287 = FACE_OUTER_BOUND ( 'NONE', #5551, .T. ) ;
#3288 = CARTESIAN_POINT ( 'NONE',  ( -0.3265669291338584856, 0.2716535433070866312, -0.3511974678401351690 ) ) ;
#3289 = PLANE ( 'NONE',  #874 ) ;
#3290 = DIRECTION ( 'NONE',  ( 0.000000000000000000, -7.661286097916305006E-43, 1.000000000000000000 ) ) ;
#3291 = VECTOR ( 'NONE', #1227, 39.37007874015748143 ) ;
#3292 = DIRECTION ( 'NONE',  ( 0.000000000000000000, 6.982962677686265922E-15, -1.000000000000000000 ) ) ;
#3293 = ORIENTED_EDGE ( 'NONE', *, *, #3490, .T. ) ;
#3294 = EDGE_LOOP ( 'NONE', ( #6619, #7241, #5711, #4610, #2825, #1927 ) ) ;
#3295 = DIRECTION ( 'NONE',  ( 0.000000000000000000, 1.000000000000000000, 0.000000000000000000 ) ) ;
#3296 = EDGE_CURVE ( 'NONE', #3998, #3230, #3534, .T. ) ;
#3297 = ORIENTED_EDGE ( 'NONE', *, *, #5432, .F. ) ;
#3298 = DIRECTION ( 'NONE',  ( 0.000000000000000000, -1.000000000000000000, -0.000000000000000000 ) ) ;
#3299 = CARTESIAN_POINT ( 'NONE',  ( -0.4295669291338582441, 0.02000000000000002470, -0.05118110236220476533 ) ) ;
#3300 = CARTESIAN_POINT ( 'NONE',  ( 0.4752772192324700717, 0.04917272174909721044, 0.02205967480314803206 ) ) ;
#3301 = DIRECTION ( 'NONE',  ( 0.000000000000000000, 0.000000000000000000, 1.000000000000000000 ) ) ;
#3302 = ADVANCED_FACE ( 'NONE', ( #1839 ), #3499, .T. ) ;
#3303 = ORIENTED_EDGE ( 'NONE', *, *, #1700, .F. ) ;
#3304 = ADVANCED_FACE ( 'NONE', ( #4722 ), #1230, .F. ) ;
#3305 = ORIENTED_EDGE ( 'NONE', *, *, #2448, .T. ) ;
#3306 = VECTOR ( 'NONE', #3569, 39.37007874015748143 ) ;
#3307 = EDGE_CURVE ( 'NONE', #5519, #6338, #3005, .T. ) ;
#3308 = DIRECTION ( 'NONE',  ( 0.000000000000000000, 0.000000000000000000, 1.000000000000000000 ) ) ;
#3309 = ORIENTED_EDGE ( 'NONE', *, *, #6859, .F. ) ;
#3310 = ADVANCED_FACE ( 'NONE', ( #6479 ), #1197, .F. ) ;
#3311 = ORIENTED_EDGE ( 'NONE', *, *, #5481, .F. ) ;
#3312 = ADVANCED_FACE ( 'NONE', ( #4527 ), #588, .T. ) ;
#3313 = EDGE_LOOP ( 'NONE', ( #5515, #4607, #1525, #6825 ) ) ;
#3314 = DIRECTION ( 'NONE',  ( -0.000000000000000000, -1.000000000000000000, -3.787605842744118123E-15 ) ) ;
#3315 = CARTESIAN_POINT ( 'NONE',  ( -0.4606299212598433113, 0.09918119350236434539, -0.03975134881889921118 ) ) ;
#3316 = CARTESIAN_POINT ( 'NONE',  ( -0.2626442315948401274, 0.2688466401727469535, -0.4428567796937049050 ) ) ;
#3317 = ORIENTED_EDGE ( 'NONE', *, *, #5857, .T. ) ;
#3318 = FACE_OUTER_BOUND ( 'NONE', #1907, .T. ) ;
#3319 = PRODUCT_DEFINITION_SHAPE ( 'NONE', 'NONE',  #7446 ) ;
#3320 = LINE ( 'NONE', #5143, #4558 ) ;
#3321 = CARTESIAN_POINT ( 'NONE',  ( -0.4744094488188977388, 0.2023622047244094668, -0.2054993803149607612 ) ) ;
#3322 = ORIENTED_EDGE ( 'NONE', *, *, #640, .T. ) ;
#3323 = CIRCLE ( 'NONE', #802, 0.08081510857470286524 ) ;
#3324 = VERTEX_POINT ( 'NONE', #2850 ) ;
#3325 = DIRECTION ( 'NONE',  ( 0.000000000000000000, 1.000000000000000000, 0.000000000000000000 ) ) ;
#3326 = DIRECTION ( 'NONE',  ( -1.000000000000000000, 0.000000000000000000, 0.000000000000000000 ) ) ;
#3327 = PLANE ( 'NONE',  #5581 ) ;
#3328 = FACE_OUTER_BOUND ( 'NONE', #7016, .T. ) ;
#3329 = VECTOR ( 'NONE', #2607, 39.37007874015748143 ) ;
#3330 = DIRECTION ( 'NONE',  ( 1.734723475976810053E-15, -1.000000000000000000, 0.000000000000000000 ) ) ;
#3331 = CIRCLE ( 'NONE', #2001, 0.08500000000001084466 ) ;
#3332 = ORIENTED_EDGE ( 'NONE', *, *, #6368, .F. ) ;
#3333 = VERTEX_POINT ( 'NONE', #1640 ) ;
#3334 = VECTOR ( 'NONE', #6675, 39.37007874015748143 ) ;
#3335 = ORIENTED_EDGE ( 'NONE', *, *, #1188, .T. ) ;
#3336 = DIRECTION ( 'NONE',  ( 1.000000000000000000, 0.000000000000000000, 0.000000000000000000 ) ) ;
#3337 = CARTESIAN_POINT ( 'NONE',  ( -0.2505326743371041331, 0.2716535433070866312, 0.4534870641169853056 ) ) ;
#3338 = AXIS2_PLACEMENT_3D ( 'NONE', #7441, #4574, #1765 ) ;
#3339 = FACE_OUTER_BOUND ( 'NONE', #3921, .T. ) ;
#3340 = CARTESIAN_POINT ( 'NONE',  ( -0.2601158228121032701, 0.2498892684833836642, 0.4606299212598424786 ) ) ;
#3341 =( BOUNDED_CURVE ( )  B_SPLINE_CURVE ( 3, ( #611, #5221, #1064, #2798 ),
 .UNSPECIFIED., .F., .T. ) 
 B_SPLINE_CURVE_WITH_KNOTS ( ( 4, 4 ),
 ( 4.712388980384689674, 6.283185307179586232 ),
 .UNSPECIFIED. ) 
 CURVE ( )  GEOMETRIC_REPRESENTATION_ITEM ( )  RATIONAL_B_SPLINE_CURVE ( ( 1.000000000000000000, 0.8047378541243649375, 0.8047378541243649375, 1.000000000000000000 ) ) 
 REPRESENTATION_ITEM ( '' )  );
#3342 = ORIENTED_EDGE ( 'NONE', *, *, #5583, .T. ) ;
#3343 = DIRECTION ( 'NONE',  ( 0.000000000000000000, 1.000000000000000000, 0.000000000000000000 ) ) ;
#3344 = VERTEX_POINT ( 'NONE', #3987 ) ;
#3345 = DIRECTION ( 'NONE',  ( 0.000000000000000000, 3.787605842744118123E-15, -1.000000000000000000 ) ) ;
#3346 = DIRECTION ( 'NONE',  ( 0.000000000000000000, -1.000000000000000000, -7.661286097916305006E-43 ) ) ;
#3347 = EDGE_LOOP ( 'NONE', ( #7277, #3592, #1569, #1992 ) ) ;
#3348 = CIRCLE ( 'NONE', #98, 0.3998425196850393659 ) ;
#3349 = DIRECTION ( 'NONE',  ( 0.000000000000000000, -1.000000000000000000, -7.661286097916305006E-43 ) ) ;
#3350 = EDGE_CURVE ( 'NONE', #6837, #6062, #6948, .T. ) ;
#3351 = ORIENTED_EDGE ( 'NONE', *, *, #1399, .T. ) ;
#3352 = ORIENTED_EDGE ( 'NONE', *, *, #4562, .T. ) ;
#3353 = DIRECTION ( 'NONE',  ( 0.000000000000000000, -0.8719048594991304357, 0.4896753169007006523 ) ) ;
#3354 = VERTEX_POINT ( 'NONE', #3414 ) ;
#3355 = CARTESIAN_POINT ( 'NONE',  ( -0.4704724409448829969, 1.639108796198557931E-15, 5.335640612625514253E-17 ) ) ;
#3356 = LINE ( 'NONE', #3888, #5272 ) ;
#3357 = FACE_OUTER_BOUND ( 'NONE', #5444, .T. ) ;
#3358 = EDGE_CURVE ( 'NONE', #453, #2975, #4522, .T. ) ;
#3359 = DIRECTION ( 'NONE',  ( 0.000000000000000000, 7.661286097916306599E-43, 1.000000000000000000 ) ) ;
#3360 = ADVANCED_FACE ( 'NONE', ( #4024, #2813 ), #3477, .F. ) ;
#3361 = ORIENTED_EDGE ( 'NONE', *, *, #4712, .F. ) ;
#3362 = AXIS2_PLACEMENT_3D ( 'NONE', #6242, #1065, #3359 ) ;
#3363 = ORIENTED_EDGE ( 'NONE', *, *, #5490, .F. ) ;
#3364 = CARTESIAN_POINT ( 'NONE',  ( 0.2405511811023622049, 0.3917322834645668994, -0.06045746635706857747 ) ) ;
#3365 = EDGE_CURVE ( 'NONE', #2571, #6231, #3945, .T. ) ;
#3366 = CARTESIAN_POINT ( 'NONE',  ( -0.4507874015748030150, 0.3917322834645668994, 0.2185039370078739884 ) ) ;
#3367 = DIRECTION ( 'NONE',  ( 0.6755902076156643510, 0.000000000000000000, 0.7372773368101203095 ) ) ;
#3368 = PLANE ( 'NONE',  #445 ) ;
#3369 = VECTOR ( 'NONE', #1295, 39.37007874015748143 ) ;
#3370 = EDGE_LOOP ( 'NONE', ( #3219, #3207, #1045, #1268 ) ) ;
#3371 = ORIENTED_EDGE ( 'NONE', *, *, #6317, .T. ) ;
#3372 = DIRECTION ( 'NONE',  ( 0.000000000000000000, 0.000000000000000000, 1.000000000000000000 ) ) ;
#3373 = ORIENTED_EDGE ( 'NONE', *, *, #6530, .T. ) ;
#3374 = DIRECTION ( 'NONE',  ( 5.325788073756982701E-14, -4.661551227501345541E-42, -1.000000000000000000 ) ) ;
#3375 = AXIS2_PLACEMENT_3D ( 'NONE', #5015, #2668, #1050 ) ;
#3376 = CYLINDRICAL_SURFACE ( 'NONE', #1350, 0.03000000000000002318 ) ;
#3377 = DIRECTION ( 'NONE',  ( 1.000000000000000000, 0.000000000000000000, -0.000000000000000000 ) ) ;
#3378 = CARTESIAN_POINT ( 'NONE',  ( 0.4890567467915251654, 0.04917272174909721044, 0.02205967480314803206 ) ) ;
#3379 = SPHERICAL_SURFACE ( 'NONE', #2371, 0.03937007874015747977 ) ;
#3380 = CIRCLE ( 'NONE', #4357, 0.01574803149606296415 ) ;
#3381 = VERTEX_POINT ( 'NONE', #22 ) ;
#3382 = CARTESIAN_POINT ( 'NONE',  ( 0.4789342142725088736, 0.05063094610672995433, 0.02205967480314803206 ) ) ;
#3383 = ORIENTED_EDGE ( 'NONE', *, *, #1974, .T. ) ;
#3384 = DIRECTION ( 'NONE',  ( 0.000000000000000000, 1.000000000000000000, 7.661286097916305006E-43 ) ) ;
#3385 = DIRECTION ( 'NONE',  ( -3.396661351562978405E-15, -1.000000000000000000, -6.065466699219604294E-16 ) ) ;
#3386 = EDGE_LOOP ( 'NONE', ( #905, #3135, #2232, #1036 ) ) ;
#3387 = ORIENTED_EDGE ( 'NONE', *, *, #876, .T. ) ;
#3388 = EDGE_CURVE ( 'NONE', #3743, #4642, #7355, .T. ) ;
#3389 = CARTESIAN_POINT ( 'NONE',  ( 0.4901574803149654214, 0.04905824521324918253, -0.03975134881889921118 ) ) ;
#3390 = ORIENTED_EDGE ( 'NONE', *, *, #2121, .T. ) ;
#3391 = PLANE ( 'NONE',  #3448 ) ;
#3392 = DIRECTION ( 'NONE',  ( 0.000000000000000000, -1.000000000000000000, -7.661286097916305006E-43 ) ) ;
#3393 = CARTESIAN_POINT ( 'NONE',  ( 0.3487518205591552123, 0.2716535433070866312, 0.3788699307953760642 ) ) ;
#3394 = CARTESIAN_POINT ( 'NONE',  ( -0.02972440944881905162, 0.000000000000000000, 0.000000000000000000 ) ) ;
#3395 = AXIS2_PLACEMENT_3D ( 'NONE', #1710, #5115, #4660 ) ;
#3396 = EDGE_CURVE ( 'NONE', #1559, #5157, #2917, .T. ) ;
#3397 = ORIENTED_EDGE ( 'NONE', *, *, #5679, .F. ) ;
#3398 = PRODUCT_CONTEXT ( 'NONE', #7253, 'mechanical' ) ;
#3399 = EDGE_CURVE ( 'NONE', #3804, #1180, #1242, .T. ) ;
#3400 = EDGE_LOOP ( 'NONE', ( #3851, #5044, #1500, #3637 ) ) ;
#3401 = TOROIDAL_SURFACE ( 'NONE', #3153, 0.04091458600556442671, 0.02165354330708661734 ) ;
#3402 = EDGE_CURVE ( 'NONE', #3591, #2034, #5117, .T. ) ;
#3403 = DIRECTION ( 'NONE',  ( -0.000000000000000000, -1.000000000000000000, -7.661286097916305006E-43 ) ) ;
#3404 = DIRECTION ( 'NONE',  ( 0.000000000000000000, -7.661286097916305006E-43, 1.000000000000000000 ) ) ;
#3405 = CARTESIAN_POINT ( 'NONE',  ( 0.2087340609205522168, 0.2592271364358937902, 0.4606299212598424786 ) ) ;
#3406 = VECTOR ( 'NONE', #4159, 39.37007874015748143 ) ;
#3407 = CARTESIAN_POINT ( 'NONE',  ( -0.4704724409448827194, 0.1102362204724409017, -0.3799212598425197318 ) ) ;
#3408 = VECTOR ( 'NONE', #6138, 39.37007874015748143 ) ;
#3409 = EDGE_CURVE ( 'NONE', #5460, #1977, #6880, .T. ) ;
#3410 = ORIENTED_EDGE ( 'NONE', *, *, #3952, .T. ) ;
#3411 = ORIENTED_EDGE ( 'NONE', *, *, #1316, .F. ) ;
#3412 = FACE_OUTER_BOUND ( 'NONE', #5056, .T. ) ;
#3413 = ORIENTED_EDGE ( 'NONE', *, *, #3775, .F. ) ;
#3414 = CARTESIAN_POINT ( 'NONE',  ( 0.4269494753157545563, 6.829619984160658046E-17, -0.3584687405235139623 ) ) ;
#3415 = CARTESIAN_POINT ( 'NONE',  ( 0.1596456692913385822, 0.1907360999991050132, 0.1200787401574807817 ) ) ;
#3416 = VECTOR ( 'NONE', #6283, 39.37007874015748854 ) ;
#3417 = DIRECTION ( 'NONE',  ( 0.000000000000000000, 0.000000000000000000, -1.000000000000000000 ) ) ;
#3418 = DIRECTION ( 'NONE',  ( 1.000000000000000000, 0.000000000000000000, 0.000000000000000000 ) ) ;
#3419 = CARTESIAN_POINT ( 'NONE',  ( 0.4792142271064858128, 0.04917272174909721044, 0.02205967480314803206 ) ) ;
#3420 = CARTESIAN_POINT ( 'NONE',  ( 0.2387340609205521325, 0.2716535433070866312, -0.4086683970327761872 ) ) ;
#3421 = ORIENTED_EDGE ( 'NONE', *, *, #5958, .T. ) ;
#3422 = AXIS2_PLACEMENT_3D ( 'NONE', #5697, #522, #5122 ) ;
#3423 = CARTESIAN_POINT ( 'NONE',  ( -0.1596456692913385822, 0.3015748031496062187, -0.1279527559055120278 ) ) ;
#3424 = EDGE_LOOP ( 'NONE', ( #3611, #6585, #6599, #5316 ) ) ;
#3425 = CARTESIAN_POINT ( 'NONE',  ( -0.3080721254196688297, 0.2708795750243793155, -0.4421351175456533777 ) ) ;
#3426 = CIRCLE ( 'NONE', #900, 0.08081510857470293463 ) ;
#3427 = ORIENTED_EDGE ( 'NONE', *, *, #4650, .T. ) ;
#3428 = ORIENTED_EDGE ( 'NONE', *, *, #5167, .F. ) ;
#3429 = CARTESIAN_POINT ( 'NONE',  ( -0.1804770808631407930, 0.2716535433070866312, 0.4306299212598441728 ) ) ;
#3430 = VERTEX_POINT ( 'NONE', #59 ) ;
#3431 = CARTESIAN_POINT ( 'NONE',  ( -0.4911417322834649712, 0.1102362204724408323, 0.2766265343339149863 ) ) ;
#3432 = VECTOR ( 'NONE', #4865, 39.37007874015748854 ) ;
#3433 = DIRECTION ( 'NONE',  ( 0.000000000000000000, -1.000000000000000000, 0.000000000000000000 ) ) ;
#3434 = CARTESIAN_POINT ( 'NONE',  ( -0.1930337834871095060, 0.2416535433070866601, 0.4606299212598424786 ) ) ;
#3435 = DIRECTION ( 'NONE',  ( 0.000000000000000000, 0.000000000000000000, 1.000000000000000000 ) ) ;
#3436 = VERTEX_POINT ( 'NONE', #2283 ) ;
#3437 = CARTESIAN_POINT ( 'NONE',  ( 0.4911417322834649712, 0.1102362204724408323, 0.2766265343339149863 ) ) ;
#3438 = DIRECTION ( 'NONE',  ( 0.000000000000000000, 1.000000000000000000, 7.661286097916305006E-43 ) ) ;
#3439 = DIRECTION ( 'NONE',  ( 8.459571950149005536E-16, -8.280041622063673177E-43, -1.000000000000000000 ) ) ;
#3440 = DIRECTION ( 'NONE',  ( 0.000000000000000000, 0.000000000000000000, 1.000000000000000000 ) ) ;
#3441 = B_SPLINE_CURVE_WITH_KNOTS ( 'NONE', 3,
 ( #4875, #3127, #2539, #4909, #377, #3164, #2573, #1390 ),
 .UNSPECIFIED., .F., .F.,
 ( 4, 2, 2, 4 ),
 ( 0.000000000000000000, 0.0006193908024878357760, 0.0009290862037317522545, 0.001238781604975668733 ),
 .UNSPECIFIED. ) ;
#3442 = AXIS2_PLACEMENT_3D ( 'NONE', #6477, #293, #332 ) ;
#3443 = EDGE_CURVE ( 'NONE', #4698, #5878, #2696, .T. ) ;
#3444 = ORIENTED_EDGE ( 'NONE', *, *, #5951, .F. ) ;
#3445 = ORIENTED_EDGE ( 'NONE', *, *, #4344, .F. ) ;
#3446 = CARTESIAN_POINT ( 'NONE',  ( -0.4704724409448826639, 0.09918119350236434539, 0.02205967480314803206 ) ) ;
#3447 = DIRECTION ( 'NONE',  ( 0.000000000000000000, 0.000000000000000000, 1.000000000000000000 ) ) ;
#3448 = AXIS2_PLACEMENT_3D ( 'NONE', #540, #2966, #4008 ) ;
#3449 = VECTOR ( 'NONE', #1285, 39.37007874015748143 ) ;
#3450 = CARTESIAN_POINT ( 'NONE',  ( -0.3679550999545743162, 0.2716535433070866312, 0.08999999999999998279 ) ) ;
#3451 = EDGE_CURVE ( 'NONE', #6928, #4419, #3655, .T. ) ;
#3452 = CARTESIAN_POINT ( 'NONE',  ( -0.3316939163176266248, 0.3917322834645668994, 0.3779992289461152066 ) ) ;
#3453 = CARTESIAN_POINT ( 'NONE',  ( 0.2087340609205521613, 0.2416535433070866601, 0.4606299212598424786 ) ) ;
#3454 = ADVANCED_FACE ( 'NONE', ( #2244 ), #2094, .T. ) ;
#3455 = EDGE_CURVE ( 'NONE', #1950, #4202, #5599, .T. ) ;
#3456 = ORIENTED_EDGE ( 'NONE', *, *, #4053, .F. ) ;
#3457 = ORIENTED_EDGE ( 'NONE', *, *, #4535, .T. ) ;
#3458 = CARTESIAN_POINT ( 'NONE',  ( -0.2403543307086613845, 0.1907360999991050132, 0.1200787401574807817 ) ) ;
#3459 = CARTESIAN_POINT ( 'NONE',  ( -0.1596456692913385822, 0.4015748031496061410, 0.09846441034894667932 ) ) ;
#3460 = CARTESIAN_POINT ( 'NONE',  ( -0.4744094488188984049, 0.09918119350236434539, 0.02205967480314803206 ) ) ;
#3461 = EDGE_LOOP ( 'NONE', ( #1618, #2164, #6187, #5770 ) ) ;
#3462 = EDGE_LOOP ( 'NONE', ( #773, #4623, #3782, #2953 ) ) ;
#3463 = LINE ( 'NONE', #607, #1650 ) ;
#3464 = AXIS2_PLACEMENT_3D ( 'NONE', #7433, #5804, #4062 ) ;
#3465 = ORIENTED_EDGE ( 'NONE', *, *, #2582, .T. ) ;
#3466 = FACE_OUTER_BOUND ( 'NONE', #5488, .T. ) ;
#3467 = EDGE_LOOP ( 'NONE', ( #4798, #5614, #2663, #3500 ) ) ;
#3468 = CARTESIAN_POINT ( 'NONE',  ( 0.4547244094488192556, 0.2023622047244094113, -0.2054993803149607612 ) ) ;
#3469 = CARTESIAN_POINT ( 'NONE',  ( 0.1596456692913385822, 0.3033398936683191494, -0.08988975328832256306 ) ) ;
#3470 = CARTESIAN_POINT ( 'NONE',  ( 0.1596456692913385822, 0.3745673898465213814, 0.01683623137732593103 ) ) ;
#3471 = AXIS2_PLACEMENT_3D ( 'NONE', #6262, #489, #7440 ) ;
#3472 = ORIENTED_EDGE ( 'NONE', *, *, #1182, .F. ) ;
#3473 =( LENGTH_UNIT ( ) NAMED_UNIT ( * ) SI_UNIT ( $, .METRE. ) );
#3474 = ORIENTED_EDGE ( 'NONE', *, *, #469, .T. ) ;
#3475 = ORIENTED_EDGE ( 'NONE', *, *, #1923, .T. ) ;
#3476 = FACE_OUTER_BOUND ( 'NONE', #3892, .T. ) ;
#3477 = PLANE ( 'NONE',  #6909 ) ;
#3478 = CARTESIAN_POINT ( 'NONE',  ( -0.2557786587582451254, 0.2604554422113423140, -0.4493305793914028068 ) ) ;
#3479 = ADVANCED_FACE ( 'NONE', ( #5737 ), #5965, .T. ) ;
#3480 = CARTESIAN_POINT ( 'NONE',  ( -0.3679550999545743162, 0.2516535433070866135, -0.08999999999999996891 ) ) ;
#3481 = DIRECTION ( 'NONE',  ( 0.9288767401698617698, -0.3703889868387169604, 0.000000000000000000 ) ) ;
#3482 = AXIS2_PLACEMENT_3D ( 'NONE', #7416, #1138, #6869 ) ;
#3483 = DIRECTION ( 'NONE',  ( -0.000000000000000000, -1.000000000000000000, -7.661286097916305006E-43 ) ) ;
#3484 = CARTESIAN_POINT ( 'NONE',  ( -0.2619093073801498361, 0.2577675404035233986, 0.4571064521945147896 ) ) ;
#3485 = FILL_AREA_STYLE ('',( #2252 ) ) ;
#3486 = AXIS2_PLACEMENT_3D ( 'NONE', #2775, #1677, #5572 ) ;
#3487 = PLANE ( 'NONE',  #6291 ) ;
#3488 = ORIENTED_EDGE ( 'NONE', *, *, #323, .T. ) ;
#3489 = CARTESIAN_POINT ( 'NONE',  ( -0.2405511811023622049, 0.3917322834645668994, -0.06045746635706857747 ) ) ;
#3490 = EDGE_CURVE ( 'NONE', #3744, #3912, #1115, .T. ) ;
#3491 = EDGE_LOOP ( 'NONE', ( #3800, #1854, #5569, #1662 ) ) ;
#3492 = DIRECTION ( 'NONE',  ( 1.000000000000000000, 3.396661351562978405E-15, 1.141265444721584004E-16 ) ) ;
#3493 = DIRECTION ( 'NONE',  ( 0.000000000000000000, 1.000000000000000000, 3.787605842744118123E-15 ) ) ;
#3494 = EDGE_CURVE ( 'NONE', #2776, #7409, #4702, .T. ) ;
#3495 = CARTESIAN_POINT ( 'NONE',  ( -0.2265748031496063741, 0.000000000000000000, 0.4606299212598424786 ) ) ;
#3496 = EDGE_CURVE ( 'NONE', #1977, #2282, #6670, .T. ) ;
#3497 = CARTESIAN_POINT ( 'NONE',  ( -0.1595472440944881720, 0.4015748031496061965, 0.1200787401574800878 ) ) ;
#3498 = AXIS2_PLACEMENT_3D ( 'NONE', #1572, #7442, #1801 ) ;
#3499 = PLANE ( 'NONE',  #1135 ) ;
#3500 = ORIENTED_EDGE ( 'NONE', *, *, #1976, .T. ) ;
#3501 = EDGE_CURVE ( 'NONE', #7252, #4500, #4770, .T. ) ;
#3502 = ORIENTED_EDGE ( 'NONE', *, *, #6328, .F. ) ;
#3503 = CARTESIAN_POINT ( 'NONE',  ( -2.048614141252693483E-16, 0.4015748031496062520, 0.9997915883746703036 ) ) ;
#3504 = VERTEX_POINT ( 'NONE', #4165 ) ;
#3505 = FACE_OUTER_BOUND ( 'NONE', #6742, .T. ) ;
#3506 = CARTESIAN_POINT ( 'NONE',  ( -0.4697152381301518687, 3.414809992080329023E-17, -0.008845837007875591296 ) ) ;
#3507 = ORIENTED_EDGE ( 'NONE', *, *, #3409, .T. ) ;
#3508 = FACE_OUTER_BOUND ( 'NONE', #3810, .T. ) ;
#3509 = CARTESIAN_POINT ( 'NONE',  ( 0.3487518205591552123, 0.2416535433070866601, 0.3788699307953760642 ) ) ;
#3510 = PLANE ( 'NONE',  #811 ) ;
#3511 = CARTESIAN_POINT ( 'NONE',  ( -0.1596456692913385822, 0.3153543307086614234, -0.09663724781254488805 ) ) ;
#3512 = VECTOR ( 'NONE', #4478, 39.37007874015748143 ) ;
#3513 = ORIENTED_EDGE ( 'NONE', *, *, #3781, .F. ) ;
#3514 = AXIS2_PLACEMENT_3D ( 'NONE', #2605, #6708, #6079 ) ;
#3515 = ORIENTED_EDGE ( 'NONE', *, *, #1107, .F. ) ;
#3516 = VERTEX_POINT ( 'NONE', #93 ) ;
#3517 = VECTOR ( 'NONE', #6417, 39.37007874015748143 ) ;
#3518 = LINE ( 'NONE', #5237, #2682 ) ;
#3519 = CARTESIAN_POINT ( 'NONE',  ( 1.800958267888598696, 0.000000000000000000, 3.882189494197892854E-30 ) ) ;
#3520 = FACE_OUTER_BOUND ( 'NONE', #5194, .T. ) ;
#3521 = VECTOR ( 'NONE', #60, 39.37007874015748143 ) ;
#3522 = DIRECTION ( 'NONE',  ( 0.000000000000000000, 0.000000000000000000, -1.000000000000000000 ) ) ;
#3523 = LINE ( 'NONE', #4853, #3132 ) ;
#3524 = EDGE_LOOP ( 'NONE', ( #2031, #2322, #4904, #3925 ) ) ;
#3525 = EDGE_CURVE ( 'NONE', #4571, #4649, #1739, .T. ) ;
#3526 = VECTOR ( 'NONE', #688, 39.37007874015748143 ) ;
#3527 = ORIENTED_EDGE ( 'NONE', *, *, #1512, .T. ) ;
#3528 = CARTESIAN_POINT ( 'NONE',  ( 0.1596456692913385822, 0.3917324959044880539, 0.05623699386691865393 ) ) ;
#3529 = DIRECTION ( 'NONE',  ( 0.000000000000000000, 0.000000000000000000, 1.000000000000000000 ) ) ;
#3530 = CARTESIAN_POINT ( 'NONE',  ( 0.4789342142725088736, 0.05063094610672995433, -0.03975134881889921118 ) ) ;
#3531 = DIRECTION ( 'NONE',  ( 0.000000000000000000, 1.000000000000000000, 0.000000000000000000 ) ) ;
#3532 = DIRECTION ( 'NONE',  ( 0.000000000000000000, 0.000000000000000000, 1.000000000000000000 ) ) ;
#3533 = ORIENTED_EDGE ( 'NONE', *, *, #5492, .T. ) ;
#3534 = CIRCLE ( 'NONE', #2468, 0.01377952755905510404 ) ;
#3535 = EDGE_CURVE ( 'NONE', #1180, #976, #2438, .T. ) ;
#3536 = EDGE_CURVE ( 'NONE', #3354, #2016, #3426, .T. ) ;
#3537 = ORIENTED_EDGE ( 'NONE', *, *, #5399, .F. ) ;
#3538 = CARTESIAN_POINT ( 'NONE',  ( -0.2403543307086613845, 0.3659856491034197412, 0.02165587032319897520 ) ) ;
#3539 = DIRECTION ( 'NONE',  ( -0.8660254037844387076, 1.524992632806082346E-16, -0.4999999999999999445 ) ) ;
#3540 = VERTEX_POINT ( 'NONE', #4950 ) ;
#3541 = VECTOR ( 'NONE', #5596, 39.37007874015748143 ) ;
#3542 = ADVANCED_FACE ( 'NONE', ( #1329 ), #5383, .F. ) ;
#3543 = CARTESIAN_POINT ( 'NONE',  ( -0.3265669291338584856, 0.2592271364358938457, 0.4319299212598425308 ) ) ;
#3544 = LINE ( 'NONE', #5858, #3845 ) ;
#3545 = EDGE_CURVE ( 'NONE', #426, #2844, #3201, .T. ) ;
#3546 = ADVANCED_FACE ( 'NONE', ( #701 ), #5308, .T. ) ;
#3547 = DIRECTION ( 'NONE',  ( -1.000000000000000000, 0.000000000000000000, -0.000000000000000000 ) ) ;
#3548 = PLANE ( 'NONE',  #1006 ) ;
#3549 = CARTESIAN_POINT ( 'NONE',  ( 0.2403543307086613845, 0.3119216344114207340, -0.09470939223419565234 ) ) ;
#3550 = CARTESIAN_POINT ( 'NONE',  ( 0.2403543307086613845, 0.3015748031496062187, -0.1279527559055120278 ) ) ;
#3551 = CARTESIAN_POINT ( 'NONE',  ( -0.4507874015748029595, 0.3818897637795276023, -0.3799212598425195653 ) ) ;
#3552 = VERTEX_POINT ( 'NONE', #7021 ) ;
#3553 = VERTEX_POINT ( 'NONE', #4809 ) ;
#3554 = ORIENTED_EDGE ( 'NONE', *, *, #5162, .F. ) ;
#3555 = DIRECTION ( 'NONE',  ( 0.000000000000000000, -1.000000000000000000, -7.661286097916305006E-43 ) ) ;
#3556 = DIRECTION ( 'NONE',  ( 0.000000000000000000, -1.000000000000000000, -7.661286097916305006E-43 ) ) ;
#3557 = LINE ( 'NONE', #5310, #3273 ) ;
#3558 = DIRECTION ( 'NONE',  ( 0.000000000000000000, 0.000000000000000000, -1.000000000000000000 ) ) ;
#3559 = CARTESIAN_POINT ( 'NONE',  ( 0.4704724409448829969, 1.639108796198557931E-15, 5.335640612625514253E-17 ) ) ;
#3560 = ORIENTED_EDGE ( 'NONE', *, *, #1655, .T. ) ;
#3561 = LINE ( 'NONE', #1937, #4834 ) ;
#3562 = AXIS2_PLACEMENT_3D ( 'NONE', #2562, #861, #5469 ) ;
#3563 = ORIENTED_EDGE ( 'NONE', *, *, #2895, .T. ) ;
#3564 = DIRECTION ( 'NONE',  ( 0.3846363336743964800, 0.9230681940233442795, 0.000000000000000000 ) ) ;
#3565 = CARTESIAN_POINT ( 'NONE',  ( 0.4879966628509019855, 0.04387261478901692546, -0.03975134881889921118 ) ) ;
#3566 = DIRECTION ( 'NONE',  ( 1.000000000000000000, 0.000000000000000000, -0.000000000000000000 ) ) ;
#3567 = CARTESIAN_POINT ( 'NONE',  ( 0.3484251968503935815, 0.3917322834645668439, -0.3877952755905513804 ) ) ;
#3568 = CARTESIAN_POINT ( 'NONE',  ( -0.2678601492230174297, 0.2716535433070866867, 0.4369964501723676564 ) ) ;
#3569 = DIRECTION ( 'NONE',  ( 0.000000000000000000, -1.000000000000000000, -7.661286097916305006E-43 ) ) ;
#3570 = LINE ( 'NONE', #635, #249 ) ;
#3571 = DIRECTION ( 'NONE',  ( -1.000000000000000000, 0.000000000000000000, 0.000000000000000000 ) ) ;
#3572 = AXIS2_PLACEMENT_3D ( 'NONE', #3847, #1507, #6121 ) ;
#3573 = ORIENTED_EDGE ( 'NONE', *, *, #1104, .T. ) ;
#3574 = AXIS2_PLACEMENT_3D ( 'NONE', #5629, #2065, #6661 ) ;
#3575 = ORIENTED_EDGE ( 'NONE', *, *, #1358, .T. ) ;
#3576 = CIRCLE ( 'NONE', #3699, 0.003937007874015724558 ) ;
#3577 = EDGE_LOOP ( 'NONE', ( #2717, #6563, #2234, #2812 ) ) ;
#3578 = ADVANCED_FACE ( 'NONE', ( #1364 ), #6462, .T. ) ;
#3579 = VECTOR ( 'NONE', #5247, 39.37007874015748143 ) ;
#3580 = CARTESIAN_POINT ( 'NONE',  ( -0.1861225397890095556, 0.2688466405238223444, 0.4454726370332426910 ) ) ;
#3581 = DIRECTION ( 'NONE',  ( 0.000000000000000000, 0.000000000000000000, 1.000000000000000000 ) ) ;
#3582 = EDGE_CURVE ( 'NONE', #6069, #7408, #3670, .T. ) ;
#3583 = ORIENTED_EDGE ( 'NONE', *, *, #5027, .T. ) ;
#3584 = CARTESIAN_POINT ( 'NONE',  ( -0.4507874015748030150, 0.4015748031496062520, 0.2185039370078739884 ) ) ;
#3585 = EDGE_CURVE ( 'NONE', #2341, #238, #4643, .T. ) ;
#3586 = CARTESIAN_POINT ( 'NONE',  ( -0.2965669291338584590, 0.2416535433070866601, 0.3788699307953766193 ) ) ;
#3587 = ADVANCED_FACE ( 'NONE', ( #2955 ), #774, .F. ) ;
#3588 = CARTESIAN_POINT ( 'NONE',  ( -0.2265748031496063741, 0.000000000000000000, 0.4606299212598424786 ) ) ;
#3589 = CARTESIAN_POINT ( 'NONE',  ( -0.4291338582677163838, 0.3858267716535433989, -0.4035433070866140115 ) ) ;
#3590 = DIRECTION ( 'NONE',  ( -0.000000000000000000, 0.000000000000000000, 1.000000000000000000 ) ) ;
#3591 = VERTEX_POINT ( 'NONE', #6534 ) ;
#3592 = ORIENTED_EDGE ( 'NONE', *, *, #6271, .T. ) ;
#3593 = ORIENTED_EDGE ( 'NONE', *, *, #6308, .F. ) ;
#3594 = DIRECTION ( 'NONE',  ( 0.000000000000000000, 1.000000000000000000, 0.000000000000000000 ) ) ;
#3595 = DIRECTION ( 'NONE',  ( 0.000000000000000000, 0.000000000000000000, -1.000000000000000000 ) ) ;
#3596 = VECTOR ( 'NONE', #5985, 39.37007874015748143 ) ;
#3597 = DIRECTION ( 'NONE',  ( -0.000000000000000000, -0.4896753169007019846, -0.8719048594991295476 ) ) ;
#3598 = DIRECTION ( 'NONE',  ( -1.000000000000000000, -3.433861939970594219E-15, 0.000000000000000000 ) ) ;
#3599 = CARTESIAN_POINT ( 'NONE',  ( 0.4606299212598433113, 0.1102362204724408601, 0.02205967480314803206 ) ) ;
#3600 = EDGE_LOOP ( 'NONE', ( #2043, #1384, #5634, #1189 ) ) ;
#3601 = CARTESIAN_POINT ( 'NONE',  ( -0.4606299212598433113, 0.1102362204724408601, 0.2185039370078737664 ) ) ;
#3602 = VERTEX_POINT ( 'NONE', #910 ) ;
#3603 = DIRECTION ( 'NONE',  ( 0.9230681940233445015, -0.3846363336743959249, -0.000000000000000000 ) ) ;
#3604 = DIRECTION ( 'NONE',  ( -1.000000000000000000, -0.000000000000000000, -0.000000000000000000 ) ) ;
#3605 = CARTESIAN_POINT ( 'NONE',  ( 0.4619485688603892637, 0.3818897637795276023, 0.2260624920514873182 ) ) ;
#3606 = CARTESIAN_POINT ( 'NONE',  ( -0.2665669291338635949, 0.2516535433070866690, 0.3856257223156424052 ) ) ;
#3607 = LINE ( 'NONE', #4783, #5741 ) ;
#3608 = CARTESIAN_POINT ( 'NONE',  ( -0.4803149606299213503, 0.3818897637795276023, 0.2185039370078739329 ) ) ;
#3609 = AXIS2_PLACEMENT_3D ( 'NONE', #1551, #3937, #7345 ) ;
#3610 = AXIS2_PLACEMENT_3D ( 'NONE', #7308, #1707, #5686 ) ;
#3611 = ORIENTED_EDGE ( 'NONE', *, *, #685, .F. ) ;
#3612 = CARTESIAN_POINT ( 'NONE',  ( -0.2265748031496063741, 0.2716535433070866312, -0.4606299212598424786 ) ) ;
#3613 = CIRCLE ( 'NONE', #4830, 0.02869999999999995471 ) ;
#3614 = ORIENTED_EDGE ( 'NONE', *, *, #3174, .T. ) ;
#3615 = CARTESIAN_POINT ( 'NONE',  ( -0.2004873434121088038, 0.2416535433070866601, 0.4606299212598424231 ) ) ;
#3616 = EDGE_CURVE ( 'NONE', #7191, #3744, #3058, .T. ) ;
#3617 = ORIENTED_EDGE ( 'NONE', *, *, #1418, .T. ) ;
#3618 = DIRECTION ( 'NONE',  ( 0.000000000000000000, -1.000000000000000000, -7.661286097916305006E-43 ) ) ;
#3619 = CARTESIAN_POINT ( 'NONE',  ( 0.2497154784863053478, 0.3818897637795276023, -0.1415360035237887282 ) ) ;
#3620 = CARTESIAN_POINT ( 'NONE',  ( -0.1994115908687188188, 0.2515424028614536289, -0.4593467638141737752 ) ) ;
#3621 = CARTESIAN_POINT ( 'NONE',  ( 0.1594488188976377896, 0.3982939632547232711, 0.07712684467880913386 ) ) ;
#3622 = AXIS2_PLACEMENT_3D ( 'NONE', #544, #2233, #4473 ) ;
#3623 =( BOUNDED_CURVE ( )  B_SPLINE_CURVE ( 3, ( #4556, #6833, #3405, #5727 ),
 .UNSPECIFIED., .F., .T. ) 
 B_SPLINE_CURVE_WITH_KNOTS ( ( 4, 4 ),
 ( 1.570796326794896558, 3.141592653589793116 ),
 .UNSPECIFIED. ) 
 CURVE ( )  GEOMETRIC_REPRESENTATION_ITEM ( )  RATIONAL_B_SPLINE_CURVE ( ( 1.000000000000000000, 0.8047378541243649375, 0.8047378541243649375, 1.000000000000000000 ) ) 
 REPRESENTATION_ITEM ( '' )  );
#3624 = ADVANCED_FACE ( 'NONE', ( #6981 ), #3923, .F. ) ;
#3625 = ORIENTED_EDGE ( 'NONE', *, *, #4201, .F. ) ;
#3626 = ADVANCED_FACE ( 'NONE', ( #5139 ), #5673, .T. ) ;
#3627 = EDGE_CURVE ( 'NONE', #7150, #5810, #6099, .T. ) ;
#3628 = ORIENTED_EDGE ( 'NONE', *, *, #7165, .T. ) ;
#3629 = CARTESIAN_POINT ( 'NONE',  ( -0.3484251968503935815, 0.3917322834645668439, -0.3877952755905513804 ) ) ;
#3630 = CARTESIAN_POINT ( 'NONE',  ( 0.3386220472440941709, 0.01999999999999999001, 0.05118110236220458492 ) ) ;
#3631 = FACE_OUTER_BOUND ( 'NONE', #6947, .T. ) ;
#3632 = DIRECTION ( 'NONE',  ( 0.000000000000000000, 0.000000000000000000, 1.000000000000000000 ) ) ;
#3633 = CARTESIAN_POINT ( 'NONE',  ( 0.1596456692913385822, 0.3917324959044880539, 0.05623699386691865393 ) ) ;
#3634 = LINE ( 'NONE', #2367, #4774 ) ;
#3635 = DIRECTION ( 'NONE',  ( 1.000000000000000000, 0.000000000000000000, 0.000000000000000000 ) ) ;
#3636 = EDGE_CURVE ( 'NONE', #6930, #5414, #985, .T. ) ;
#3637 = ORIENTED_EDGE ( 'NONE', *, *, #1020, .T. ) ;
#3638 = ADVANCED_FACE ( 'NONE', ( #3809 ), #2268, .T. ) ;
#3639 = CARTESIAN_POINT ( 'NONE',  ( 0.1596456692913385822, 0.3153543307086614234, -0.09663724781254488805 ) ) ;
#3640 = ORIENTED_EDGE ( 'NONE', *, *, #6935, .T. ) ;
#3641 = LINE ( 'NONE', #2372, #5620 ) ;
#3642 = CARTESIAN_POINT ( 'NONE',  ( -0.4717910885454296710, 0.1102362204724409017, 0.2234251968503936647 ) ) ;
#3643 = VECTOR ( 'NONE', #5811, 39.37007874015748143 ) ;
#3644 = DIRECTION ( 'NONE',  ( -1.000000000000000000, -3.433861939970594219E-15, 0.000000000000000000 ) ) ;
#3645 = DIRECTION ( 'NONE',  ( 6.672013369141568175E-16, -8.149294847492425490E-43, -1.000000000000000000 ) ) ;
#3646 = CARTESIAN_POINT ( 'NONE',  ( -0.2405511811023621771, 0.4015748031496062520, 0.1200787401574801017 ) ) ;
#3647 = AXIS2_PLACEMENT_3D ( 'NONE', #5486, #2679, #2642 ) ;
#3648 = FACE_OUTER_BOUND ( 'NONE', #5867, .T. ) ;
#3649 = LINE ( 'NONE', #753, #4757 ) ;
#3650 = VECTOR ( 'NONE', #6730, 39.37007874015748143 ) ;
#3651 = ORIENTED_EDGE ( 'NONE', *, *, #6992, .F. ) ;
#3652 = DIRECTION ( 'NONE',  ( -1.000000000000000000, 0.000000000000000000, 5.542458384320307220E-16 ) ) ;
#3653 = ORIENTED_EDGE ( 'NONE', *, *, #590, .F. ) ;
#3654 = CARTESIAN_POINT ( 'NONE',  ( -0.1970594650707085116, 0.2609261686953463499, 0.4490556471572179076 ) ) ;
#3655 = CIRCLE ( 'NONE', #166, 0.01377952755905511965 ) ;
#3656 = APPLICATION_CONTEXT ( 'automotive_design' ) ;
#3657 = B_SPLINE_CURVE_WITH_KNOTS ( 'NONE', 3,
 ( #4371, #1008, #442, #2734, #5050, #5662, #4532, #939 ),
 .UNSPECIFIED., .F., .F.,
 ( 4, 2, 2, 4 ),
 ( -6.235316949612080204E-06, 0.0006229927695789252724, 0.0009376068128431920687, 0.001252220856107459082 ),
 .UNSPECIFIED. ) ;
#3658 = AXIS2_PLACEMENT_3D ( 'NONE', #4058, #2882, #1216 ) ;
#3659 = VERTEX_POINT ( 'NONE', #6709 ) ;
#3660 = CARTESIAN_POINT ( 'NONE',  ( -0.2513567313624906485, 0.2501940695371153711, -0.4529029487007895649 ) ) ;
#3661 = CARTESIAN_POINT ( 'NONE',  ( -0.4606299212598424786, 0.3818897637795274913, 0.2185039370078740717 ) ) ;
#3662 = PLANE ( 'NONE',  #4982 ) ;
#3663 = LINE ( 'NONE', #5525, #6823 ) ;
#3664 = LINE ( 'NONE', #5899, #6343 ) ;
#3665 = DIRECTION ( 'NONE',  ( 1.000000000000000000, 3.396661351562978405E-15, 1.141265444721583511E-16 ) ) ;
#3666 = ORIENTED_EDGE ( 'NONE', *, *, #6402, .F. ) ;
#3667 = TOROIDAL_SURFACE ( 'NONE', #5612, 0.1108151085747029335, 0.02999999999999999889 ) ;
#3668 = ORIENTED_EDGE ( 'NONE', *, *, #4975, .T. ) ;
#3669 = CARTESIAN_POINT ( 'NONE',  ( 0.4752772192324700717, 0.04917272174909721044, 0.02205967480314803206 ) ) ;
#3670 = LINE ( 'NONE', #3630, #7143 ) ;
#3671 = DIRECTION ( 'NONE',  ( -1.000000000000000000, 0.000000000000000000, 0.000000000000000000 ) ) ;
#3672 = CARTESIAN_POINT ( 'NONE',  ( -0.4507874015748029595, 0.3818897637795276023, -0.3799212598425195653 ) ) ;
#3673 = CARTESIAN_POINT ( 'NONE',  ( -0.4295669291338582996, 0.000000000000000000, -0.08999999999999999667 ) ) ;
#3674 = EDGE_CURVE ( 'NONE', #2034, #2706, #378, .T. ) ;
#3675 = CIRCLE ( 'NONE', #5619, 0.005905511811023586403 ) ;
#3676 = DIRECTION ( 'NONE',  ( -1.000000000000000000, 0.000000000000000000, 0.000000000000000000 ) ) ;
#3677 = EDGE_LOOP ( 'NONE', ( #2187, #619, #340, #7326 ) ) ;
#3678 = LINE ( 'NONE', #4410, #3596 ) ;
#3679 = VERTEX_POINT ( 'NONE', #1540 ) ;
#3680 = ADVANCED_FACE ( 'NONE', ( #6784 ), #7333, .T. ) ;
#3681 = DIRECTION ( 'NONE',  ( 0.000000000000000000, 0.000000000000000000, -1.000000000000000000 ) ) ;
#3682 = DIRECTION ( 'NONE',  ( 3.433861939970594219E-15, -1.000000000000000000, -0.000000000000000000 ) ) ;
#3683 = CARTESIAN_POINT ( 'NONE',  ( 0.4291338582677163838, 0.3917322834645668994, -0.3799212598425196763 ) ) ;
#3684 = CARTESIAN_POINT ( 'NONE',  ( 0.3701181102362202102, 0.2716535433070866312, -0.08999999999999998279 ) ) ;
#3685 = EDGE_CURVE ( 'NONE', #2867, #986, #500, .T. ) ;
#3686 = CARTESIAN_POINT ( 'NONE',  ( -0.4890567467915251654, 0.04917272174909721044, -0.03975134881889921118 ) ) ;
#3687 = EDGE_CURVE ( 'NONE', #3743, #610, #7426, .T. ) ;
#3688 = ORIENTED_EDGE ( 'NONE', *, *, #5303, .F. ) ;
#3689 = AXIS2_PLACEMENT_3D ( 'NONE', #1861, #6467, #1296 ) ;
#3690 = AXIS2_PLACEMENT_3D ( 'NONE', #3469, #692, #4199 ) ;
#3691 = ORIENTED_EDGE ( 'NONE', *, *, #6219, .T. ) ;
#3692 = EDGE_CURVE ( 'NONE', #5627, #1000, #2226, .T. ) ;
#3693 = LINE ( 'NONE', #834, #6705 ) ;
#3694 = EDGE_LOOP ( 'NONE', ( #1555, #4517, #4776, #5305 ) ) ;
#3695 = VECTOR ( 'NONE', #2230, 39.37007874015748143 ) ;
#3696 = PLANE ( 'NONE',  #2924 ) ;
#3697 = CYLINDRICAL_SURFACE ( 'NONE', #5184, 0.2009961834654618584 ) ;
#3698 = AXIS2_PLACEMENT_3D ( 'NONE', #1733, #4, #2422 ) ;
#3699 = AXIS2_PLACEMENT_3D ( 'NONE', #4276, #1393, #4200 ) ;
#3700 = CARTESIAN_POINT ( 'NONE',  ( 0.4606299212598430892, 0.1580380698850482324, -0.2054993803149607612 ) ) ;
#3701 = VECTOR ( 'NONE', #6513, 39.37007874015748143 ) ;
#3702 = CARTESIAN_POINT ( 'NONE',  ( -0.4488188976377956996, 0.2023622047244093836, -0.2054993803149607612 ) ) ;
#3703 = CARTESIAN_POINT ( 'NONE',  ( -0.1596456692913385822, 0.3917324959044880539, 0.05623699386691865393 ) ) ;
#3704 = DIRECTION ( 'NONE',  ( 0.000000000000000000, 6.982962677686265922E-15, -1.000000000000000000 ) ) ;
#3705 = CARTESIAN_POINT ( 'NONE',  ( 0.2783442662718036975, 0.000000000000000000, -0.5008193920577326264 ) ) ;
#3706 = ORIENTED_EDGE ( 'NONE', *, *, #2351, .T. ) ;
#3707 = ORIENTED_EDGE ( 'NONE', *, *, #3073, .F. ) ;
#3708 = LINE ( 'NONE', #1820, #4384 ) ;
#3709 = PLANE ( 'NONE',  #5224 ) ;
#3710 = FACE_OUTER_BOUND ( 'NONE', #5792, .T. ) ;
#3711 = DIRECTION ( 'NONE',  ( -0.000000000000000000, -1.000000000000000000, -7.661286097916305006E-43 ) ) ;
#3712 = DIRECTION ( 'NONE',  ( 0.000000000000000000, -1.000000000000000000, -7.661286097916305006E-43 ) ) ;
#3713 = ORIENTED_EDGE ( 'NONE', *, *, #3307, .F. ) ;
#3714 = ORIENTED_EDGE ( 'NONE', *, *, #1512, .F. ) ;
#3715 = DIRECTION ( 'NONE',  ( 1.000000000000000000, 0.000000000000000000, 0.000000000000000000 ) ) ;
#3716 = EDGE_CURVE ( 'NONE', #4947, #7201, #1024, .T. ) ;
#3717 = ORIENTED_EDGE ( 'NONE', *, *, #637, .F. ) ;
#3718 = LINE ( 'NONE', #5989, #4861 ) ;
#3719 = DIRECTION ( 'NONE',  ( -0.7372773368101203095, 0.000000000000000000, 0.6755902076156643510 ) ) ;
#3720 = DIRECTION ( 'NONE',  ( -3.268319592420070148E-15, -1.000000000000000000, -5.028183988338569459E-16 ) ) ;
#3721 = DIRECTION ( 'NONE',  ( 1.000000000000000000, 3.469446951953586973E-15, 0.000000000000000000 ) ) ;
#3722 = EDGE_CURVE ( 'NONE', #450, #2128, #3884, .T. ) ;
#3723 = ORIENTED_EDGE ( 'NONE', *, *, #5684, .T. ) ;
#3724 = CIRCLE ( 'NONE', #1312, 0.1408151085747029740 ) ;
#3725 = EDGE_CURVE ( 'NONE', #659, #2972, #1022, .T. ) ;
#3726 = EDGE_LOOP ( 'NONE', ( #1021, #4573, #3228, #1490 ) ) ;
#3727 = EDGE_CURVE ( 'NONE', #4495, #4759, #6824, .T. ) ;
#3728 = DIRECTION ( 'NONE',  ( 0.000000000000000000, -1.000000000000000000, -7.661286097916305006E-43 ) ) ;
#3729 = CARTESIAN_POINT ( 'NONE',  ( -0.4606299212598423676, 0.3818897637795276023, -0.3799212598425195653 ) ) ;
#3730 = ORIENTED_EDGE ( 'NONE', *, *, #551, .F. ) ;
#3731 = AXIS2_PLACEMENT_3D ( 'NONE', #1369, #4742, #4247 ) ;
#3732 = CARTESIAN_POINT ( 'NONE',  ( 0.1596456692913385822, 0.3015748031496062187, -0.09303263377995586725 ) ) ;
#3733 = VECTOR ( 'NONE', #6020, 39.37007874015748143 ) ;
#3734 = EDGE_CURVE ( 'NONE', #5878, #6030, #3965, .T. ) ;
#3735 = VERTEX_POINT ( 'NONE', #5889 ) ;
#3736 = CIRCLE ( 'NONE', #3980, 0.04432413483936115811 ) ;
#3737 = DIRECTION ( 'NONE',  ( 0.000000000000000000, -1.000000000000000000, -7.661286097916305006E-43 ) ) ;
#3738 = EDGE_LOOP ( 'NONE', ( #1397, #7379, #3059, #4700, #3875 ) ) ;
#3739 = LINE ( 'NONE', #3279, #1229 ) ;
#3740 = CARTESIAN_POINT ( 'NONE',  ( -0.1970594650707073181, 0.2609261686953481263, -0.4490556471572159092 ) ) ;
#3741 = DIRECTION ( 'NONE',  ( 1.000000000000000000, -0.000000000000000000, -0.000000000000000000 ) ) ;
#3742 = CIRCLE ( 'NONE', #4721, 0.04091458600556441977 ) ;
#3743 = VERTEX_POINT ( 'NONE', #3429 ) ;
#3744 = VERTEX_POINT ( 'NONE', #2463 ) ;
#3745 = DIRECTION ( 'NONE',  ( 1.000000000000000000, -0.000000000000000000, -0.000000000000000000 ) ) ;
#3746 = DIRECTION ( 'NONE',  ( -1.000000000000000000, 0.000000000000000000, 0.000000000000000000 ) ) ;
#3747 = DIRECTION ( 'NONE',  ( -3.268319592420070148E-15, -1.000000000000000000, -5.028183988338570445E-16 ) ) ;
#3748 = DIRECTION ( 'NONE',  ( 1.141265444721584004E-16, -0.000000000000000000, -1.000000000000000000 ) ) ;
#3749 = CARTESIAN_POINT ( 'NONE',  ( 0.4507874015748030150, 0.4015748031496062520, 0.2480314960629921017 ) ) ;
#3750 = ORIENTED_EDGE ( 'NONE', *, *, #2985, .F. ) ;
#3751 = ORIENTED_EDGE ( 'NONE', *, *, #464, .F. ) ;
#3752 = DIRECTION ( 'NONE',  ( -0.9230681940233446126, 0.3846363336743960359, 0.000000000000000000 ) ) ;
#3753 = ORIENTED_EDGE ( 'NONE', *, *, #1399, .F. ) ;
#3754 = LINE ( 'NONE', #5503, #1723 ) ;
#3755 = DIRECTION ( 'NONE',  ( 0.000000000000000000, 1.000000000000000000, 7.661286097916305006E-43 ) ) ;
#3756 = DIRECTION ( 'NONE',  ( 0.000000000000000000, -1.000000000000000000, -7.661286097916305006E-43 ) ) ;
#3757 = LINE ( 'NONE', #6655, #3432 ) ;
#3758 = EDGE_CURVE ( 'NONE', #2907, #3792, #7057, .T. ) ;
#3759 = VECTOR ( 'NONE', #3856, 39.37007874015748143 ) ;
#3760 = VERTEX_POINT ( 'NONE', #1132 ) ;
#3761 = FACE_OUTER_BOUND ( 'NONE', #3600, .T. ) ;
#3762 = VECTOR ( 'NONE', #3493, 39.37007874015748143 ) ;
#3763 = ORIENTED_EDGE ( 'NONE', *, *, #1608, .T. ) ;
#3764 = CARTESIAN_POINT ( 'NONE',  ( 0.000000000000000000, 1.536664496436148085E-15, -0.3937007874015763798 ) ) ;
#3765 = CARTESIAN_POINT ( 'NONE',  ( 0.2404527559055117947, 0.4015748031496061965, 0.1200787401574800739 ) ) ;
#3766 = CIRCLE ( 'NONE', #3156, 0.02869999999999995471 ) ;
#3767 = ORIENTED_EDGE ( 'NONE', *, *, #2572, .F. ) ;
#3768 = FACE_OUTER_BOUND ( 'NONE', #3972, .T. ) ;
#3769 = EDGE_CURVE ( 'NONE', #5939, #2654, #5276, .T. ) ;
#3770 = AXIS2_PLACEMENT_3D ( 'NONE', #1253, #3556, #1858 ) ;
#3771 = VECTOR ( 'NONE', #4040, 39.37007874015748143 ) ;
#3772 = ORIENTED_EDGE ( 'NONE', *, *, #7164, .T. ) ;
#3773 = DIRECTION ( 'NONE',  ( 0.9288767401698617698, -0.3703889868387169604, 0.000000000000000000 ) ) ;
#3774 = VECTOR ( 'NONE', #1849, 39.37007874015748143 ) ;
#3775 = EDGE_CURVE ( 'NONE', #2253, #5549, #576, .T. ) ;
#3776 = ORIENTED_EDGE ( 'NONE', *, *, #7195, .F. ) ;
#3777 = CARTESIAN_POINT ( 'NONE',  ( -0.4901574803149654214, 0.04905824521324918253, 0.02205967480314803206 ) ) ;
#3778 = CARTESIAN_POINT ( 'NONE',  ( -0.1884872276179460626, 0.2692041861339373177, -0.4444608293059656434 ) ) ;
#3779 = CYLINDRICAL_SURFACE ( 'NONE', #3647, 0.009842519685039378616 ) ;
#3780 = EDGE_CURVE ( 'NONE', #2128, #2103, #6239, .T. ) ;
#3781 = EDGE_CURVE ( 'NONE', #6873, #4262, #5035, .T. ) ;
#3782 = ORIENTED_EDGE ( 'NONE', *, *, #7397, .F. ) ;
#3783 = ORIENTED_EDGE ( 'NONE', *, *, #1606, .T. ) ;
#3784 = DIRECTION ( 'NONE',  ( 0.000000000000000000, 1.000000000000000000, 0.000000000000000000 ) ) ;
#3785 = DIRECTION ( 'NONE',  ( 0.000000000000000000, 0.000000000000000000, 1.000000000000000000 ) ) ;
#3786 = LINE ( 'NONE', #928, #7205 ) ;
#3787 = AXIS2_PLACEMENT_3D ( 'NONE', #5772, #1754, #6355 ) ;
#3788 = CARTESIAN_POINT ( 'NONE',  ( 0.3487518205591553788, 0.2516535433070866690, 0.09000000000000001055 ) ) ;
#3789 = EDGE_LOOP ( 'NONE', ( #5175, #1510, #1985, #5781 ) ) ;
#3790 = VERTEX_POINT ( 'NONE', #2305 ) ;
#3791 = CARTESIAN_POINT ( 'NONE',  ( 0.4613299533447856038, 0.09477963595631162808, 0.02205967480314803206 ) ) ;
#3792 = VERTEX_POINT ( 'NONE', #676 ) ;
#3793 = CARTESIAN_POINT ( 'NONE',  ( -0.1596456692913385822, 0.3659856491034197412, 0.02165587032319897520 ) ) ;
#3794 = DIRECTION ( 'NONE',  ( -0.000000000000000000, 7.661286097916305006E-43, 1.000000000000000000 ) ) ;
#3795 = CARTESIAN_POINT ( 'NONE',  ( -0.1930337834871094782, 0.2716535433070866312, 0.4606299212598424786 ) ) ;
#3796 = CARTESIAN_POINT ( 'NONE',  ( 0.4507874015748030150, 0.3917322834645668994, 0.2480314960629921017 ) ) ;
#3797 = ORIENTED_EDGE ( 'NONE', *, *, #403, .T. ) ;
#3798 = VERTEX_POINT ( 'NONE', #2974 ) ;
#3799 = DIRECTION ( 'NONE',  ( 1.000000000000000000, 0.000000000000000000, 0.000000000000000000 ) ) ;
#3800 = ORIENTED_EDGE ( 'NONE', *, *, #4655, .F. ) ;
#3801 =( NAMED_UNIT ( * ) PLANE_ANGLE_UNIT ( ) SI_UNIT ( $, .RADIAN. ) );
#3802 = LINE ( 'NONE', #4425, #7251 ) ;
#3803 = VECTOR ( 'NONE', #5203, 39.37007874015748143 ) ;
#3804 = VERTEX_POINT ( 'NONE', #5790 ) ;
#3805 = AXIS2_PLACEMENT_3D ( 'NONE', #3833, #3260, #2700 ) ;
#3806 = VECTOR ( 'NONE', #3926, 39.37007874015748854 ) ;
#3807 = ADVANCED_FACE ( 'NONE', ( #5250, #1699 ), #4612, .F. ) ;
#3808 = DIRECTION ( 'NONE',  ( 1.000000000000000000, 3.396661351562978405E-15, 1.141265444721584004E-16 ) ) ;
#3809 = FACE_OUTER_BOUND ( 'NONE', #6073, .T. ) ;
#3810 = EDGE_LOOP ( 'NONE', ( #3175, #3797, #3390, #485 ) ) ;
#3811 = CARTESIAN_POINT ( 'NONE',  ( -0.2505326739620307164, 0.2459285824720039149, 0.4534870628589507957 ) ) ;
#3812 = DIRECTION ( 'NONE',  ( 0.000000000000000000, 0.000000000000000000, -1.000000000000000000 ) ) ;
#3813 = CARTESIAN_POINT ( 'NONE',  ( -0.4632672164609369370, 0.1102362204724408462, 0.2283464566929131745 ) ) ;
#3814 = EDGE_CURVE ( 'NONE', #620, #986, #3816, .T. ) ;
#3815 = ORIENTED_EDGE ( 'NONE', *, *, #5906, .F. ) ;
#3816 = CIRCLE ( 'NONE', #1170, 0.003937007874015724558 ) ;
#3817 = ADVANCED_FACE ( 'NONE', ( #4037 ), #1529, .F. ) ;
#3818 = ORIENTED_EDGE ( 'NONE', *, *, #2800, .T. ) ;
#3819 = EDGE_CURVE ( 'NONE', #3436, #3983, #3463, .T. ) ;
#3820 = CARTESIAN_POINT ( 'NONE',  ( 0.4559778300884203550, 0.2716535433070866312, -0.3508954572730172972 ) ) ;
#3821 = CARTESIAN_POINT ( 'NONE',  ( 0.4507874015748029595, 0.3917322834645668994, -0.3799212598425195653 ) ) ;
#3822 = LINE ( 'NONE', #6052, #3512 ) ;
#3823 = CARTESIAN_POINT ( 'NONE',  ( -0.2976005745684494053, 0.2599530463730795882, 0.4544832774427100541 ) ) ;
#3824 = FACE_OUTER_BOUND ( 'NONE', #1213, .T. ) ;
#3825 = CIRCLE ( 'NONE', #4567, 0.3499999999999999778 ) ;
#3826 = EDGE_CURVE ( 'NONE', #4844, #5519, #6113, .T. ) ;
#3827 = ORIENTED_EDGE ( 'NONE', *, *, #6912, .F. ) ;
#3828 = ORIENTED_EDGE ( 'NONE', *, *, #1752, .F. ) ;
#3829 = ORIENTED_EDGE ( 'NONE', *, *, #2303, .T. ) ;
#3830 = CYLINDRICAL_SURFACE ( 'NONE', #4133, 0.01377952755905510404 ) ;
#3831 = DIRECTION ( 'NONE',  ( -0.9288767401698618809, 0.3703889868387164608, 0.000000000000000000 ) ) ;
#3832 = DIRECTION ( 'NONE',  ( 0.000000000000000000, -0.000000000000000000, -1.000000000000000000 ) ) ;
#3833 = CARTESIAN_POINT ( 'NONE',  ( 0.4507874015748029595, 0.3818897637795276023, -0.3799212598425195653 ) ) ;
#3834 = EDGE_LOOP ( 'NONE', ( #6089, #2846, #536, #20 ) ) ;
#3835 = DIRECTION ( 'NONE',  ( -0.3846363336743959249, -0.9230681940233443905, 0.000000000000000000 ) ) ;
#3836 = ORIENTED_EDGE ( 'NONE', *, *, #3872, .F. ) ;
#3837 = FACE_OUTER_BOUND ( 'NONE', #1300, .T. ) ;
#3838 = EDGE_LOOP ( 'NONE', ( #7000, #1728, #6609, #4856 ) ) ;
#3839 = CARTESIAN_POINT ( 'NONE',  ( -0.2978669285433589997, 0.2436168480149218107, -0.4606299212598424231 ) ) ;
#3840 = AXIS2_PLACEMENT_3D ( 'NONE', #1048, #3345, #6849 ) ;
#3841 = ORIENTED_EDGE ( 'NONE', *, *, #1373, .F. ) ;
#3842 = FACE_OUTER_BOUND ( 'NONE', #3264, .T. ) ;
#3843 = CARTESIAN_POINT ( 'NONE',  ( -0.1908155151732628951, 0.2686421615109094163, 0.4431856032488647457 ) ) ;
#3845 = VECTOR ( 'NONE', #682, 39.37007874015748143 ) ;
#3844 = CARTESIAN_POINT ( 'NONE',  ( -0.1930337834871094782, 0.000000000000000000, 0.4606299212598424786 ) ) ;
#3846 = CARTESIAN_POINT ( 'NONE',  ( -0.2541446071410120577, 0.2576625423673990500, 0.4506904696125322851 ) ) ;
#3847 = CARTESIAN_POINT ( 'NONE',  ( -0.4803149606299223495, 0.1102362204724409295, 0.2185039370078739329 ) ) ;
#3848 = CARTESIAN_POINT ( 'NONE',  ( -0.2505326743371041331, 0.000000000000000000, 0.4534870641169853611 ) ) ;
#3849 = EDGE_CURVE ( 'NONE', #3951, #3166, #1236, .T. ) ;
#3850 = CIRCLE ( 'NONE', #3126, 0.02500000000000000486 ) ;
#3851 = ORIENTED_EDGE ( 'NONE', *, *, #2308, .T. ) ;
#3852 = CIRCLE ( 'NONE', #970, 0.009842519685039583313 ) ;
#3853 = ORIENTED_EDGE ( 'NONE', *, *, #396, .T. ) ;
#3854 = DIRECTION ( 'NONE',  ( 0.000000000000000000, -1.000000000000000000, -7.661286097916305006E-43 ) ) ;
#3855 = CARTESIAN_POINT ( 'NONE',  ( 0.4291338582677163838, 0.3917322834645668994, -0.4035433070866142891 ) ) ;
#3856 = DIRECTION ( 'NONE',  ( -0.4999999999999943934, 0.000000000000000000, 0.8660254037844418162 ) ) ;
#3857 = PRESENTATION_STYLE_ASSIGNMENT (( #1476 ) ) ;
#3858 = ADVANCED_FACE ( 'NONE', ( #1843 ), #4725, .T. ) ;
#3859 = CARTESIAN_POINT ( 'NONE',  ( -0.3980708661417322602, 0.000000000000000000, -0.05118110236220477227 ) ) ;
#3860 = DIRECTION ( 'NONE',  ( -0.3846363336743963690, 0.9230681940233442795, 0.000000000000000000 ) ) ;
#3861 = EDGE_CURVE ( 'NONE', #6133, #2358, #148, .T. ) ;
#3862 = EDGE_CURVE ( 'NONE', #1783, #2395, #1909, .T. ) ;
#3863 = ORIENTED_EDGE ( 'NONE', *, *, #1090, .T. ) ;
#3864 = EDGE_LOOP ( 'NONE', ( #455, #543, #1891, #5670 ) ) ;
#3865 = DIRECTION ( 'NONE',  ( -0.9288767401698617698, -0.3703889868387169604, 0.000000000000000000 ) ) ;
#3866 = ORIENTED_EDGE ( 'NONE', *, *, #6664, .F. ) ;
#3867 = CARTESIAN_POINT ( 'NONE',  ( -0.4606299212598423676, 0.3818897637795276023, 0.2185039370078738497 ) ) ;
#3868 = PLANE ( 'NONE',  #2135 ) ;
#3869 = EDGE_CURVE ( 'NONE', #6930, #4611, #3048, .T. ) ;
#3870 = DIRECTION ( 'NONE',  ( -0.000000000000000000, -7.661286097916305006E-43, -1.000000000000000000 ) ) ;
#3871 = CYLINDRICAL_SURFACE ( 'NONE', #3805, 0.01968503937007875723 ) ;
#3872 = EDGE_CURVE ( 'NONE', #6298, #408, #1282, .T. ) ;
#3873 = VERTEX_POINT ( 'NONE', #3083 ) ;
#3874 = CARTESIAN_POINT ( 'NONE',  ( 0.4559778300884203550, 0.2416535433070866601, -0.3508954572730172972 ) ) ;
#3875 = ORIENTED_EDGE ( 'NONE', *, *, #4483, .T. ) ;
#3876 = CARTESIAN_POINT ( 'NONE',  ( 0.1596456692913385822, 0.3119216344114207340, -0.09470939223419565234 ) ) ;
#3877 = CARTESIAN_POINT ( 'NONE',  ( 0.1596456692913385822, 0.3015748031496062187, -0.09663724781254488805 ) ) ;
#3878 = ORIENTED_EDGE ( 'NONE', *, *, #6577, .F. ) ;
#3879 = CARTESIAN_POINT ( 'NONE',  ( -0.2026169319621085596, 0.2457374586504338099, -0.4534870641169853056 ) ) ;
#3880 = CLOSED_SHELL ( 'NONE', ( #1828, #1235, #2190, #2396, #975, #2213, #1160, #4147, #5032, #10, #831, #4007, #4472, #4422, #7306, #3075, #414, #6719, #7248, #872, #1380, #1873, #734, #4048, #131, #3962, #2620, #5625, #4664, #2932, #3130, #4930, #2529, #3454, #2061, #5074, #142, #2526, #6167, #604, #6266, #5258, #4338, #3029, #6433, #3032, #2493, #5998, #6221, #629, #2353, #4934, #3310, #2022, #7074, #5690, #822, #3542, #3546, #6405, #228, #5647, #4751, #4835, #922, #972, #3911, #1409, #454, #4387, #2347, #4787, #1, #2153, #80, #1368, #698, #4342, #3587 ) ) ;
#3881 = ORIENTED_EDGE ( 'NONE', *, *, #370, .T. ) ;
#3882 = AXIS2_PLACEMENT_3D ( 'NONE', #1331, #3632, #7089 ) ;
#3883 = CARTESIAN_POINT ( 'NONE',  ( 0.3484251968503935815, 0.3858267716535432879, -0.3937007874015749365 ) ) ;
#3884 = LINE ( 'NONE', #3389, #5004 ) ;
#3885 = CARTESIAN_POINT ( 'NONE',  ( 0.4291338582677163838, 0.3015748031496062187, -0.3937007874015752140 ) ) ;
#3886 = ORIENTED_EDGE ( 'NONE', *, *, #321, .T. ) ;
#3887 = CARTESIAN_POINT ( 'NONE',  ( -0.2537380154304938462, 0.2515424028614536844, 0.4593467638141789378 ) ) ;
#3888 = CARTESIAN_POINT ( 'NONE',  ( -0.4704724409448826639, 0.1102362204724409017, 0.2185039370078737664 ) ) ;
#3889 = CARTESIAN_POINT ( 'NONE',  ( -0.1596456692913385822, 0.3917322834645668994, 0.1200787401574804486 ) ) ;
#3890 = AXIS2_PLACEMENT_3D ( 'NONE', #5856, #1388, #681 ) ;
#3891 = CARTESIAN_POINT ( 'NONE',  ( 0.4911417322834649712, 0.1102362204724408323, 0.2766265343339149863 ) ) ;
#3892 = EDGE_LOOP ( 'NONE', ( #5390, #4399, #2092, #6562 ) ) ;
#3893 = VECTOR ( 'NONE', #4590, 39.37007874015748143 ) ;
#3894 = ORIENTED_EDGE ( 'NONE', *, *, #4184, .F. ) ;
#3895 = LINE ( 'NONE', #1031, #1318 ) ;
#3896 = DIRECTION ( 'NONE',  ( 0.000000000000000000, 0.000000000000000000, 1.000000000000000000 ) ) ;
#3897 = FACE_OUTER_BOUND ( 'NONE', #4581, .T. ) ;
#3898 = LINE ( 'NONE', #6206, #4706 ) ;
#3899 = CARTESIAN_POINT ( 'NONE',  ( 0.4704724409448826639, 0.09842519685039349819, 0.02205967480314803206 ) ) ;
#3900 = ORIENTED_EDGE ( 'NONE', *, *, #6448, .F. ) ;
#3901 = EDGE_LOOP ( 'NONE', ( #5528, #5480, #1234, #737 ) ) ;
#3902 = DIRECTION ( 'NONE',  ( 0.000000000000000000, 0.000000000000000000, 1.000000000000000000 ) ) ;
#3903 = EDGE_LOOP ( 'NONE', ( #2106, #3707, #1784, #4231 ) ) ;
#3904 = LINE ( 'NONE', #1446, #530 ) ;
#3905 = ADVANCED_FACE ( 'NONE', ( #6482 ), #5404, .T. ) ;
#3906 = LINE ( 'NONE', #3337, #459 ) ;
#3907 = CARTESIAN_POINT ( 'NONE',  ( -0.3265669291338584301, 0.2416535433070866601, -0.4319299212598424753 ) ) ;
#3908 = FACE_OUTER_BOUND ( 'NONE', #6106, .T. ) ;
#3909 = DIRECTION ( 'NONE',  ( -5.204170427930421283E-15, -1.000000000000000000, 0.000000000000000000 ) ) ;
#3910 = ORIENTED_EDGE ( 'NONE', *, *, #1016, .F. ) ;
#3911 = ADVANCED_FACE ( 'NONE', ( #4188 ), #3193, .F. ) ;
#3912 = VERTEX_POINT ( 'NONE', #1988 ) ;
#3913 = CARTESIAN_POINT ( 'NONE',  ( -0.1663668302556448320, 0.000000000000000000, -0.4006299212598424808 ) ) ;
#3914 = EDGE_CURVE ( 'NONE', #408, #991, #3693, .T. ) ;
#3915 = CYLINDRICAL_SURFACE ( 'NONE', #7172, 0.01377952755905511965 ) ;
#3916 = EDGE_CURVE ( 'NONE', #3967, #6589, #5877, .T. ) ;
#3917 = VERTEX_POINT ( 'NONE', #3155 ) ;
#3918 = CARTESIAN_POINT ( 'NONE',  ( -0.3150036136995671976, 0.2656432656125707892, -0.4314288442576898475 ) ) ;
#3919 = EDGE_LOOP ( 'NONE', ( #3827, #585, #1652, #3763, #3371 ) ) ;
#3920 = EDGE_CURVE ( 'NONE', #5810, #1152, #6580, .T. ) ;
#3921 = EDGE_LOOP ( 'NONE', ( #1770, #1523, #2667, #7134 ) ) ;
#3922 = LINE ( 'NONE', #6234, #1720 ) ;
#3923 = CYLINDRICAL_SURFACE ( 'NONE', #6792, 0.003937007874015741038 ) ;
#3924 = CARTESIAN_POINT ( 'NONE',  ( -0.2726725254360707895, 0.2716535433070866867, -0.4306299212598424520 ) ) ;
#3925 = ORIENTED_EDGE ( 'NONE', *, *, #2670, .T. ) ;
#3926 = DIRECTION ( 'NONE',  ( 0.000000000000000000, -0.8719048594991304357, 0.4896753169007006523 ) ) ;
#3927 = DIRECTION ( 'NONE',  ( 0.9230681940233448346, 0.3846363336743951478, -0.000000000000000000 ) ) ;
#3928 = ORIENTED_EDGE ( 'NONE', *, *, #3692, .T. ) ;
#3929 = AXIS2_PLACEMENT_3D ( 'NONE', #4676, #1333, #207 ) ;
#3930 =( BOUNDED_SURFACE ( )  B_SPLINE_SURFACE ( 3, 2, ( 
 ( #4801, #4355, #6674 ),
 ( #4313, #2076, #3204 ),
 ( #2641, #3620, #307 ),
 ( #5936, #1429, #4841 ),
 ( #3740, #7081, #7189 ),
 ( #1466, #3778, #272 ),
 ( #6046, #1356, #7226 ),
 ( #194, #767, #879 ) ),
 .UNSPECIFIED., .F., .F., .F. ) 
 B_SPLINE_SURFACE_WITH_KNOTS ( ( 4, 2, 2, 4 ),
 ( 3, 3 ),
 ( 0.000000000000000000, 0.0002160716060914417091, 0.0004321432121828834181, 0.0008642864243657668363 ),
 ( 0.000000000000000000, 1.000000000000000000 ),
 .UNSPECIFIED. ) 
 GEOMETRIC_REPRESENTATION_ITEM ( )  RATIONAL_B_SPLINE_SURFACE ( (
 ( 1.000000000000000000, 0.8017837257372734117, 1.000000000000000000),
 ( 1.000000000000000000, 0.8011594390344545236, 1.000000000000000000),
 ( 1.000000000000000000, 0.8211072828555209258, 1.000000000000000000),
 ( 1.000000000000000000, 0.8721878404355783987, 1.000000000000000000),
 ( 1.000000000000000000, 0.9023595930343161209, 1.000000000000000000),
 ( 1.000000000000000000, 0.9756697712766593256, 1.000000000000000000),
 ( 1.000000000000000000, 1.001369084523724640, 1.000000000000000000),
 ( 1.000000000000000000, 1.000000000000000000, 1.000000000000000000) ) ) 
 REPRESENTATION_ITEM ( '' )  SURFACE ( )  );
#3931 = APPLICATION_PROTOCOL_DEFINITION ( 'draft international standard', 'automotive_design', 1998, #7253 ) ;
#3932 = EDGE_LOOP ( 'NONE', ( #5278, #3373, #6846, #7270 ) ) ;
#3933 = CARTESIAN_POINT ( 'NONE',  ( 0.4752772192324700717, 0.04917272174909721044, 0.02205967480314803206 ) ) ;
#3934 = CARTESIAN_POINT ( 'NONE',  ( -0.4488188976377955886, 0.2466863395637705347, -0.2054993803149607612 ) ) ;
#3935 = DIRECTION ( 'NONE',  ( 0.2524427750165578743, -9.597727411670579450E-17, 0.9676118257555245128 ) ) ;
#3936 = DIRECTION ( 'NONE',  ( 0.000000000000000000, 1.000000000000000000, 7.661286097916305006E-43 ) ) ;
#3937 = DIRECTION ( 'NONE',  ( 0.000000000000000000, 1.000000000000000000, 7.661286097916305006E-43 ) ) ;
#3938 = VECTOR ( 'NONE', #3094, 39.37007874015748143 ) ;
#3939 = AXIS2_PLACEMENT_3D ( 'NONE', #943, #7325, #980 ) ;
#3940 = VERTEX_POINT ( 'NONE', #7180 ) ;
#3941 = ORIENTED_EDGE ( 'NONE', *, *, #6676, .T. ) ;
#3942 = CARTESIAN_POINT ( 'NONE',  ( -0.2965669291338584590, 0.2716535433070866312, -0.4306299212598424520 ) ) ;
#3943 = VERTEX_POINT ( 'NONE', #3765 ) ;
#3944 = CARTESIAN_POINT ( 'NONE',  ( -0.3679550999545743162, 0.000000000000000000, 0.08999999999999998279 ) ) ;
#3945 = LINE ( 'NONE', #5236, #4640 ) ;
#3946 = CYLINDRICAL_SURFACE ( 'NONE', #2922, 0.03000000000000000930 ) ;
#3947 = DIRECTION ( 'NONE',  ( -1.000000000000000000, 0.000000000000000000, 0.000000000000000000 ) ) ;
#3948 = CIRCLE ( 'NONE', #7418, 0.1408151085747029463 ) ;
#3949 = PLANE ( 'NONE',  #7043 ) ;
#3950 = PLANE ( 'NONE',  #2118 ) ;
#3951 = VERTEX_POINT ( 'NONE', #4343 ) ;
#3952 = EDGE_CURVE ( 'NONE', #1025, #6098, #3331, .T. ) ;
#3953 = AXIS2_PLACEMENT_3D ( 'NONE', #591, #24, #3377 ) ;
#3954 = VERTEX_POINT ( 'NONE', #4943 ) ;
#3955 = DIRECTION ( 'NONE',  ( -1.000000000000000000, 0.000000000000000000, 0.000000000000000000 ) ) ;
#3956 = CARTESIAN_POINT ( 'NONE',  ( -0.1596456692913385822, 0.3153543307086614234, -0.09663724781254488805 ) ) ;
#3957 = ORIENTED_EDGE ( 'NONE', *, *, #2759, .T. ) ;
#3958 = VECTOR ( 'NONE', #776, 39.37007874015748854 ) ;
#3959 = EDGE_CURVE ( 'NONE', #3324, #6910, #5550, .T. ) ;
#3960 = CARTESIAN_POINT ( 'NONE',  ( -0.2976005745684494053, 0.2599530463730795882, -0.4544832774427100541 ) ) ;
#3961 = ORIENTED_EDGE ( 'NONE', *, *, #4184, .T. ) ;
#3962 = ADVANCED_FACE ( 'NONE', ( #6778 ), #2102, .F. ) ;
#3963 = ADVANCED_FACE ( 'NONE', ( #7254 ), #3915, .T. ) ;
#3964 = VERTEX_POINT ( 'NONE', #6263 ) ;
#3965 = LINE ( 'NONE', #6270, #1396 ) ;
#3966 = CARTESIAN_POINT ( 'NONE',  ( -0.2560901412285055967, 0.2609261686953475712, -0.4490556471572177966 ) ) ;
#3967 = VERTEX_POINT ( 'NONE', #1613 ) ;
#3968 = CARTESIAN_POINT ( 'NONE',  ( 0.4507874015748030150, 0.4015748031496062520, 0.2185039370078739884 ) ) ;
#3969 = DIRECTION ( 'NONE',  ( 0.4999999999999943934, 5.848646723535903236E-16, -0.8660254037844418162 ) ) ;
#3970 = EDGE_CURVE ( 'NONE', #610, #7305, #4439, .T. ) ;
#3971 = DIRECTION ( 'NONE',  ( 1.000000000000000000, 0.000000000000000000, 0.000000000000000000 ) ) ;
#3972 = EDGE_LOOP ( 'NONE', ( #1748, #1112, #2745 ) ) ;
#3973 = APPLICATION_PROTOCOL_DEFINITION ( 'draft international standard', 'automotive_design', 1998, #3656 ) ;
#3974 = CIRCLE ( 'NONE', #1554, 0.6496062992125984925 ) ;
#3975 = ORIENTED_EDGE ( 'NONE', *, *, #7290, .T. ) ;
#3976 = DIRECTION ( 'NONE',  ( 3.396661351562978405E-15, -1.000000000000000000, -6.065466699219604294E-16 ) ) ;
#3977 = CARTESIAN_POINT ( 'NONE',  ( -0.4803149606299213503, 0.3818897637795276023, 0.2185039370078739329 ) ) ;
#3978 = DIRECTION ( 'NONE',  ( 0.8660254037844388186, -2.345220000633477127E-31, 0.4999999999999997224 ) ) ;
#3979 = PLANE ( 'NONE',  #4593 ) ;
#3980 = AXIS2_PLACEMENT_3D ( 'NONE', #4921, #7274, #2124 ) ;
#3981 = AXIS2_PLACEMENT_3D ( 'NONE', #1753, #6914, #92 ) ;
#3982 = ORIENTED_EDGE ( 'NONE', *, *, #2536, .F. ) ;
#3983 = VERTEX_POINT ( 'NONE', #6186 ) ;
#3984 = LINE ( 'NONE', #2242, #2420 ) ;
#3985 = ORIENTED_EDGE ( 'NONE', *, *, #3196, .T. ) ;
#3986 = LINE ( 'NONE', #3944, #5379 ) ;
#3987 = CARTESIAN_POINT ( 'NONE',  ( 0.4507874015748029595, 0.4015748031496062520, -0.3799212598425195653 ) ) ;
#3988 = AXIS2_PLACEMENT_3D ( 'NONE', #4168, #130, #741 ) ;
#3989 = FACE_OUTER_BOUND ( 'NONE', #5447, .T. ) ;
#3990 = DIRECTION ( 'NONE',  ( 0.000000000000000000, -1.000000000000000000, 0.000000000000000000 ) ) ;
#3991 = FACE_OUTER_BOUND ( 'NONE', #6575, .T. ) ;
#3992 = CARTESIAN_POINT ( 'NONE',  ( 0.4291338582677163838, 0.3858267716535433989, -0.4035433070866140115 ) ) ;
#3993 = PRESENTATION_STYLE_ASSIGNMENT (( #1760 ) ) ;
#3994 = VERTEX_POINT ( 'NONE', #6147 ) ;
#3995 = ORIENTED_EDGE ( 'NONE', *, *, #2397, .F. ) ;
#3996 = CARTESIAN_POINT ( 'NONE',  ( -0.2512619374187154420, 0.2497653583264039800, 0.4529712039656579869 ) ) ;
#3997 = CARTESIAN_POINT ( 'NONE',  ( -0.1912402989190629121, 0.2577675404035233986, 0.4571064521945147896 ) ) ;
#3998 = VERTEX_POINT ( 'NONE', #5055 ) ;
#3999 = EDGE_CURVE ( 'NONE', #5667, #1427, #4186, .T. ) ;
#4000 =( GEOMETRIC_REPRESENTATION_CONTEXT ( 3 ) GLOBAL_UNCERTAINTY_ASSIGNED_CONTEXT ( ( #5478 ) ) GLOBAL_UNIT_ASSIGNED_CONTEXT ( ( #1481, #5570, #964 ) ) REPRESENTATION_CONTEXT ( 'NONE', 'WORKASPACE' ) );
#4001 = FACE_OUTER_BOUND ( 'NONE', #2848, .T. ) ;
#4002 = ORIENTED_EDGE ( 'NONE', *, *, #4494, .T. ) ;
#4003 = ORIENTED_EDGE ( 'NONE', *, *, #1012, .T. ) ;
#4004 = CARTESIAN_POINT ( 'NONE',  ( 0.4744094488188984049, 0.09918119350236434539, 0.02205967480314803206 ) ) ;
#4005 = CARTESIAN_POINT ( 'NONE',  ( -0.2601158228121032145, 0.2416535433070866601, -0.4606299212598424786 ) ) ;
#4006 = EDGE_LOOP ( 'NONE', ( #6251, #5624, #2999, #1541 ) ) ;
#4007 = ADVANCED_FACE ( 'NONE', ( #2220 ), #1088, .T. ) ;
#4008 = DIRECTION ( 'NONE',  ( 0.000000000000000000, -0.000000000000000000, 1.000000000000000000 ) ) ;
#4009 = DIRECTION ( 'NONE',  ( 0.000000000000000000, 1.000000000000000000, 7.661286097916305006E-43 ) ) ;
#4010 = ADVANCED_FACE ( 'NONE', ( #2176 ), #6703, .T. ) ;
#4011 = VERTEX_POINT ( 'NONE', #3877 ) ;
#4012 = VECTOR ( 'NONE', #1902, 39.37007874015748143 ) ;
#4013 = LINE ( 'NONE', #3437, #6503 ) ;
#4014 = LINE ( 'NONE', #2314, #405 ) ;
#4015 = EDGE_CURVE ( 'NONE', #2681, #5939, #4068, .T. ) ;
#4016 = DIRECTION ( 'NONE',  ( -0.000000000000000000, 0.000000000000000000, -1.000000000000000000 ) ) ;
#4017 = AXIS2_PLACEMENT_3D ( 'NONE', #2505, #5970, #4233 ) ;
#4018 = CYLINDRICAL_SURFACE ( 'NONE', #1315, 0.03000000000000002318 ) ;
#4019 = VECTOR ( 'NONE', #1040, 39.37007874015748143 ) ;
#4020 = ORIENTED_EDGE ( 'NONE', *, *, #722, .F. ) ;
#4021 = VERTEX_POINT ( 'NONE', #5666 ) ;
#4022 = EDGE_CURVE ( 'NONE', #3679, #2746, #452, .T. ) ;
#4023 = ORIENTED_EDGE ( 'NONE', *, *, #4967, .F. ) ;
#4024 = FACE_BOUND ( 'NONE', #4051, .T. ) ;
#4025 = CARTESIAN_POINT ( 'NONE',  ( -0.2026169319621086151, 0.2416535433070866601, 0.4534870641169853611 ) ) ;
#4026 = CIRCLE ( 'NONE', #2689, 0.03409548833797012429 ) ;
#4027 = CYLINDRICAL_SURFACE ( 'NONE', #7185, 0.003937007874015724558 ) ;
#4028 = DIRECTION ( 'NONE',  ( 0.9288767401698612147, 0.3703889868387178486, 0.000000000000000000 ) ) ;
#4029 = VECTOR ( 'NONE', #5135, 39.37007874015748143 ) ;
#4030 = DIRECTION ( 'NONE',  ( 1.000000000000000000, 0.000000000000000000, -0.000000000000000000 ) ) ;
#4031 = ORIENTED_EDGE ( 'NONE', *, *, #3916, .F. ) ;
#4032 = ORIENTED_EDGE ( 'NONE', *, *, #3849, .T. ) ;
#4033 = FACE_OUTER_BOUND ( 'NONE', #1712, .T. ) ;
#4034 = CARTESIAN_POINT ( 'NONE',  ( -0.2976951046912541532, 0.2566882542222694852, -0.4566647418151280058 ) ) ;
#4035 = ORIENTED_EDGE ( 'NONE', *, *, #5909, .T. ) ;
#4036 = ORIENTED_EDGE ( 'NONE', *, *, #1863, .F. ) ;
#4037 = FACE_OUTER_BOUND ( 'NONE', #5014, .T. ) ;
#4038 = VERTEX_POINT ( 'NONE', #2665 ) ;
#4039 = VECTOR ( 'NONE', #6142, 39.37007874015748143 ) ;
#4040 = DIRECTION ( 'NONE',  ( 3.268319592420070148E-15, -1.000000000000000000, -5.028183988338570445E-16 ) ) ;
#4041 = DIRECTION ( 'NONE',  ( -8.459571950149005536E-16, -7.042530573768935242E-43, -1.000000000000000000 ) ) ;
#4042 = ADVANCED_FACE ( 'NONE', ( #3837 ), #491, .T. ) ;
#4043 = EDGE_LOOP ( 'NONE', ( #5590, #1678, #6913, #6011, #2954 ) ) ;
#4044 = DIRECTION ( 'NONE',  ( -1.000000000000000000, 3.469446951953586973E-15, 0.000000000000000000 ) ) ;
#4045 = CARTESIAN_POINT ( 'NONE',  ( 0.4911417322834641941, 0.3818897637795276023, 0.2766265343339151528 ) ) ;
#4046 = LINE ( 'NONE', #5334, #1647 ) ;
#4047 = CARTESIAN_POINT ( 'NONE',  ( -2.048614141252693483E-16, 0.3917322834645668994, 0.9997915883746703036 ) ) ;
#4048 = ADVANCED_FACE ( 'NONE', ( #3266 ), #5588, .F. ) ;
#4049 = CIRCLE ( 'NONE', #4663, 0.009999999999999962044 ) ;
#4050 = AXIS2_PLACEMENT_3D ( 'NONE', #285, #5458, #6016 ) ;
#4051 = EDGE_LOOP ( 'NONE', ( #1089, #4176 ) ) ;
#4052 = EDGE_CURVE ( 'NONE', #3552, #5002, #2788, .T. ) ;
#4053 = EDGE_CURVE ( 'NONE', #4844, #1002, #5171, .T. ) ;
#4054 = ORIENTED_EDGE ( 'NONE', *, *, #5451, .F. ) ;
#4055 = ORIENTED_EDGE ( 'NONE', *, *, #5492, .F. ) ;
#4056 = CIRCLE ( 'NONE', #809, 0.02165354330708662081 ) ;
#4057 = LINE ( 'NONE', #622, #1689 ) ;
#4058 = CARTESIAN_POINT ( 'NONE',  ( -0.2265748031496063741, 0.2516535433070866690, -0.4606299212598424786 ) ) ;
#4059 = LINE ( 'NONE', #6329, #5828 ) ;
#4060 = VECTOR ( 'NONE', #6550, 39.37007874015748143 ) ;
#4061 = VECTOR ( 'NONE', #424, 39.37007874015748143 ) ;
#4062 = DIRECTION ( 'NONE',  ( 0.000000000000000000, 0.000000000000000000, 1.000000000000000000 ) ) ;
#4063 = DIRECTION ( 'NONE',  ( -0.000000000000000000, 0.000000000000000000, -1.000000000000000000 ) ) ;
#4064 = CARTESIAN_POINT ( 'NONE',  ( -0.3265669291338584856, 0.2416535433070866601, 0.3511974678401352246 ) ) ;
#4065 = EDGE_CURVE ( 'NONE', #2263, #426, #6924, .T. ) ;
#4066 = ORIENTED_EDGE ( 'NONE', *, *, #562, .T. ) ;
#4067 = VERTEX_POINT ( 'NONE', #1262 ) ;
#4068 = CIRCLE ( 'NONE', #3574, 0.07874015748031489015 ) ;
#4069 = FACE_OUTER_BOUND ( 'NONE', #7329, .T. ) ;
#4070 = CYLINDRICAL_SURFACE ( 'NONE', #7178, 0.3998425196850393659 ) ;
#4071 = AXIS2_PLACEMENT_3D ( 'NONE', #749, #4332, #7171 ) ;
#4072 = ORIENTED_EDGE ( 'NONE', *, *, #2490, .T. ) ;
#4073 = ORIENTED_EDGE ( 'NONE', *, *, #6446, .F. ) ;
#4074 = AXIS2_PLACEMENT_3D ( 'NONE', #2816, #6295, #2957 ) ;
#4075 = ORIENTED_EDGE ( 'NONE', *, *, #7340, .T. ) ;
#4076 = LINE ( 'NONE', #4616, #4980 ) ;
#4077 = CARTESIAN_POINT ( 'NONE',  ( 0.3487518205591552123, 0.2716535433070866312, 0.3788699307953760642 ) ) ;
#4078 = AXIS2_PLACEMENT_3D ( 'NONE', #554, #3728, #4341 ) ;
#4079 = CARTESIAN_POINT ( 'NONE',  ( -0.1663668302556244316, 0.2516535433070866690, 0.4006299212598424808 ) ) ;
#4080 = DIRECTION ( 'NONE',  ( -1.000000000000000000, 0.000000000000000000, 0.000000000000000000 ) ) ;
#4081 = DIRECTION ( 'NONE',  ( 0.000000000000000000, 0.8719048594991304357, -0.4896753169007006523 ) ) ;
#4082 = CARTESIAN_POINT ( 'NONE',  ( 0.3487518205591552123, 0.2416535433070866601, -0.4306299212598424520 ) ) ;
#4083 = EDGE_CURVE ( 'NONE', #3804, #7271, #4682, .T. ) ;
#4084 = AXIS2_PLACEMENT_3D ( 'NONE', #406, #3229, #2702 ) ;
#4085 = ORIENTED_EDGE ( 'NONE', *, *, #5366, .T. ) ;
#4086 =( NAMED_UNIT ( * ) SI_UNIT ( $, .STERADIAN. ) SOLID_ANGLE_UNIT ( ) );
#4087 = EDGE_LOOP ( 'NONE', ( #5573, #3068, #3465, #4874 ) ) ;
#4088 = ORIENTED_EDGE ( 'NONE', *, *, #2589, .T. ) ;
#4089 = PLANE ( 'NONE',  #5313 ) ;
#4090 = DIRECTION ( 'NONE',  ( 1.000000000000000000, 0.000000000000000000, 0.000000000000000000 ) ) ;
#4091 = CARTESIAN_POINT ( 'NONE',  ( 0.4725173040131661617, 0.03231368565854036284, -0.008845837007875591296 ) ) ;
#4092 = CARTESIAN_POINT ( 'NONE',  ( -0.1594488188976382059, 0.3917322834645668994, -0.02155930744327557921 ) ) ;
#4093 = VECTOR ( 'NONE', #4514, 39.37007874015748143 ) ;
#4094 = DIRECTION ( 'NONE',  ( 0.000000000000000000, 0.000000000000000000, 1.000000000000000000 ) ) ;
#4095 = EDGE_CURVE ( 'NONE', #1053, #3951, #5650, .T. ) ;
#4096 = AXIS2_PLACEMENT_3D ( 'NONE', #2082, #3784, #3061 ) ;
#4097 = DIRECTION ( 'NONE',  ( 0.000000000000000000, 0.000000000000000000, 1.000000000000000000 ) ) ;
#4098 = EDGE_CURVE ( 'NONE', #2282, #2144, #6437, .T. ) ;
#4099 = AXIS2_PLACEMENT_3D ( 'NONE', #6802, #5158, #4487 ) ;
#4100 = ORIENTED_EDGE ( 'NONE', *, *, #961, .T. ) ;
#4101 = VECTOR ( 'NONE', #6359, 39.37007874015748143 ) ;
#4102 = ORIENTED_EDGE ( 'NONE', *, *, #5992, .T. ) ;
#4103 = DIRECTION ( 'NONE',  ( -1.000000000000000000, 0.000000000000000000, 0.000000000000000000 ) ) ;
#4104 = EDGE_CURVE ( 'NONE', #6062, #5800, #1654, .T. ) ;
#4105 = CARTESIAN_POINT ( 'NONE',  ( -0.4606299212598430892, 0.1580380698850482324, -0.2054993803149607612 ) ) ;
#4106 = LINE ( 'NONE', #633, #1171 ) ;
#4107 = ADVANCED_FACE ( 'NONE', ( #6300 ), #5209, .T. ) ;
#4108 = CARTESIAN_POINT ( 'NONE',  ( -0.2403543307086613845, 0.3917322834645668994, 0.02165587032319897520 ) ) ;
#4109 = CARTESIAN_POINT ( 'NONE',  ( -0.1596456692913385822, 0.3659856491034197412, 0.02165587032319897520 ) ) ;
#4110 = EDGE_CURVE ( 'NONE', #1131, #3516, #4106, .T. ) ;
#4111 = VECTOR ( 'NONE', #4325, 39.37007874015748143 ) ;
#4112 = DIRECTION ( 'NONE',  ( 0.000000000000000000, 0.000000000000000000, -1.000000000000000000 ) ) ;
#4113 = ORIENTED_EDGE ( 'NONE', *, *, #1188, .F. ) ;
#4114 = ORIENTED_EDGE ( 'NONE', *, *, #6125, .T. ) ;
#4115 = CARTESIAN_POINT ( 'NONE',  ( -0.1999999999999999833, 0.3114173228346456268, -0.1279527559055120278 ) ) ;
#4116 = ORIENTED_EDGE ( 'NONE', *, *, #1705, .T. ) ;
#4117 = CARTESIAN_POINT ( 'NONE',  ( -0.1930337834871095060, 0.2416535433070866601, 0.4606299212598424231 ) ) ;
#4118 = CARTESIAN_POINT ( 'NONE',  ( -0.1596456692913385822, 0.1907360999991050132, 0.1200787401574807817 ) ) ;
#4119 = DIMENSIONAL_EXPONENTS ( 1.000000000000000000, 0.000000000000000000, 0.000000000000000000, 0.000000000000000000, 0.000000000000000000, 0.000000000000000000, 0.000000000000000000 ) ;
#4120 = CARTESIAN_POINT ( 'NONE',  ( 0.4879966628509019855, 0.04387261478901692546, 0.02205967480314803206 ) ) ;
#4121 = CARTESIAN_POINT ( 'NONE',  ( -0.4752772192324700717, 0.04917272174909721044, -0.03975134881889921118 ) ) ;
#4122 = CARTESIAN_POINT ( 'NONE',  ( -0.1595472440944881720, 0.4015748031496061965, 0.1200787401574800878 ) ) ;
#4123 = AXIS2_PLACEMENT_3D ( 'NONE', #2687, #4999, #6722 ) ;
#4124 = ORIENTED_EDGE ( 'NONE', *, *, #2647, .F. ) ;
#4125 = AXIS2_PLACEMENT_3D ( 'NONE', #2411, #1764, #2184 ) ;
#4126 = VERTEX_POINT ( 'NONE', #5746 ) ;
#4127 = ORIENTED_EDGE ( 'NONE', *, *, #2141, .F. ) ;
#4128 = CARTESIAN_POINT ( 'NONE',  ( -0.4295669291338582996, 0.2716535433070866312, 0.09000000000000001055 ) ) ;
#4129 = VECTOR ( 'NONE', #2640, 39.37007874015748143 ) ;
#4130 = DIRECTION ( 'NONE',  ( 0.8660254037844419273, 3.081856994139120135E-15, -0.4999999999999944489 ) ) ;
#4131 = CARTESIAN_POINT ( 'NONE',  ( -0.2978669291338584824, 0.000000000000000000, -0.4606299212598424786 ) ) ;
#4132 = CARTESIAN_POINT ( 'NONE',  ( -0.02972440944881905162, 0.2716535433070866312, 0.000000000000000000 ) ) ;
#4133 = AXIS2_PLACEMENT_3D ( 'NONE', #937, #7357, #2731 ) ;
#4134 = CARTESIAN_POINT ( 'NONE',  ( -0.2505326743371041331, 0.2716535433070866312, -0.4534870641169853056 ) ) ;
#4135 = VERTEX_POINT ( 'NONE', #6959 ) ;
#4136 = EDGE_CURVE ( 'NONE', #1202, #2566, #1126, .T. ) ;
#4137 = AXIS2_PLACEMENT_3D ( 'NONE', #281, #6091, #924 ) ;
#4138 = EDGE_LOOP ( 'NONE', ( #4055, #6858, #287, #3445 ) ) ;
#4139 = CARTESIAN_POINT ( 'NONE',  ( 0.1594488188976377896, 0.3917322834645668994, -0.02155930744327559656 ) ) ;
#4140 = AXIS2_PLACEMENT_3D ( 'NONE', #870, #300, #3159 ) ;
#4141 = CARTESIAN_POINT ( 'NONE',  ( -0.4707524537788596031, 0.09772296914473160845, -0.03975134881889921118 ) ) ;
#4142 = PLANE ( 'NONE',  #5392 ) ;
#4143 = CARTESIAN_POINT ( 'NONE',  ( -0.3316939163176266248, 0.4015748031496062520, 0.3779992289461152066 ) ) ;
#4144 = CARTESIAN_POINT ( 'NONE',  ( 0.4704724409448826083, 0.1102362204724409017, 0.2185039370078737664 ) ) ;
#4145 = DIRECTION ( 'NONE',  ( -0.8660254037844419273, 3.081856994139120135E-15, -0.4999999999999944489 ) ) ;
#4146 = AXIS2_PLACEMENT_3D ( 'NONE', #6804, #4670, #1715 ) ;
#4147 = ADVANCED_FACE ( 'NONE', ( #5882 ), #4070, .F. ) ;
#4148 = VERTEX_POINT ( 'NONE', #31 ) ;
#4149 = EDGE_CURVE ( 'NONE', #274, #3792, #67, .T. ) ;
#4150 = DIRECTION ( 'NONE',  ( 0.000000000000000000, 0.000000000000000000, 1.000000000000000000 ) ) ;
#4151 = CARTESIAN_POINT ( 'NONE',  ( 0.2783442662718036975, 0.2416535433070866601, -0.5008193920577326264 ) ) ;
#4152 = EDGE_LOOP ( 'NONE', ( #7389, #6095, #6554, #5747 ) ) ;
#4153 = CARTESIAN_POINT ( 'NONE',  ( -0.2004873390767795138, 0.2467714134088810352, 0.4606299160295186934 ) ) ;
#4154 = AXIS2_PLACEMENT_3D ( 'NONE', #6551, #1304, #5994 ) ;
#4155 = CARTESIAN_POINT ( 'NONE',  ( 0.4507874015748030150, 0.3917322834645668994, 0.2185039370078739884 ) ) ;
#4156 = EDGE_CURVE ( 'NONE', #2828, #3023, #2976, .T. ) ;
#4157 = DIRECTION ( 'NONE',  ( 0.000000000000000000, 1.000000000000000000, 3.787605842744118123E-15 ) ) ;
#4158 = LINE ( 'NONE', #6452, #1129 ) ;
#4159 = DIRECTION ( 'NONE',  ( 0.000000000000000000, -1.000000000000000000, -7.661286097916305006E-43 ) ) ;
#4160 = PLANE ( 'NONE',  #5633 ) ;
#4161 = LINE ( 'NONE', #6492, #2245 ) ;
#4162 = VERTEX_POINT ( 'NONE', #4141 ) ;
#4163 = EDGE_LOOP ( 'NONE', ( #5975, #3182, #1706, #1936 ) ) ;
#4164 = EDGE_LOOP ( 'NONE', ( #2475, #639, #2831, #12, #3975 ) ) ;
#4165 = CARTESIAN_POINT ( 'NONE',  ( 0.4789342142725088736, 0.05063094610672995433, 0.02205967480314803206 ) ) ;
#4166 = DIRECTION ( 'NONE',  ( 0.000000000000000000, -0.000000000000000000, 1.000000000000000000 ) ) ;
#4167 = CARTESIAN_POINT ( 'NONE',  ( 0.2403543307086613845, 0.3917322834645668994, 0.02165587032319897520 ) ) ;
#4168 = CARTESIAN_POINT ( 'NONE',  ( 0.4606299212598429782, 0.2023622047244094113, -0.2054993803149607612 ) ) ;
#4169 = CARTESIAN_POINT ( 'NONE',  ( 0.2403543307086613845, 0.3917324950803335870, 0.05623699102971183028 ) ) ;
#4170 = AXIS2_PLACEMENT_3D ( 'NONE', #26, #7321, #4493 ) ;
#4171 = CARTESIAN_POINT ( 'NONE',  ( -0.2978669291338585379, 0.2416535433070866601, 0.4606299212598424786 ) ) ;
#4172 = ORIENTED_EDGE ( 'NONE', *, *, #7438, .T. ) ;
#4173 = CIRCLE ( 'NONE', #1875, 0.04035433070866141503 ) ;
#4174 = VECTOR ( 'NONE', #2796, 39.37007874015748143 ) ;
#4175 = VECTOR ( 'NONE', #6491, 39.37007874015748143 ) ;
#4176 = ORIENTED_EDGE ( 'NONE', *, *, #883, .T. ) ;
#4177 = CARTESIAN_POINT ( 'NONE',  ( -0.4648844297688598526, 0.2023622047244092448, -0.2054993803149607612 ) ) ;
#4178 = CARTESIAN_POINT ( 'NONE',  ( 0.4606299212598433113, 0.09918119350236434539, 0.02205967480314803206 ) ) ;
#4179 = CARTESIAN_POINT ( 'NONE',  ( -0.3980708661417322602, 0.02000000000000002470, -0.05118110236220477227 ) ) ;
#4180 = DIRECTION ( 'NONE',  ( 1.000000000000000000, 0.000000000000000000, -0.000000000000000000 ) ) ;
#4181 = CARTESIAN_POINT ( 'NONE',  ( -0.4606299212598429782, 0.2023622047244094113, -0.2054993803149607612 ) ) ;
#4182 = CARTESIAN_POINT ( 'NONE',  ( -0.1930337834871094782, 0.2416535433070866601, -0.4506299212598425252 ) ) ;
#4183 = DIRECTION ( 'NONE',  ( 0.3703889868387169604, -0.9288767401698617698, 0.000000000000000000 ) ) ;
#4184 = EDGE_CURVE ( 'NONE', #3743, #4067, #5016, .T. ) ;
#4185 = ORIENTED_EDGE ( 'NONE', *, *, #6486, .F. ) ;
#4186 = CIRCLE ( 'NONE', #5995, 0.01377952755905510404 ) ;
#4187 = ORIENTED_EDGE ( 'NONE', *, *, #3999, .T. ) ;
#4188 = FACE_OUTER_BOUND ( 'NONE', #2051, .T. ) ;
#4189 = EDGE_CURVE ( 'NONE', #2837, #5769, #5847, .T. ) ;
#4190 = ORIENTED_EDGE ( 'NONE', *, *, #4195, .F. ) ;
#4191 = VECTOR ( 'NONE', #7062, 39.37007874015748143 ) ;
#4192 = FACE_OUTER_BOUND ( 'NONE', #5136, .T. ) ;
#4193 = ADVANCED_FACE ( 'NONE', ( #4033 ), #1164, .T. ) ;
#4194 = CARTESIAN_POINT ( 'NONE',  ( -0.4295669291338582996, 0.000000000000000000, 0.08999999999999999667 ) ) ;
#4195 = EDGE_CURVE ( 'NONE', #3154, #3591, #3948, .T. ) ;
#4196 = CARTESIAN_POINT ( 'NONE',  ( 0.3386220472440941154, 0.02000000000000002470, -0.05118110236220477227 ) ) ;
#4197 = EDGE_CURVE ( 'NONE', #5693, #991, #4216, .T. ) ;
#4198 = DIRECTION ( 'NONE',  ( -1.000000000000000000, 0.000000000000000000, 0.000000000000000000 ) ) ;
#4199 = DIRECTION ( 'NONE',  ( 0.000000000000000000, 0.000000000000000000, -1.000000000000000000 ) ) ;
#4200 = DIRECTION ( 'NONE',  ( 1.000000000000000000, 0.000000000000000000, 0.000000000000000000 ) ) ;
#4201 = EDGE_CURVE ( 'NONE', #1336, #6836, #3096, .T. ) ;
#4202 = VERTEX_POINT ( 'NONE', #5468 ) ;
#4203 = LENGTH_MEASURE_WITH_UNIT ( LENGTH_MEASURE( 0.02539999999999999897 ), #6946 );
#4204 = ORIENTED_EDGE ( 'NONE', *, *, #1705, .F. ) ;
#4205 = PLANE ( 'NONE',  #2294 ) ;
#4206 = DIRECTION ( 'NONE',  ( 0.000000000000000000, 0.000000000000000000, 1.000000000000000000 ) ) ;
#4207 = PLANE ( 'NONE',  #3160 ) ;
#4208 = DIRECTION ( 'NONE',  ( -0.8660254037844413721, 0.000000000000000000, 0.4999999999999951705 ) ) ;
#4209 = CARTESIAN_POINT ( 'NONE',  ( -0.1596456692913385822, 0.3114173228346456268, -0.09663724781254488805 ) ) ;
#4210 = CARTESIAN_POINT ( 'NONE',  ( -0.4752772192324700717, 0.04917272174909721044, 0.02205967480314803206 ) ) ;
#4211 = CARTESIAN_POINT ( 'NONE',  ( -0.1930337834871094782, 0.000000000000000000, -0.4506299212598425252 ) ) ;
#4212 = ORIENTED_EDGE ( 'NONE', *, *, #6616, .T. ) ;
#4213 = ORIENTED_EDGE ( 'NONE', *, *, #1974, .F. ) ;
#4214 = VECTOR ( 'NONE', #7264, 39.37007874015748143 ) ;
#4215 = CARTESIAN_POINT ( 'NONE',  ( 0.3487518205591552123, 0.2716535433070866312, -0.5196850393700790383 ) ) ;
#4216 = LINE ( 'NONE', #1447, #4191 ) ;
#4217 = CIRCLE ( 'NONE', #3486, 0.03937007874015744507 ) ;
#4218 = DIRECTION ( 'NONE',  ( 0.000000000000000000, 0.000000000000000000, 1.000000000000000000 ) ) ;
#4219 = DIRECTION ( 'NONE',  ( 0.000000000000000000, 0.000000000000000000, 1.000000000000000000 ) ) ;
#4220 = DIRECTION ( 'NONE',  ( 0.000000000000000000, -0.8719048594991277712, 0.4896753169007054263 ) ) ;
#4221 = DIMENSIONAL_EXPONENTS ( 1.000000000000000000, 0.000000000000000000, 0.000000000000000000, 0.000000000000000000, 0.000000000000000000, 0.000000000000000000, 0.000000000000000000 ) ;
#4222 = AXIS2_PLACEMENT_3D ( 'NONE', #664, #2958, #6502 ) ;
#4223 = VERTEX_POINT ( 'NONE', #6508 ) ;
#4224 = CIRCLE ( 'NONE', #5193, 0.005905511811023586403 ) ;
#4225 = ORIENTED_EDGE ( 'NONE', *, *, #6350, .F. ) ;
#4226 = PRODUCT_DEFINITION_SHAPE ( 'NONE', 'NONE',  #7445 ) ;
#4227 = CIRCLE ( 'NONE', #3498, 0.003937007874015724558 ) ;
#4228 = ORIENTED_EDGE ( 'NONE', *, *, #1016, .T. ) ;
#4229 = CARTESIAN_POINT ( 'NONE',  ( -0.4507874015748029595, 0.3818897637795276023, 0.2185039370078739329 ) ) ;
#4230 = EDGE_CURVE ( 'NONE', #1751, #6409, #1867, .T. ) ;
#4231 = ORIENTED_EDGE ( 'NONE', *, *, #3819, .T. ) ;
#4232 = CARTESIAN_POINT ( 'NONE',  ( 1.800958267888598696, 0.000000000000000000, 3.882189494197892854E-30 ) ) ;
#4233 = DIRECTION ( 'NONE',  ( -1.000000000000000000, 0.000000000000000000, 0.000000000000000000 ) ) ;
#4234 = CARTESIAN_POINT ( 'NONE',  ( -0.2403543307086613845, 0.3917324950803335870, 0.05623699102971183028 ) ) ;
#4235 = CARTESIAN_POINT ( 'NONE',  ( -0.2736405827105305999, 0.3917322834645668994, 0.3248031496062991907 ) ) ;
#4236 = PRESENTATION_LAYER_ASSIGNMENT (  '', '', ( #5443 ) ) ;
#4237 = EDGE_CURVE ( 'NONE', #2089, #4844, #6579, .T. ) ;
#4238 = ORIENTED_EDGE ( 'NONE', *, *, #221, .F. ) ;
#4239 =( NAMED_UNIT ( * ) PLANE_ANGLE_UNIT ( ) SI_UNIT ( $, .RADIAN. ) );
#4240 = EDGE_CURVE ( 'NONE', #2117, #299, #3825, .T. ) ;
#4241 = ORIENTED_EDGE ( 'NONE', *, *, #324, .T. ) ;
#4242 = ADVANCED_FACE ( 'NONE', ( #3074 ), #3039, .F. ) ;
#4243 = DIRECTION ( 'NONE',  ( 0.000000000000000000, -7.661286097916305006E-43, -1.000000000000000000 ) ) ;
#4244 = DIRECTION ( 'NONE',  ( 1.000000000000000000, -1.414949856066673807E-73, 8.459571950149005536E-16 ) ) ;
#4245 = PLANE ( 'NONE',  #6302 ) ;
#4246 = DIRECTION ( 'NONE',  ( -0.000000000000000000, -1.000000000000000000, -7.661286097916305006E-43 ) ) ;
#4247 = DIRECTION ( 'NONE',  ( 0.000000000000000000, 0.000000000000000000, 1.000000000000000000 ) ) ;
#4248 = CARTESIAN_POINT ( 'NONE',  ( -2.048614141252693483E-16, 0.4015748031496062520, 0.9997915883746703036 ) ) ;
#4249 = VECTOR ( 'NONE', #7029, 39.37007874015748143 ) ;
#4250 = ADVANCED_FACE ( 'NONE', ( #1302 ), #292, .F. ) ;
#4251 = EDGE_LOOP ( 'NONE', ( #1675, #1761, #1455, #4869 ) ) ;
#4252 = CARTESIAN_POINT ( 'NONE',  ( 0.3487518205591552123, 0.000000000000000000, -0.3788699307953760642 ) ) ;
#4253 = AXIS2_PLACEMENT_3D ( 'NONE', #1437, #4362, #3746 ) ;
#4254 = LINE ( 'NONE', #2592, #5678 ) ;
#4255 = ORIENTED_EDGE ( 'NONE', *, *, #2109, .F. ) ;
#4256 = CARTESIAN_POINT ( 'NONE',  ( 0.4707524537788596031, 0.09772296914473160845, 0.02205967480314803206 ) ) ;
#4257 = AXIS2_PLACEMENT_3D ( 'NONE', #1398, #3100, #2402 ) ;
#4258 = CARTESIAN_POINT ( 'NONE',  ( 0.4880767018726059892, 0.05427650700081183832, 0.02205967480314803206 ) ) ;
#4259 = LINE ( 'NONE', #7176, #3087 ) ;
#4260 = VECTOR ( 'NONE', #2346, 39.37007874015748143 ) ;
#4261 = CARTESIAN_POINT ( 'NONE',  ( -0.4648844297688597971, 0.2287587118247733642, -0.2054993803149607612 ) ) ;
#4262 = VERTEX_POINT ( 'NONE', #2018 ) ;
#4263 = VECTOR ( 'NONE', #2762, 39.37007874015748143 ) ;
#4264 = EDGE_LOOP ( 'NONE', ( #1639, #6190, #1749, #4255 ) ) ;
#4265 = DIRECTION ( 'NONE',  ( -1.000000000000000000, 3.469446951953539247E-15, 0.000000000000000000 ) ) ;
#4266 = VERTEX_POINT ( 'NONE', #710 ) ;
#4267 = PRODUCT_DEFINITION_CONTEXT ( 'detailed design', #6885, 'design' ) ;
#4268 = CIRCLE ( 'NONE', #6192, 0.01968503937007889601 ) ;
#4269 = DIRECTION ( 'NONE',  ( 0.000000000000000000, 0.000000000000000000, -1.000000000000000000 ) ) ;
#4270 = AXIS2_PLACEMENT_3D ( 'NONE', #5363, #5284, #5849 ) ;
#4271 = DIRECTION ( 'NONE',  ( 1.000000000000000000, 0.000000000000000000, -5.542458384320307220E-16 ) ) ;
#4272 = DIRECTION ( 'NONE',  ( -0.9230681940233448346, 0.3846363336743950367, 0.000000000000000000 ) ) ;
#4273 = LINE ( 'NONE', #805, #6658 ) ;
#4274 = CARTESIAN_POINT ( 'NONE',  ( -0.4619485688603892637, 0.3818897637795276023, 0.2260624920514873182 ) ) ;
#4275 = DIRECTION ( 'NONE',  ( 0.000000000000000000, 0.000000000000000000, 1.000000000000000000 ) ) ;
#4276 = CARTESIAN_POINT ( 'NONE',  ( -0.4752772192324700717, 0.04917272174909721044, 0.02205967480314803206 ) ) ;
#4277 = DIRECTION ( 'NONE',  ( -1.000000000000000000, 0.000000000000000000, -0.000000000000000000 ) ) ;
#4278 = ADVANCED_FACE ( 'NONE', ( #5396 ), #1338, .T. ) ;
#4279 = ORIENTED_EDGE ( 'NONE', *, *, #2988, .T. ) ;
#4280 = VECTOR ( 'NONE', #144, 39.37007874015748143 ) ;
#4281 = ORIENTED_EDGE ( 'NONE', *, *, #1841, .T. ) ;
#4282 = DIRECTION ( 'NONE',  ( -1.000000000000000000, 0.000000000000000000, 0.000000000000000000 ) ) ;
#4283 = CARTESIAN_POINT ( 'NONE',  ( 0.4911417322834654153, 1.468368296594541455E-15, 0.2766265343339149863 ) ) ;
#4284 = CARTESIAN_POINT ( 'NONE',  ( -0.4507874015748029595, 0.3818897637795276023, -0.3799212598425195653 ) ) ;
#4285 = DIRECTION ( 'NONE',  ( 1.000000000000000000, -0.000000000000000000, 0.000000000000000000 ) ) ;
#4286 = EDGE_CURVE ( 'NONE', #4768, #921, #4910, .T. ) ;
#4287 = CYLINDRICAL_SURFACE ( 'NONE', #1687, 0.003937007874015724558 ) ;
#4288 = DIRECTION ( 'NONE',  ( -1.000000000000000000, 0.000000000000000000, 0.000000000000000000 ) ) ;
#4289 = ADVANCED_FACE ( 'NONE', ( #5957 ), #5320, .T. ) ;
#4290 = ADVANCED_FACE ( 'NONE', ( #2486 ), #4781, .F. ) ;
#4291 = VERTEX_POINT ( 'NONE', #2451 ) ;
#4292 = ORIENTED_EDGE ( 'NONE', *, *, #4832, .F. ) ;
#4293 = CARTESIAN_POINT ( 'NONE',  ( 0.000000000000000000, 1.570812596356951301E-15, -0.4035433070866157879 ) ) ;
#4294 = ORIENTED_EDGE ( 'NONE', *, *, #1954, .T. ) ;
#4295 = DIRECTION ( 'NONE',  ( 0.000000000000000000, -1.000000000000000000, -7.661286097916305006E-43 ) ) ;
#4296 = LINE ( 'NONE', #1604, #5776 ) ;
#4297 = EDGE_CURVE ( 'NONE', #3106, #1232, #6549, .T. ) ;
#4298 = CARTESIAN_POINT ( 'NONE',  ( 0.1594488188976377896, 0.4015748031496062520, -0.06045746635706854971 ) ) ;
#4299 = LINE ( 'NONE', #862, #183 ) ;
#4300 = B_SPLINE_CURVE_WITH_KNOTS ( 'NONE', 3,
 ( #6297, #2783, #2735, #3484, #3340, #1607 ),
 .UNSPECIFIED., .F., .F.,
 ( 4, 2, 4 ),
 ( -5.857450138944246497E-06, 0.0006205629504478826818, 0.001246983351034709449 ),
 .UNSPECIFIED. ) ;
#4301 = ORIENTED_EDGE ( 'NONE', *, *, #2810, .F. ) ;
#4302 = VECTOR ( 'NONE', #4081, 39.37007874015748854 ) ;
#4303 = ORIENTED_EDGE ( 'NONE', *, *, #651, .T. ) ;
#4304 = AXIS2_PLACEMENT_3D ( 'NONE', #3057, #7153, #1998 ) ;
#4305 = ORIENTED_EDGE ( 'NONE', *, *, #542, .T. ) ;
#4306 = VECTOR ( 'NONE', #2188, 39.37007874015748143 ) ;
#4307 = DIRECTION ( 'NONE',  ( -1.000000000000000000, 0.000000000000000000, 0.000000000000000000 ) ) ;
#4308 = AXIS2_PLACEMENT_3D ( 'NONE', #3612, #5476, #259 ) ;
#4309 = ORIENTED_EDGE ( 'NONE', *, *, #2753, .F. ) ;
#4310 = LINE ( 'NONE', #4389, #6411 ) ;
#4311 = ORIENTED_EDGE ( 'NONE', *, *, #4802, .T. ) ;
#4312 = CARTESIAN_POINT ( 'NONE',  ( -0.2497154784863063748, 8.878505979408855953E-16, -0.1415360035237893110 ) ) ;
#4313 = CARTESIAN_POINT ( 'NONE',  ( -0.2026169323371818931, 0.2459285824720037761, -0.4534870628589512953 ) ) ;
#4314 = LINE ( 'NONE', #1581, #3046 ) ;
#4315 = ORIENTED_EDGE ( 'NONE', *, *, #786, .T. ) ;
#4316 =( CONVERSION_BASED_UNIT ( 'INCH', #4845 ) LENGTH_UNIT ( ) NAMED_UNIT ( #4797 ) );
#4317 = ORIENTED_EDGE ( 'NONE', *, *, #731, .T. ) ;
#4318 = DIRECTION ( 'NONE',  ( 3.433861939970594219E-15, -1.000000000000000000, -0.000000000000000000 ) ) ;
#4319 = FACE_OUTER_BOUND ( 'NONE', #520, .T. ) ;
#4320 = EDGE_CURVE ( 'NONE', #6268, #3504, #1941, .T. ) ;
#4321 = CARTESIAN_POINT ( 'NONE',  ( -0.4291338582677163838, 0.4015748031496062520, -0.3877952755905513804 ) ) ;
#4322 = AXIS2_PLACEMENT_3D ( 'NONE', #6392, #2327, #2855 ) ;
#4323 = CARTESIAN_POINT ( 'NONE',  ( 0.4507874015748030150, 0.3917322834645668994, 0.2480314960629921017 ) ) ;
#4324 = CARTESIAN_POINT ( 'NONE',  ( -0.1930337834871095060, 0.2716535433070866312, -0.4306299212598424520 ) ) ;
#4325 = DIRECTION ( 'NONE',  ( -0.6755902076156643510, 0.000000000000000000, 0.7372773368101203095 ) ) ;
#4326 = VERTEX_POINT ( 'NONE', #7139 ) ;
#4327 = EDGE_LOOP ( 'NONE', ( #5807, #3829, #1484, #7155, #4172 ) ) ;
#4328 = FACE_OUTER_BOUND ( 'NONE', #158, .T. ) ;
#4329 = VERTEX_POINT ( 'NONE', #5991 ) ;
#4330 = FACE_BOUND ( 'NONE', #4358, .T. ) ;
#4331 = EDGE_CURVE ( 'NONE', #299, #4471, #3108, .T. ) ;
#4332 = DIRECTION ( 'NONE',  ( 0.000000000000000000, 1.000000000000000000, 7.661286097916305006E-43 ) ) ;
#4333 = EDGE_CURVE ( 'NONE', #4126, #5657, #4296, .T. ) ;
#4334 = CARTESIAN_POINT ( 'NONE',  ( 0.4616099661787624875, 0.09407740825064973833, -0.03975134881889921118 ) ) ;
#4335 = CARTESIAN_POINT ( 'NONE',  ( 0.3484251968503935815, 0.3858267716535432323, -0.3877952755905513804 ) ) ;
#4336 = EDGE_LOOP ( 'NONE', ( #1626, #4417, #6152 ) ) ;
#4337 = CYLINDRICAL_SURFACE ( 'NONE', #6850, 0.009999999999999962044 ) ;
#4338 = ADVANCED_FACE ( 'NONE', ( #6652 ), #2057, .T. ) ;
#4339 = VECTOR ( 'NONE', #6008, 39.37007874015748854 ) ;
#4340 = VERTEX_POINT ( 'NONE', #1486 ) ;
#4341 = DIRECTION ( 'NONE',  ( 0.000000000000000000, 0.000000000000000000, -1.000000000000000000 ) ) ;
#4342 = ADVANCED_FACE ( 'NONE', ( #6765 ), #3868, .T. ) ;
#4343 = CARTESIAN_POINT ( 'NONE',  ( -0.2403543307086613845, 0.3659856491034197412, 0.02165587032319897520 ) ) ;
#4344 = EDGE_CURVE ( 'NONE', #1093, #3354, #6102, .T. ) ;
#4345 = EDGE_LOOP ( 'NONE', ( #1073, #967, #6253, #5851 ) ) ;
#4346 = AXIS2_PLACEMENT_3D ( 'NONE', #1119, #560, #2856 ) ;
#4347 = CARTESIAN_POINT ( 'NONE',  ( -0.1829115139414883018, 0.2716535433070866867, -0.4338483348013562613 ) ) ;
#4348 = VECTOR ( 'NONE', #1143, 39.37007874015748143 ) ;
#4349 = DIRECTION ( 'NONE',  ( 0.000000000000000000, 0.000000000000000000, -1.000000000000000000 ) ) ;
#4350 = ORIENTED_EDGE ( 'NONE', *, *, #5355, .T. ) ;
#4351 = AXIS2_PLACEMENT_3D ( 'NONE', #2522, #1942, #5621 ) ;
#4352 = CARTESIAN_POINT ( 'NONE',  ( -0.1596456692913385822, 0.3114173228346456268, -0.09663724781254488805 ) ) ;
#4353 = ORIENTED_EDGE ( 'NONE', *, *, #5978, .F. ) ;
#4354 = DIRECTION ( 'NONE',  ( 1.141265444721584004E-16, -0.000000000000000000, -1.000000000000000000 ) ) ;
#4355 = CARTESIAN_POINT ( 'NONE',  ( -0.2004873434121088038, 0.2416535433070866601, -0.4606299212598424231 ) ) ;
#4356 = CARTESIAN_POINT ( 'NONE',  ( 0.3484251968503935815, 0.3858267716535432323, -0.3877952755905513804 ) ) ;
#4357 = AXIS2_PLACEMENT_3D ( 'NONE', #320, #2088, #5534 ) ;
#4358 = EDGE_LOOP ( 'NONE', ( #5098, #4713, #4983, #5225, #5745, #5342 ) ) ;
#4359 = ORIENTED_EDGE ( 'NONE', *, *, #4440, .F. ) ;
#4360 = CARTESIAN_POINT ( 'NONE',  ( -0.1930337834871094782, 0.2716535433070866312, -0.4606299212598424786 ) ) ;
#4361 = AXIS2_PLACEMENT_3D ( 'NONE', #1864, #2517, #7097 ) ;
#4362 = DIRECTION ( 'NONE',  ( -0.000000000000000000, -7.661286097916305006E-43, -1.000000000000000000 ) ) ;
#4363 = SURFACE_STYLE_FILL_AREA ( #2047 ) ;
#4364 = CARTESIAN_POINT ( 'NONE',  ( -0.3250346120888006896, 0.2513202549205101888, 0.4318635208545566484 ) ) ;
#4365 = VERTEX_POINT ( 'NONE', #5505 ) ;
#4366 = EDGE_LOOP ( 'NONE', ( #6471, #4088, #3322, #1030 ) ) ;
#4367 = FACE_OUTER_BOUND ( 'NONE', #1298, .T. ) ;
#4368 = ORIENTED_EDGE ( 'NONE', *, *, #3451, .F. ) ;
#4369 = CARTESIAN_POINT ( 'NONE',  ( 0.4291338582677163838, 0.3015748031496062187, -0.4035433070866146221 ) ) ;
#4370 = DIRECTION ( 'NONE',  ( -0.8660254037844388186, 2.345220000633477127E-31, -0.4999999999999997224 ) ) ;
#4371 = CARTESIAN_POINT ( 'NONE',  ( -0.2965669291338579039, 0.2716535433070866312, 0.3369861442512482874 ) ) ;
#4372 = DIRECTION ( 'NONE',  ( -1.141265444721584004E-16, -3.876492227960139089E-31, 1.000000000000000000 ) ) ;
#4373 = VECTOR ( 'NONE', #3978, 39.37007874015748143 ) ;
#4374 = ORIENTED_EDGE ( 'NONE', *, *, #2454, .F. ) ;
#4375 = ADVANCED_FACE ( 'NONE', ( #3225 ), #5542, .T. ) ;
#4376 = CARTESIAN_POINT ( 'NONE',  ( -0.4507874015748030150, 0.4015748031496062520, 0.2185039370078739884 ) ) ;
#4377 = VECTOR ( 'NONE', #3604, 39.37007874015748143 ) ;
#4378 = ORIENTED_EDGE ( 'NONE', *, *, #4104, .T. ) ;
#4379 = CARTESIAN_POINT ( 'NONE',  ( 0.1596456692913385822, 0.3114173228346456268, -0.09663724781254488805 ) ) ;
#4380 = VECTOR ( 'NONE', #4198, 39.37007874015748143 ) ;
#4381 = ORIENTED_EDGE ( 'NONE', *, *, #1051, .F. ) ;
#4382 = EDGE_CURVE ( 'NONE', #4474, #2828, #3906, .T. ) ;
#4383 = LINE ( 'NONE', #3732, #3285 ) ;
#4384 = VECTOR ( 'NONE', #5943, 39.37007874015748854 ) ;
#4385 = TOROIDAL_SURFACE ( 'NONE', #642, 0.05500000000000001416, 0.02999999999999999889 ) ;
#4386 = ADVANCED_FACE ( 'NONE', ( #2169 ), #1643, .F. ) ;
#4387 = ADVANCED_FACE ( 'NONE', ( #4413 ), #969, .F. ) ;
#4388 = EDGE_LOOP ( 'NONE', ( #2361, #5453, #1098, #4305 ) ) ;
#4389 = CARTESIAN_POINT ( 'NONE',  ( -0.4704724409448826639, 0.09842519685039349819, -0.03975134881889921118 ) ) ;
#4390 = VECTOR ( 'NONE', #5152, 39.37007874015748143 ) ;
#4391 = DIRECTION ( 'NONE',  ( 0.000000000000000000, 7.661286097916305006E-43, 1.000000000000000000 ) ) ;
#4392 = CARTESIAN_POINT ( 'NONE',  ( -0.2568980361612549501, 0.2593126996350295643, -0.4553323077928590479 ) ) ;
#4393 = EDGE_LOOP ( 'NONE', ( #5330, #1534, #537, #5290 ) ) ;
#4394 = VECTOR ( 'NONE', #3349, 39.37007874015748143 ) ;
#4395 = FACE_OUTER_BOUND ( 'NONE', #5109, .T. ) ;
#4396 = CARTESIAN_POINT ( 'NONE',  ( -0.2403543307086613845, 0.3119216344114207340, -0.09470939223419565234 ) ) ;
#4397 = EDGE_CURVE ( 'NONE', #4911, #2583, #2780, .T. ) ;
#4398 = DIRECTION ( 'NONE',  ( -0.9230681940233445015, 0.3846363336743959804, 0.000000000000000000 ) ) ;
#4399 = ORIENTED_EDGE ( 'NONE', *, *, #2114, .T. ) ;
#4400 =( NAMED_UNIT ( * ) PLANE_ANGLE_UNIT ( ) SI_UNIT ( $, .RADIAN. ) );
#4401 = ORIENTED_EDGE ( 'NONE', *, *, #6173, .T. ) ;
#4402 = CARTESIAN_POINT ( 'NONE',  ( 0.4269494753157548339, 6.829619984160658046E-17, 0.3584687405235142954 ) ) ;
#4403 = CARTESIAN_POINT ( 'NONE',  ( -0.4606299212598433668, 0.1102362204724408601, -0.3799212598425197318 ) ) ;
#4404 = CARTESIAN_POINT ( 'NONE',  ( 0.4850061848610858206, 0.2416535433070866601, 0.3433221740225202434 ) ) ;
#4405 = CARTESIAN_POINT ( 'NONE',  ( 1.800958267888598696, 0.2416535433070866601, 0.000000000000000000 ) ) ;
#4406 = AXIS2_PLACEMENT_3D ( 'NONE', #6498, #5942, #2510 ) ;
#4407 = FACE_OUTER_BOUND ( 'NONE', #2952, .T. ) ;
#4408 = ORIENTED_EDGE ( 'NONE', *, *, #2116, .F. ) ;
#4409 = VERTEX_POINT ( 'NONE', #6214 ) ;
#4410 = CARTESIAN_POINT ( 'NONE',  ( -0.4295669291338582996, 0.000000000000000000, 0.08999999999999999667 ) ) ;
#4411 = ORIENTED_EDGE ( 'NONE', *, *, #4095, .F. ) ;
#4412 = CARTESIAN_POINT ( 'NONE',  ( 0.1596456692913385822, 0.3659856491034197412, 0.02165587032319897520 ) ) ;
#4413 = FACE_OUTER_BOUND ( 'NONE', #4859, .T. ) ;
#4414 = FACE_OUTER_BOUND ( 'NONE', #5714, .T. ) ;
#4415 = DIRECTION ( 'NONE',  ( 0.000000000000000000, 3.787605842744118123E-15, -1.000000000000000000 ) ) ;
#4416 =( BOUNDED_CURVE ( )  B_SPLINE_CURVE ( 3, ( #5291, #1239, #3543, #113 ),
 .UNSPECIFIED., .F., .T. ) 
 B_SPLINE_CURVE_WITH_KNOTS ( ( 4, 4 ),
 ( 4.712388980384688786, 6.283185307179586232 ),
 .UNSPECIFIED. ) 
 CURVE ( )  GEOMETRIC_REPRESENTATION_ITEM ( )  RATIONAL_B_SPLINE_CURVE ( ( 1.000000000000000000, 0.8047378541243648264, 0.8047378541243648264, 1.000000000000000000 ) ) 
 REPRESENTATION_ITEM ( '' )  );
#4417 = ORIENTED_EDGE ( 'NONE', *, *, #78, .T. ) ;
#4418 = CARTESIAN_POINT ( 'NONE',  ( -0.2403543307086613845, 0.3015748031496062187, -0.1279527559055120278 ) ) ;
#4419 = VERTEX_POINT ( 'NONE', #7244 ) ;
#4420 = DIRECTION ( 'NONE',  ( -1.000000000000000000, -0.000000000000000000, -0.000000000000000000 ) ) ;
#4421 = ORIENTED_EDGE ( 'NONE', *, *, #7160, .T. ) ;
#4422 = ADVANCED_FACE ( 'NONE', ( #5007 ), #3257, .F. ) ;
#4423 = CARTESIAN_POINT ( 'NONE',  ( -0.02972440944881905162, 0.2516535433070866690, 9.705473735494732134E-31 ) ) ;
#4424 = VECTOR ( 'NONE', #3223, 39.37007874015748143 ) ;
#4425 = CARTESIAN_POINT ( 'NONE',  ( 0.4704724409448826639, 0.1102362204724409017, 0.02205967480314803206 ) ) ;
#4426 = AXIS2_PLACEMENT_3D ( 'NONE', #5127, #482, #7360 ) ;
#4427 = ORIENTED_EDGE ( 'NONE', *, *, #5635, .T. ) ;
#4428 = EDGE_CURVE ( 'NONE', #7230, #5394, #2095, .T. ) ;
#4429 = DIRECTION ( 'NONE',  ( 0.000000000000000000, 0.000000000000000000, -1.000000000000000000 ) ) ;
#4430 = CARTESIAN_POINT ( 'NONE',  ( -0.1804770808631407930, 0.2716535433070866312, -0.4306299212598424520 ) ) ;
#4431 = EDGE_CURVE ( 'NONE', #1751, #5511, #330, .T. ) ;
#4432 = CARTESIAN_POINT ( 'NONE',  ( -0.2526622672224207444, 0.2467714134088833666, 0.4606299160295139195 ) ) ;
#4433 = EDGE_CURVE ( 'NONE', #2836, #1538, #1287, .T. ) ;
#4434 = DIRECTION ( 'NONE',  ( 0.000000000000000000, -1.000000000000000000, -7.661286097916305006E-43 ) ) ;
#4435 = CARTESIAN_POINT ( 'NONE',  ( 0.3484251968503935815, 0.4015748031496061965, -0.3877952755905513804 ) ) ;
#4436 = CARTESIAN_POINT ( 'NONE',  ( -0.3484251968503935815, 0.3015748031496062187, -0.3937007874015752140 ) ) ;
#4437 = EDGE_LOOP ( 'NONE', ( #1826, #866, #2301 ) ) ;
#4438 = PRESENTATION_STYLE_ASSIGNMENT (( #276 ) ) ;
#4439 = CIRCLE ( 'NONE', #3091, 0.02500000000000000486 ) ;
#4440 = EDGE_CURVE ( 'NONE', #348, #1232, #4491, .T. ) ;
#4441 = ORIENTED_EDGE ( 'NONE', *, *, #5732, .T. ) ;
#4442 = CARTESIAN_POINT ( 'NONE',  ( -0.2026169319621085874, 0.2416535433070866601, -0.4534870641169852501 ) ) ;
#4443 = LINE ( 'NONE', #2649, #5674 ) ;
#4444 = LINE ( 'NONE', #3788, #5691 ) ;
#4445 = VECTOR ( 'NONE', #6366, 39.37007874015748143 ) ;
#4446 = ORIENTED_EDGE ( 'NONE', *, *, #2026, .F. ) ;
#4447 = ORIENTED_EDGE ( 'NONE', *, *, #1266, .T. ) ;
#4448 = EDGE_LOOP ( 'NONE', ( #3231, #5245, #7219, #160 ) ) ;
#4449 = LINE ( 'NONE', #398, #4019 ) ;
#4450 = DIRECTION ( 'NONE',  ( -1.000000000000000000, 0.000000000000000000, 0.000000000000000000 ) ) ;
#4451 = DIRECTION ( 'NONE',  ( 0.000000000000000000, 0.000000000000000000, 1.000000000000000000 ) ) ;
#4452 = DIRECTION ( 'NONE',  ( 0.000000000000000000, 0.000000000000000000, 1.000000000000000000 ) ) ;
#4453 = ORIENTED_EDGE ( 'NONE', *, *, #6180, .T. ) ;
#4454 = LINE ( 'NONE', #3191, #1193 ) ;
#4455 = EDGE_LOOP ( 'NONE', ( #5891, #371, #6364, #4408 ) ) ;
#4456 = CARTESIAN_POINT ( 'NONE',  ( -0.4752772192324700717, 0.04917272174909721044, 0.02205967480314803206 ) ) ;
#4457 = VERTEX_POINT ( 'NONE', #2130 ) ;
#4458 = CARTESIAN_POINT ( 'NONE',  ( -0.1973709475409675951, 0.2604554422113423140, -0.4493305793914028068 ) ) ;
#4459 = ADVANCED_BREP_SHAPE_REPRESENTATION ( '', ( #1577, #7221 ), #4000 ) ;
#4460 = ORIENTED_EDGE ( 'NONE', *, *, #5888, .T. ) ;
#4461 = CARTESIAN_POINT ( 'NONE',  ( -0.4879966628509019855, 0.04387261478901692546, 0.02205967480314803206 ) ) ;
#4462 = DIRECTION ( 'NONE',  ( 0.9288767401698618809, 0.3703889868387164608, 0.000000000000000000 ) ) ;
#4463 = AXIS2_PLACEMENT_3D ( 'NONE', #6785, #4689, #645 ) ;
#4464 = EDGE_LOOP ( 'NONE', ( #446, #1290 ) ) ;
#4465 = PLANE ( 'NONE',  #3043 ) ;
#4466 = CARTESIAN_POINT ( 'NONE',  ( -0.2265748031496063741, 0.000000000000000000, 0.3756299212598424031 ) ) ;
#4467 = DIRECTION ( 'NONE',  ( -0.000000000000000000, -0.000000000000000000, -1.000000000000000000 ) ) ;
#4468 = AXIS2_PLACEMENT_3D ( 'NONE', #1075, #6210, #5735 ) ;
#4469 = DIRECTION ( 'NONE',  ( 0.000000000000000000, 0.000000000000000000, 1.000000000000000000 ) ) ;
#4470 = AXIS2_PLACEMENT_3D ( 'NONE', #5348, #3140, #4773 ) ;
#4471 = VERTEX_POINT ( 'NONE', #441 ) ;
#4472 = ADVANCED_FACE ( 'NONE', ( #7358 ), #6731, .F. ) ;
#4473 = DIRECTION ( 'NONE',  ( 1.047444401652940007E-14, 0.000000000000000000, 1.000000000000000000 ) ) ;
#4474 = VERTEX_POINT ( 'NONE', #1756 ) ;
#4475 = DIRECTION ( 'NONE',  ( -1.000000000000000000, 0.000000000000000000, 0.000000000000000000 ) ) ;
#4476 = DIRECTION ( 'NONE',  ( 0.000000000000000000, -1.000000000000000000, 0.000000000000000000 ) ) ;
#4477 = DIRECTION ( 'NONE',  ( 0.000000000000000000, 1.000000000000000000, 0.000000000000000000 ) ) ;
#4478 = DIRECTION ( 'NONE',  ( 3.396661351562978405E-15, 1.000000000000000000, 4.852373359375683435E-16 ) ) ;
#4479 = COLOUR_RGB ( '',0.7921568627450980005, 0.8196078431372548767, 0.9333333333333333481 ) ;
#4480 = CARTESIAN_POINT ( 'NONE',  ( -0.2978253532213718247, 0.2494317367946993214, 0.4596704771255339383 ) ) ;
#4481 = EDGE_CURVE ( 'NONE', #6334, #6124, #5285, .T. ) ;
#4482 = EDGE_LOOP ( 'NONE', ( #799, #2611, #7109, #5836 ) ) ;
#4483 = EDGE_CURVE ( 'NONE', #199, #7339, #6882, .T. ) ;
#4484 = EDGE_CURVE ( 'NONE', #6133, #88, #6714, .T. ) ;
#4485 = SURFACE_STYLE_USAGE ( .BOTH. , #2240 ) ;
#4486 = ORIENTED_EDGE ( 'NONE', *, *, #3920, .T. ) ;
#4487 = DIRECTION ( 'NONE',  ( 0.000000000000000000, 7.661286097916301820E-43, 1.000000000000000000 ) ) ;
#4488 = ORIENTED_EDGE ( 'NONE', *, *, #4758, .F. ) ;
#4489 = VECTOR ( 'NONE', #3035, 39.37007874015748143 ) ;
#4490 = FACE_OUTER_BOUND ( 'NONE', #2079, .T. ) ;
#4491 = LINE ( 'NONE', #3299, #2393 ) ;
#4492 = CYLINDRICAL_SURFACE ( 'NONE', #1872, 0.01377952755905510404 ) ;
#4493 = DIRECTION ( 'NONE',  ( -0.8660254037844388186, 2.345220000633477127E-31, -0.4999999999999997224 ) ) ;
#4494 = EDGE_CURVE ( 'NONE', #1928, #3735, #95, .T. ) ;
#4495 = VERTEX_POINT ( 'NONE', #5840 ) ;
#4496 = B_SPLINE_CURVE_WITH_KNOTS ( 'NONE', 3,
 ( #4629, #1813, #3018, #5831 ),
 .UNSPECIFIED., .F., .F.,
 ( 4, 4 ),
 ( 0.6021285118150634386, 1.000000000000000000 ),
 .UNSPECIFIED. ) ;
#4497 = ORIENTED_EDGE ( 'NONE', *, *, #3296, .T. ) ;
#4498 = CARTESIAN_POINT ( 'NONE',  ( -0.2505326743371041331, 0.2457372503384449292, 0.4534870641169853611 ) ) ;
#4499 = CARTESIAN_POINT ( 'NONE',  ( -0.02972440944881905162, 2.681450134270706513E-43, 0.3499999999999999778 ) ) ;
#4500 = VERTEX_POINT ( 'NONE', #3450 ) ;
#4501 = CIRCLE ( 'NONE', #5096, 1.419999999999999707 ) ;
#4502 = CARTESIAN_POINT ( 'NONE',  ( -0.3226017496891433467, 0.2566882542222702623, -0.4317580968172382017 ) ) ;
#4503 = EDGE_LOOP ( 'NONE', ( #3162, #3625, #2152, #6058 ) ) ;
#4504 = VERTEX_POINT ( 'NONE', #3480 ) ;
#4505 = VECTOR ( 'NONE', #6083, 39.37007874015748143 ) ;
#4506 = CARTESIAN_POINT ( 'NONE',  ( -0.1930337834871094782, 0.000000000000000000, 0.4606299212598424786 ) ) ;
#4507 = CARTESIAN_POINT ( 'NONE',  ( -0.4725173040131662727, 0.03231368565854034897, -0.008845837007875591296 ) ) ;
#4508 = CARTESIAN_POINT ( 'NONE',  ( -0.2689171469478168763, 0.2716515760778115962, -0.4375489167915919686 ) ) ;
#4509 = ORIENTED_EDGE ( 'NONE', *, *, #2820, .F. ) ;
#4510 = VECTOR ( 'NONE', #1969, 39.37007874015748143 ) ;
#4511 = CARTESIAN_POINT ( 'NONE',  ( -0.2699591417132703453, 0.2716535433070866867, 0.4381272412455614051 ) ) ;
#4512 = FACE_OUTER_BOUND ( 'NONE', #4883, .T. ) ;
#4513 = CARTESIAN_POINT ( 'NONE',  ( 0.4606299212598433113, 0.1102362204724409017, -0.03975134881889921118 ) ) ;
#4514 = DIRECTION ( 'NONE',  ( -1.000000000000000000, -0.000000000000000000, -0.000000000000000000 ) ) ;
#4515 = ORIENTED_EDGE ( 'NONE', *, *, #5080, .F. ) ;
#4516 = VECTOR ( 'NONE', #429, 39.37007874015748143 ) ;
#4517 = ORIENTED_EDGE ( 'NONE', *, *, #1458, .T. ) ;
#4518 = LINE ( 'NONE', #5037, #2770 ) ;
#4519 = CARTESIAN_POINT ( 'NONE',  ( 0.4744094488188977388, 0.2023622047244094668, -0.2054993803149607612 ) ) ;
#4520 = ADVANCED_FACE ( 'NONE', ( #5125 ), #6357, .T. ) ;
#4521 = DIRECTION ( 'NONE',  ( 0.000000000000000000, 0.000000000000000000, -1.000000000000000000 ) ) ;
#4522 = CIRCLE ( 'NONE', #3658, 0.08500000000000004774 ) ;
#4523 = ORIENTED_EDGE ( 'NONE', *, *, #4344, .T. ) ;
#4524 = ORIENTED_EDGE ( 'NONE', *, *, #1788, .F. ) ;
#4525 = CARTESIAN_POINT ( 'NONE',  ( 0.3818809286427810590, 0.000000000000000000, 0.05118110236220487635 ) ) ;
#4526 = ORIENTED_EDGE ( 'NONE', *, *, #4562, .F. ) ;
#4527 = FACE_OUTER_BOUND ( 'NONE', #4152, .T. ) ;
#4528 = EDGE_CURVE ( 'NONE', #7408, #2040, #1184, .T. ) ;
#4529 = CARTESIAN_POINT ( 'NONE',  ( -0.1596456692913385822, 0.3815937130382915377, 0.02934714447396889053 ) ) ;
#4530 = DIRECTION ( 'NONE',  ( -1.000000000000000000, 0.000000000000000000, 0.000000000000000000 ) ) ;
#4531 = LINE ( 'NONE', #5089, #1205 ) ;
#4532 = CARTESIAN_POINT ( 'NONE',  ( -0.3265669291338584856, 0.2458333011576186999, 0.3511974678401353911 ) ) ;
#4533 = EDGE_CURVE ( 'NONE', #1928, #7201, #663, .T. ) ;
#4534 = CARTESIAN_POINT ( 'NONE',  ( -0.3200611767441298716, 0.2607135246506388504, -0.3481674282652292840 ) ) ;
#4535 = EDGE_CURVE ( 'NONE', #4457, #3190, #5273, .T. ) ;
#4536 = ORIENTED_EDGE ( 'NONE', *, *, #3501, .T. ) ;
#4537 = EDGE_CURVE ( 'NONE', #1460, #4649, #7067, .T. ) ;
#4538 = CARTESIAN_POINT ( 'NONE',  ( 0.3487518205591552123, 0.2716535433070866312, -0.3788699307953760642 ) ) ;
#4539 = ORIENTED_EDGE ( 'NONE', *, *, #1109, .F. ) ;
#4540 = CARTESIAN_POINT ( 'NONE',  ( 0.2087340609205521613, 0.2716535433070866312, -0.4606299212598424786 ) ) ;
#4541 = ORIENTED_EDGE ( 'NONE', *, *, #510, .F. ) ;
#4542 = ORIENTED_EDGE ( 'NONE', *, *, #1649, .F. ) ;
#4543 = DIRECTION ( 'NONE',  ( -1.000000000000000000, 0.000000000000000000, 0.000000000000000000 ) ) ;
#4544 = AXIS2_PLACEMENT_3D ( 'NONE', #668, #3492, #1829 ) ;
#4545 = CARTESIAN_POINT ( 'NONE',  ( 0.2933442662718036553, 0.2716535433070866312, -0.4748386299441995084 ) ) ;
#4546 = ORIENTED_EDGE ( 'NONE', *, *, #5060, .F. ) ;
#4547 = DIRECTION ( 'NONE',  ( 0.000000000000000000, 0.000000000000000000, 1.000000000000000000 ) ) ;
#4548 = DIRECTION ( 'NONE',  ( 0.000000000000000000, 0.000000000000000000, 1.000000000000000000 ) ) ;
#4549 = DIRECTION ( 'NONE',  ( 0.000000000000000000, 1.000000000000000000, 7.661286097916305006E-43 ) ) ;
#4550 = ORIENTED_EDGE ( 'NONE', *, *, #360, .F. ) ;
#4551 = CIRCLE ( 'NONE', #3442, 0.01000000000000002970 ) ;
#4552 =( NAMED_UNIT ( * ) SI_UNIT ( $, .STERADIAN. ) SOLID_ANGLE_UNIT ( ) );
#4553 = ORIENTED_EDGE ( 'NONE', *, *, #6324, .F. ) ;
#4554 = DIRECTION ( 'NONE',  ( -0.9230681940233449456, -0.3846363336743952033, 0.000000000000000000 ) ) ;
#4555 = LINE ( 'NONE', #6321, #4390 ) ;
#4556 = CARTESIAN_POINT ( 'NONE',  ( 0.2167725366934858122, 0.2716535433070866312, 0.4306299212598424520 ) ) ;
#4557 = DIRECTION ( 'NONE',  ( 0.000000000000000000, 0.000000000000000000, 1.000000000000000000 ) ) ;
#4558 = VECTOR ( 'NONE', #1580, 39.37007874015748143 ) ;
#4559 = ORIENTED_EDGE ( 'NONE', *, *, #597, .F. ) ;
#4560 = EDGE_LOOP ( 'NONE', ( #2693, #7348, #719, #411, #1600, #150, #902, #3024, #2312, #4666, #356, #3421, #1844, #2218, #5249, #978, #1598, #3045, #660, #2073, #5907, #1522, #3772, #3614, #6831, #188 ) ) ;
#4561 = CARTESIAN_POINT ( 'NONE',  ( -0.4789113459805934836, 0.04765840547478853578, 0.02205967480314803206 ) ) ;
#4562 = EDGE_CURVE ( 'NONE', #6137, #6133, #683, .T. ) ;
#4563 = ORIENTED_EDGE ( 'NONE', *, *, #3158, .T. ) ;
#4564 = CARTESIAN_POINT ( 'NONE',  ( 0.2736405827105305999, 0.3917322834645668994, 0.3248031496062991907 ) ) ;
#4565 = DIRECTION ( 'NONE',  ( 0.000000000000000000, 0.000000000000000000, 1.000000000000000000 ) ) ;
#4566 = FACE_OUTER_BOUND ( 'NONE', #5736, .T. ) ;
#4567 = AXIS2_PLACEMENT_3D ( 'NONE', #788, #3755, #6475 ) ;
#4568 = CARTESIAN_POINT ( 'NONE',  ( -0.4547244094488193666, 0.1682667163864392801, -0.2054993803149607612 ) ) ;
#4569 = CARTESIAN_POINT ( 'NONE',  ( 0.2403543307086613845, 0.3917324950803335870, 0.05623699102971183028 ) ) ;
#4570 = CARTESIAN_POINT ( 'NONE',  ( -0.1930337834871094782, 0.000000000000000000, 0.4006299212598424808 ) ) ;
#4571 = VERTEX_POINT ( 'NONE', #6917 ) ;
#4572 = EDGE_CURVE ( 'NONE', #7288, #4135, #6955, .T. ) ;
#4573 = ORIENTED_EDGE ( 'NONE', *, *, #648, .F. ) ;
#4574 = DIRECTION ( 'NONE',  ( 1.000000000000000000, -0.000000000000000000, -0.000000000000000000 ) ) ;
#4575 = ORIENTED_EDGE ( 'NONE', *, *, #2709, .T. ) ;
#4576 = VECTOR ( 'NONE', #3835, 39.37007874015748143 ) ;
#4577 = CARTESIAN_POINT ( 'NONE',  ( -0.3053752798698725623, 0.2712719141409993262, -0.4394382719958568329 ) ) ;
#4578 = EDGE_CURVE ( 'NONE', #3553, #2282, #3348, .T. ) ;
#4579 = ORIENTED_EDGE ( 'NONE', *, *, #1020, .F. ) ;
#4580 = EDGE_CURVE ( 'NONE', #6339, #7339, #6254, .T. ) ;
#4581 = EDGE_LOOP ( 'NONE', ( #6991, #6594, #4539 ) ) ;
#4582 = ADVANCED_FACE ( 'NONE', ( #4638 ), #4027, .F. ) ;
#4583 = CARTESIAN_POINT ( 'NONE',  ( -0.1973714375292945356, 0.2604546362163261963, 0.4493309991355730060 ) ) ;
#4584 = VERTEX_POINT ( 'NONE', #1218 ) ;
#4585 = DIRECTION ( 'NONE',  ( 0.000000000000000000, -1.000000000000000000, 0.000000000000000000 ) ) ;
#4586 = CARTESIAN_POINT ( 'NONE',  ( -0.2403543307086613845, 0.3114173228346456268, -0.1279527559055120278 ) ) ;
#4587 = CIRCLE ( 'NONE', #6735, 0.04035433070866141503 ) ;
#4588 = ORIENTED_EDGE ( 'NONE', *, *, #5857, .F. ) ;
#4589 = DIRECTION ( 'NONE',  ( 0.000000000000000000, 1.000000000000000000, 0.000000000000000000 ) ) ;
#4590 = DIRECTION ( 'NONE',  ( -0.000000000000000000, -1.000000000000000000, -7.661286097916305006E-43 ) ) ;
#4591 = CARTESIAN_POINT ( 'NONE',  ( 0.1596456692913385822, 0.3874695660552321397, 0.04271985375062436335 ) ) ;
#4592 = FACE_OUTER_BOUND ( 'NONE', #1876, .T. ) ;
#4593 = AXIS2_PLACEMENT_3D ( 'NONE', #5262, #84, #1110 ) ;
#4594 = AXIS2_PLACEMENT_3D ( 'NONE', #3933, #2195, #4475 ) ;
#4595 = ORIENTED_EDGE ( 'NONE', *, *, #6867, .F. ) ;
#4596 = AXIS2_PLACEMENT_3D ( 'NONE', #3321, #382, #5526 ) ;
#4597 = ORIENTED_EDGE ( 'NONE', *, *, #3250, .T. ) ;
#4598 = ORIENTED_EDGE ( 'NONE', *, *, #2026, .T. ) ;
#4599 = DIRECTION ( 'NONE',  ( 0.000000000000000000, 0.000000000000000000, 1.000000000000000000 ) ) ;
#4600 = VECTOR ( 'NONE', #1552, 39.37007874015748143 ) ;
#4601 = DIRECTION ( 'NONE',  ( 0.9230681940233449456, -0.3846363336743952033, 0.000000000000000000 ) ) ;
#4602 = CARTESIAN_POINT ( 'NONE',  ( 0.2403543307086613845, 0.3659856491034197412, 0.02165587032319900990 ) ) ;
#4603 = PLANE ( 'NONE',  #4346 ) ;
#4604 = DIRECTION ( 'NONE',  ( 0.000000000000000000, 0.000000000000000000, -1.000000000000000000 ) ) ;
#4605 = PRODUCT_RELATED_PRODUCT_CATEGORY ( 'part', '', ( #5012 ) ) ;
#4606 = ORIENTED_EDGE ( 'NONE', *, *, #6368, .T. ) ;
#4607 = ORIENTED_EDGE ( 'NONE', *, *, #4333, .T. ) ;
#4608 = CARTESIAN_POINT ( 'NONE',  ( -0.3193362139956495427, 0.2635979026362856303, -0.4533992061216339242 ) ) ;
#4609 = EDGE_CURVE ( 'NONE', #1441, #3354, #1066, .T. ) ;
#4610 = ORIENTED_EDGE ( 'NONE', *, *, #2534, .F. ) ;
#4611 = VERTEX_POINT ( 'NONE', #2249 ) ;
#4612 = PLANE ( 'NONE',  #6351 ) ;
#4613 = ADVANCED_FACE ( 'NONE', ( #4566 ), #1681, .T. ) ;
#4614 = DIRECTION ( 'NONE',  ( 0.000000000000000000, -7.661286097916305006E-43, -1.000000000000000000 ) ) ;
#4615 = ORIENTED_EDGE ( 'NONE', *, *, #508, .F. ) ;
#4616 = CARTESIAN_POINT ( 'NONE',  ( 0.3701181102362201547, 0.000000000000000000, -0.05118110236220477227 ) ) ;
#4617 = EDGE_CURVE ( 'NONE', #2934, #4698, #558, .T. ) ;
#4618 = VECTOR ( 'NONE', #419, 39.37007874015748143 ) ;
#4619 = PLANE ( 'NONE',  #4939 ) ;
#4620 = ADVANCED_FACE ( 'NONE', ( #1366 ), #2440, .F. ) ;
#4621 = AXIS2_PLACEMENT_3D ( 'NONE', #5531, #995, #2123 ) ;
#4622 = APPLICATION_PROTOCOL_DEFINITION ( 'draft international standard', 'automotive_design', 1998, #1730 ) ;
#4623 = ORIENTED_EDGE ( 'NONE', *, *, #7066, .T. ) ;
#4624 = VECTOR ( 'NONE', #3314, 39.37007874015748143 ) ;
#4625 = DIRECTION ( 'NONE',  ( 0.8660254037844417052, 3.081856994139119741E-15, -0.4999999999999947820 ) ) ;
#4626 = LINE ( 'NONE', #7381, #3893 ) ;
#4627 = CIRCLE ( 'NONE', #2204, 0.01377952755905510404 ) ;
#4628 = CARTESIAN_POINT ( 'NONE',  ( 0.4507874015748029595, 0.3818897637795276023, -0.3799212598425195653 ) ) ;
#4629 = CARTESIAN_POINT ( 'NONE',  ( -0.2403543307086613845, 0.3917324950803335870, 0.05623699102971183028 ) ) ;
#4630 = CARTESIAN_POINT ( 'NONE',  ( -0.3191683920043991707, 0.2614784873077387051, 0.4316093179842325767 ) ) ;
#4631 = ORIENTED_EDGE ( 'NONE', *, *, #2200, .F. ) ;
#4632 = ORIENTED_EDGE ( 'NONE', *, *, #4320, .T. ) ;
#4633 = ORIENTED_EDGE ( 'NONE', *, *, #2151, .F. ) ;
#4634 = CARTESIAN_POINT ( 'NONE',  ( -0.3484251968503935815, 0.3858267716535432323, -0.3877952755905513804 ) ) ;
#4635 = CARTESIAN_POINT ( 'NONE',  ( -0.2665669291338619296, 0.2516535433070866690, 0.3856257223156456249 ) ) ;
#4636 = DIRECTION ( 'NONE',  ( 0.000000000000000000, 0.8719048594991296586, -0.4896753169007021511 ) ) ;
#4637 = AXIS2_PLACEMENT_3D ( 'NONE', #1631, #3935, #1743 ) ;
#4638 = FACE_OUTER_BOUND ( 'NONE', #2509, .T. ) ;
#4639 = DIRECTION ( 'NONE',  ( 0.000000000000000000, 0.000000000000000000, 1.000000000000000000 ) ) ;
#4640 = VECTOR ( 'NONE', #623, 39.37007874015748143 ) ;
#4641 = CARTESIAN_POINT ( 'NONE',  ( -0.3040008362276592213, 0.2716535433070866867, -0.3405813506187549966 ) ) ;
#4642 = VERTEX_POINT ( 'NONE', #2994 ) ;
#4643 = CIRCLE ( 'NONE', #4406, 0.009999999999999962044 ) ;
#4644 = ORIENTED_EDGE ( 'NONE', *, *, #7083, .F. ) ;
#4645 = DIRECTION ( 'NONE',  ( 0.000000000000000000, 6.982962677686265922E-15, -1.000000000000000000 ) ) ;
#4646 = CARTESIAN_POINT ( 'NONE',  ( 0.4704724409448826639, 0.1102362204724409017, 0.2185039370078737664 ) ) ;
#4647 = CARTESIAN_POINT ( 'NONE',  ( 0.3484251968503935815, 0.3015748031496062187, -0.4035433070866146221 ) ) ;
#4648 = ORIENTED_EDGE ( 'NONE', *, *, #2904, .T. ) ;
#4649 = VERTEX_POINT ( 'NONE', #740 ) ;
#4650 = EDGE_CURVE ( 'NONE', #1928, #4956, #3557, .T. ) ;
#4651 = ORIENTED_EDGE ( 'NONE', *, *, #597, .T. ) ;
#4652 = AXIS2_PLACEMENT_3D ( 'NONE', #2021, #402, #4452 ) ;
#4653 = CARTESIAN_POINT ( 'NONE',  ( 0.4616099661787624875, 0.09407740825064973833, 0.02205967480314803206 ) ) ;
#4654 = SHAPE_REPRESENTATION ( 'BHX2-2032-PC', ( #507, #7104, #3622 ), #7107 ) ;
#4655 = EDGE_CURVE ( 'NONE', #4067, #238, #7126, .T. ) ;
#4656 = EDGE_CURVE ( 'NONE', #5685, #4038, #816, .T. ) ;
#4657 = ORIENTED_EDGE ( 'NONE', *, *, #6328, .T. ) ;
#4658 = EDGE_CURVE ( 'NONE', #4162, #6409, #3065, .T. ) ;
#4659 = CARTESIAN_POINT ( 'NONE',  ( -0.4704724409448826639, 0.1102362204724409017, 0.02205967480314803206 ) ) ;
#4660 = DIRECTION ( 'NONE',  ( 0.000000000000000000, 0.000000000000000000, 1.000000000000000000 ) ) ;
#4661 = FACE_OUTER_BOUND ( 'NONE', #7058, .T. ) ;
#4662 = CARTESIAN_POINT ( 'NONE',  ( -0.2965669291338589031, 0.2716535433070866867, 0.4306299212598424520 ) ) ;
#4663 = AXIS2_PLACEMENT_3D ( 'NONE', #4211, #167, #96 ) ;
#4664 = ADVANCED_FACE ( 'NONE', ( #4741 ), #4245, .F. ) ;
#4665 = ORIENTED_EDGE ( 'NONE', *, *, #2442, .F. ) ;
#4666 = ORIENTED_EDGE ( 'NONE', *, *, #2545, .T. ) ;
#4667 = EDGE_CURVE ( 'NONE', #7341, #274, #4974, .T. ) ;
#4668 = ORIENTED_EDGE ( 'NONE', *, *, #4484, .T. ) ;
#4669 = EDGE_CURVE ( 'NONE', #1202, #3097, #7234, .T. ) ;
#4670 = DIRECTION ( 'NONE',  ( -1.141265444721567241E-16, 4.852373359375687380E-16, -1.000000000000000000 ) ) ;
#4671 = CARTESIAN_POINT ( 'NONE',  ( 0.2933442662718037663, 0.2416535433070866601, 0.4748386299441995084 ) ) ;
#4672 = CIRCLE ( 'NONE', #2247, 0.03937007874015741732 ) ;
#4673 = VECTOR ( 'NONE', #4548, 39.37007874015748143 ) ;
#4674 = CARTESIAN_POINT ( 'NONE',  ( 0.3484251968503935815, 0.3015748031496062187, -0.4035433070866146221 ) ) ;
#4675 = CARTESIAN_POINT ( 'NONE',  ( -0.4193062885808972462, 0.2516535433070866690, -0.08999999999999999667 ) ) ;
#4676 = CARTESIAN_POINT ( 'NONE',  ( 0.4803149606299213503, 0.3818897637795276023, 0.2185039370078739329 ) ) ;
#4677 = VECTOR ( 'NONE', #3799, 39.37007874015748143 ) ;
#4678 = ORIENTED_EDGE ( 'NONE', *, *, #3716, .F. ) ;
#4679 = VECTOR ( 'NONE', #2824, 39.37007874015748143 ) ;
#4680 = B_SPLINE_CURVE_WITH_KNOTS ( 'NONE', 3,
 ( #6112, #3879, #2708, #7220, #4458, #2029, #2104, #6741, #4347, #945 ),
 .UNSPECIFIED., .F., .F.,
 ( 4, 2, 2, 2, 4 ),
 ( 0.000000000000000000, 0.0003074975629519737744, 0.0006149951259039475489, 0.0009224926888559213233, 0.001229990251807895098 ),
 .UNSPECIFIED. ) ;
#4681 = LINE ( 'NONE', #66, #527 ) ;
#4682 = LINE ( 'NONE', #4646, #3579 ) ;
#4683 = DIRECTION ( 'NONE',  ( 0.3846363336743959249, -0.9230681940233443905, 0.000000000000000000 ) ) ;
#4684 = FACE_OUTER_BOUND ( 'NONE', #6087, .T. ) ;
#4685 = CARTESIAN_POINT ( 'NONE',  ( -0.1596456692913385822, 0.3745673898465213814, 0.01683623137732593103 ) ) ;
#4686 = AXIS2_PLACEMENT_3D ( 'NONE', #1007, #2212, #7282 ) ;
#4687 = ORIENTED_EDGE ( 'NONE', *, *, #3582, .T. ) ;
#4688 = CARTESIAN_POINT ( 'NONE',  ( -0.4488188976377956996, 0.2023622047244093836, -0.2054993803149607612 ) ) ;
#4689 = DIRECTION ( 'NONE',  ( -0.9230681940233446126, -0.3846363336743960359, 0.000000000000000000 ) ) ;
#4690 = ORIENTED_EDGE ( 'NONE', *, *, #2217, .T. ) ;
#4691 = CARTESIAN_POINT ( 'NONE',  ( -0.3265669291338584856, 0.2716535433070866312, -0.3511974678401351690 ) ) ;
#4692 = FACE_OUTER_BOUND ( 'NONE', #5380, .T. ) ;
#4693 = PLANE ( 'NONE',  #6771 ) ;
#4694 = DIRECTION ( 'NONE',  ( 0.000000000000000000, 1.000000000000000000, 7.661286097916305006E-43 ) ) ;
#4695 = LINE ( 'NONE', #1814, #114 ) ;
#4696 = EDGE_CURVE ( 'NONE', #6734, #4778, #6536, .T. ) ;
#4697 = CIRCLE ( 'NONE', #3120, 0.03000000000000002318 ) ;
#4698 = VERTEX_POINT ( 'NONE', #4811 ) ;
#4699 = FILL_AREA_STYLE ('',( #87 ) ) ;
#4700 = ORIENTED_EDGE ( 'NONE', *, *, #6490, .F. ) ;
#4701 = EDGE_LOOP ( 'NONE', ( #706, #6033, #5999, #5852 ) ) ;
#4702 = LINE ( 'NONE', #6080, #6553 ) ;
#4703 = CARTESIAN_POINT ( 'NONE',  ( 0.2087340609205521613, 0.000000000000000000, -0.4606299212598424786 ) ) ;
#4704 = CARTESIAN_POINT ( 'NONE',  ( -0.4704724409448826639, 0.1102362204724409017, -0.03975134881889921118 ) ) ;
#4705 = EDGE_CURVE ( 'NONE', #5769, #5414, #5912, .T. ) ;
#4706 = VECTOR ( 'NONE', #472, 39.37007874015748854 ) ;
#4707 = DIRECTION ( 'NONE',  ( 0.000000000000000000, 1.000000000000000000, 7.661286097916305006E-43 ) ) ;
#4708 = VECTOR ( 'NONE', #3854, 39.37007874015748143 ) ;
#4709 = FACE_BOUND ( 'NONE', #4464, .T. ) ;
#4710 = AXIS2_PLACEMENT_3D ( 'NONE', #6252, #6289, #1113 ) ;
#4711 = EDGE_CURVE ( 'NONE', #1093, #587, #4501, .T. ) ;
#4712 = EDGE_CURVE ( 'NONE', #2566, #2002, #390, .T. ) ;
#4713 = ORIENTED_EDGE ( 'NONE', *, *, #7216, .F. ) ;
#4714 = AXIS2_PLACEMENT_3D ( 'NONE', #6205, #3178, #4920 ) ;
#4715 = ORIENTED_EDGE ( 'NONE', *, *, #2863, .F. ) ;
#4716 = DIRECTION ( 'NONE',  ( 1.000000000000000000, 0.000000000000000000, 0.000000000000000000 ) ) ;
#4717 = DIRECTION ( 'NONE',  ( -1.000000000000000000, 3.396661351562978405E-15, 1.141265444721583757E-16 ) ) ;
#4718 = EDGE_CURVE ( 'NONE', #5005, #7118, #2565, .T. ) ;
#4719 = LINE ( 'NONE', #6439, #1877 ) ;
#4720 = DIRECTION ( 'NONE',  ( 1.734723475976810053E-15, -1.000000000000000000, 0.000000000000000000 ) ) ;
#4721 = AXIS2_PLACEMENT_3D ( 'NONE', #1421, #2180, #3268 ) ;
#4722 = FACE_OUTER_BOUND ( 'NONE', #2445, .T. ) ;
#4723 = EDGE_LOOP ( 'NONE', ( #1513, #2348, #7276, #6864 ) ) ;
#4724 = ORIENTED_EDGE ( 'NONE', *, *, #2630, .F. ) ;
#4725 = PLANE ( 'NONE',  #5643 ) ;
#4726 = ORIENTED_EDGE ( 'NONE', *, *, #5778, .T. ) ;
#4727 = CARTESIAN_POINT ( 'NONE',  ( 0.3484251968503935815, 1.536664496436148085E-15, -0.3937007874015763798 ) ) ;
#4728 = CARTESIAN_POINT ( 'NONE',  ( 0.3487518205591552123, 0.2716535433070866312, -0.3788699307953760642 ) ) ;
#4729 = DIRECTION ( 'NONE',  ( 0.000000000000000000, 0.000000000000000000, -1.000000000000000000 ) ) ;
#4730 = CARTESIAN_POINT ( 'NONE',  ( 0.3487518205591552123, 0.2416535433070866601, 0.5196850393700790383 ) ) ;
#4731 = CARTESIAN_POINT ( 'NONE',  ( 0.4547244094488189781, 0.2023622047244095501, -0.2054993803149607612 ) ) ;
#4732 = FACE_OUTER_BOUND ( 'NONE', #5962, .T. ) ;
#4733 = AXIS2_PLACEMENT_3D ( 'NONE', #655, #2277, #5764 ) ;
#4734 = ORIENTED_EDGE ( 'NONE', *, *, #5303, .T. ) ;
#4735 = VECTOR ( 'NONE', #3353, 39.37007874015748854 ) ;
#4736 = ORIENTED_EDGE ( 'NONE', *, *, #5767, .T. ) ;
#4737 = ORIENTED_EDGE ( 'NONE', *, *, #4149, .T. ) ;
#4738 = DIRECTION ( 'NONE',  ( 0.000000000000000000, 7.661286097916306599E-43, 1.000000000000000000 ) ) ;
#4739 = CARTESIAN_POINT ( 'NONE',  ( 0.2497154784863063748, 8.878505979408855953E-16, -0.1415360035237893110 ) ) ;
#4740 = EDGE_CURVE ( 'NONE', #2746, #5157, #5979, .T. ) ;
#4741 = FACE_OUTER_BOUND ( 'NONE', #3313, .T. ) ;
#4742 = DIRECTION ( 'NONE',  ( -0.000000000000000000, -1.000000000000000000, -7.661286097916305006E-43 ) ) ;
#4743 = CIRCLE ( 'NONE', #2460, 0.07874015748031489015 ) ;
#4744 = DIRECTION ( 'NONE',  ( -0.000000000000000000, 1.000000000000000000, 7.661286097916305006E-43 ) ) ;
#4745 = ORIENTED_EDGE ( 'NONE', *, *, #3861, .T. ) ;
#4746 = EDGE_CURVE ( 'NONE', #1232, #2508, #4849, .T. ) ;
#4747 = AXIS2_PLACEMENT_3D ( 'NONE', #4232, #4763, #1885 ) ;
#4748 = ORIENTED_EDGE ( 'NONE', *, *, #4975, .F. ) ;
#4749 = CARTESIAN_POINT ( 'NONE',  ( -0.4648844297688598526, 0.2023622047244092448, -0.2054993803149607612 ) ) ;
#4750 = AXIS2_PLACEMENT_3D ( 'NONE', #2533, #1951, #3121 ) ;
#4751 = ADVANCED_FACE ( 'NONE', ( #1400 ), #3709, .F. ) ;
#4752 = ADVANCED_FACE ( 'NONE', ( #7159 ), #3327, .T. ) ;
#4753 = DIRECTION ( 'NONE',  ( 6.536687853109848904E-31, -1.224646799147353207E-16, 1.000000000000000000 ) ) ;
#4754 = LINE ( 'NONE', #7212, #4039 ) ;
#4755 = LINE ( 'NONE', #106, #5730 ) ;
#4756 = ORIENTED_EDGE ( 'NONE', *, *, #5315, .F. ) ;
#4757 = VECTOR ( 'NONE', #4220, 39.37007874015748854 ) ;
#4758 = EDGE_CURVE ( 'NONE', #295, #2103, #6204, .T. ) ;
#4759 = VERTEX_POINT ( 'NONE', #6639 ) ;
#4760 = VERTEX_POINT ( 'NONE', #4404 ) ;
#4761 = CARTESIAN_POINT ( 'NONE',  ( -0.4291338582677163838, 0.4015748031496062520, -0.3799212598425196763 ) ) ;
#4762 = PLANE ( 'NONE',  #2450 ) ;
#4763 = DIRECTION ( 'NONE',  ( -0.000000000000000000, -1.000000000000000000, -7.661286097916305006E-43 ) ) ;
#4764 = CARTESIAN_POINT ( 'NONE',  ( 0.3487518205591552123, 0.000000000000000000, 0.3788699307953760642 ) ) ;
#4765 = CARTESIAN_POINT ( 'NONE',  ( 0.4816026208834747746, 0.02852789497276874905, 0.02205967480314803206 ) ) ;
#4766 = DIRECTION ( 'NONE',  ( 0.000000000000000000, 0.000000000000000000, -1.000000000000000000 ) ) ;
#4767 = EDGE_LOOP ( 'NONE', ( #3428, #6751, #5613, #288, #2028, #6363 ) ) ;
#4768 = VERTEX_POINT ( 'NONE', #4919 ) ;
#4769 = FACE_OUTER_BOUND ( 'NONE', #5064, .T. ) ;
#4770 = LINE ( 'NONE', #4128, #5244 ) ;
#4771 = CARTESIAN_POINT ( 'NONE',  ( -0.2601158228121032145, 0.2416535433070866601, 0.4606299212598424786 ) ) ;
#4772 = DIRECTION ( 'NONE',  ( -0.000000000000000000, -1.000000000000000000, -0.000000000000000000 ) ) ;
#4773 = DIRECTION ( 'NONE',  ( 0.000000000000000000, 0.000000000000000000, -1.000000000000000000 ) ) ;
#4774 = VECTOR ( 'NONE', #6394, 39.37007874015748143 ) ;
#4775 = DIRECTION ( 'NONE',  ( -1.000000000000000000, -0.000000000000000000, -0.000000000000000000 ) ) ;
#4776 = ORIENTED_EDGE ( 'NONE', *, *, #5408, .T. ) ;
#4777 = VECTOR ( 'NONE', #6066, 39.37007874015748143 ) ;
#4778 = VERTEX_POINT ( 'NONE', #2764 ) ;
#4779 = DIRECTION ( 'NONE',  ( 0.000000000000000000, 0.000000000000000000, 1.000000000000000000 ) ) ;
#4780 = DIRECTION ( 'NONE',  ( 3.433861939970594219E-15, 1.000000000000000000, 0.000000000000000000 ) ) ;
#4781 = PLANE ( 'NONE',  #578 ) ;
#4782 = CARTESIAN_POINT ( 'NONE',  ( 0.4488188976377958661, 0.1580380698850482046, -0.2054993803149607612 ) ) ;
#4783 = CARTESIAN_POINT ( 'NONE',  ( 0.4789113459805934836, 0.04765840547478853578, 0.02205967480314803206 ) ) ;
#4784 = CARTESIAN_POINT ( 'NONE',  ( 0.1596456692913385822, 0.3033398936683191494, -0.08988975328832256306 ) ) ;
#4785 = DIRECTION ( 'NONE',  ( 0.000000000000000000, 0.8719048594991277712, -0.4896753169007054263 ) ) ;
#4786 = VERTEX_POINT ( 'NONE', #4321 ) ;
#4787 = ADVANCED_FACE ( 'NONE', ( #351 ), #6601, .T. ) ;
#4788 = AXIS2_PLACEMENT_3D ( 'NONE', #4688, #1168, #7001 ) ;
#4789 = ORIENTED_EDGE ( 'NONE', *, *, #4083, .F. ) ;
#4790 = CARTESIAN_POINT ( 'NONE',  ( 0.4901574803149654214, 0.04905824521324918253, 0.02205967480314803206 ) ) ;
#4791 = ORIENTED_EDGE ( 'NONE', *, *, #6953, .F. ) ;
#4792 = VECTOR ( 'NONE', #7101, 39.37007874015748143 ) ;
#4793 = EDGE_CURVE ( 'NONE', #2691, #3790, #6685, .T. ) ;
#4794 = CARTESIAN_POINT ( 'NONE',  ( -0.1942888580430138790, 0.2623662519211618083, 0.4527433773554183638 ) ) ;
#4795 = EDGE_CURVE ( 'NONE', #864, #1202, #3822, .T. ) ;
#4796 = ADVANCED_FACE ( 'NONE', ( #3212 ), #3177, .T. ) ;
#4797 = DIMENSIONAL_EXPONENTS ( 1.000000000000000000, 0.000000000000000000, 0.000000000000000000, 0.000000000000000000, 0.000000000000000000, 0.000000000000000000, 0.000000000000000000 ) ;
#4798 = ORIENTED_EDGE ( 'NONE', *, *, #551, .T. ) ;
#4799 = FACE_OUTER_BOUND ( 'NONE', #4855, .T. ) ;
#4800 = DIRECTION ( 'NONE',  ( -8.459571950149005536E-16, -7.042530573768934446E-43, -1.000000000000000000 ) ) ;
#4801 = CARTESIAN_POINT ( 'NONE',  ( -0.2026169319621086151, 0.2416535433070866601, -0.4534870641169853056 ) ) ;
#4802 = EDGE_CURVE ( 'NONE', #168, #1049, #523, .T. ) ;
#4803 = CARTESIAN_POINT ( 'NONE',  ( -0.2440578170120948631, 0.4015748031496062520, 0.3977748727163932796 ) ) ;
#4804 = DIRECTION ( 'NONE',  ( 1.000000000000000000, 0.000000000000000000, 1.652117596168386770E-15 ) ) ;
#4805 = ORIENTED_EDGE ( 'NONE', *, *, #6953, .T. ) ;
#4806 =( CONVERSION_BASED_UNIT ( 'INCH', #4203 ) LENGTH_UNIT ( ) NAMED_UNIT ( #2537 ) );
#4807 = EDGE_LOOP ( 'NONE', ( #1289, #1480, #1360, #4651 ) ) ;
#4808 = CARTESIAN_POINT ( 'NONE',  ( 0.4850061848610858206, 0.000000000000000000, 0.3433221740225202434 ) ) ;
#4809 = CARTESIAN_POINT ( 'NONE',  ( -0.4193062885808971352, 0.000000000000000000, 0.09000000000000001055 ) ) ;
#4810 = CARTESIAN_POINT ( 'NONE',  ( -0.4744094488188977388, 0.2023622047244094668, -0.2054993803149607612 ) ) ;
#4811 = CARTESIAN_POINT ( 'NONE',  ( 0.2403543307086613845, 0.3033398936683191494, -0.08988975328832256306 ) ) ;
#4812 = CARTESIAN_POINT ( 'NONE',  ( 1.800958267888598696, 0.2716535433070866312, 3.882189494197892854E-30 ) ) ;
#4813 = CARTESIAN_POINT ( 'NONE',  ( -0.4725173040131662727, 0.03231368565854034897, -0.008845837007875591296 ) ) ;
#4814 = FACE_BOUND ( 'NONE', #6979, .T. ) ;
#4815 =( CONVERSION_BASED_UNIT ( 'INCH', #247 ) LENGTH_UNIT ( ) NAMED_UNIT ( #754 ) );
#4816 = ADVANCED_BREP_SHAPE_REPRESENTATION ( '', ( #1492, #7221 ), #21 ) ;
#4817 = ORIENTED_EDGE ( 'NONE', *, *, #3040, .T. ) ;
#4818 = CARTESIAN_POINT ( 'NONE',  ( 0.4816026208834747746, 0.02852789497276874905, -0.008845837007875591296 ) ) ;
#4819 = ORIENTED_EDGE ( 'NONE', *, *, #2619, .F. ) ;
#4820 = VECTOR ( 'NONE', #2942, 39.37007874015748143 ) ;
#4821 = CYLINDRICAL_SURFACE ( 'NONE', #2570, 0.01000000000000002970 ) ;
#4822 = DIRECTION ( 'NONE',  ( 0.000000000000000000, 1.000000000000000000, 7.661286097916305006E-43 ) ) ;
#4823 = FACE_OUTER_BOUND ( 'NONE', #3789, .T. ) ;
#4824 = CARTESIAN_POINT ( 'NONE',  ( -0.2965669291338585145, 0.2716535433070866312, -0.3511974678401353356 ) ) ;
#4825 = SPHERICAL_SURFACE ( 'NONE', #2349, 0.03937007874015742426 ) ;
#4826 = AXIS2_PLACEMENT_3D ( 'NONE', #4851, #5946, #850 ) ;
#4827 = VERTEX_POINT ( 'NONE', #2614 ) ;
#4828 = ORIENTED_EDGE ( 'NONE', *, *, #5481, .T. ) ;
#4829 = CARTESIAN_POINT ( 'NONE',  ( 0.3701181102362202102, 0.000000000000000000, 0.09000000000000001055 ) ) ;
#4830 = AXIS2_PLACEMENT_3D ( 'NONE', #777, #7127, #2995 ) ;
#4831 = VERTEX_POINT ( 'NONE', #7196 ) ;
#4832 = EDGE_CURVE ( 'NONE', #138, #715, #2046, .T. ) ;
#4833 = DIRECTION ( 'NONE',  ( 0.000000000000000000, -1.000000000000000000, -7.661286097916305006E-43 ) ) ;
#4834 = VECTOR ( 'NONE', #6990, 39.37007874015748143 ) ;
#4835 = ADVANCED_FACE ( 'NONE', ( #1033 ), #5654, .F. ) ;
#4836 = CARTESIAN_POINT ( 'NONE',  ( -0.4488188976377956996, 0.2023622047244091615, -0.2054993803149607612 ) ) ;
#4837 = CARTESIAN_POINT ( 'NONE',  ( 0.3818809286427810590, 0.01999999999999999001, 0.05118110236220487635 ) ) ;
#4838 = ADVANCED_FACE ( 'NONE', ( #5567 ), #389, .T. ) ;
#4839 = CARTESIAN_POINT ( 'NONE',  ( -0.4704724409448826639, 0.1102362204724409017, -0.3799212598425197318 ) ) ;
#4840 = ADVANCED_FACE ( 'NONE', ( #7273 ), #3289, .F. ) ;
#4841 = CARTESIAN_POINT ( 'NONE',  ( -0.1909518493879276413, 0.2576625425026034533, -0.4563293440019667857 ) ) ;
#4842 = DIRECTION ( 'NONE',  ( 0.000000000000000000, 0.000000000000000000, 1.000000000000000000 ) ) ;
#4843 = PLANE ( 'NONE',  #112 ) ;
#4844 = VERTEX_POINT ( 'NONE', #6754 ) ;
#4845 = LENGTH_MEASURE_WITH_UNIT ( LENGTH_MEASURE( 0.02539999999999999897 ), #5413 );
#4846 = EDGE_CURVE ( 'NONE', #981, #453, #5040, .T. ) ;
#4847 = VERTEX_POINT ( 'NONE', #1590 ) ;
#4848 = DIRECTION ( 'NONE',  ( 0.000000000000000000, 3.491481338843132961E-15, -1.000000000000000000 ) ) ;
#4849 = LINE ( 'NONE', #4885, #1949 ) ;
#4850 = DIRECTION ( 'NONE',  ( 0.000000000000000000, 0.000000000000000000, -1.000000000000000000 ) ) ;
#4851 = CARTESIAN_POINT ( 'NONE',  ( -0.4752772192324700717, 0.04917272174909721044, -0.03975134881889921118 ) ) ;
#4852 = DIRECTION ( 'NONE',  ( 0.8660254037844388186, -2.345220000633477127E-31, 0.4999999999999997224 ) ) ;
#4853 = CARTESIAN_POINT ( 'NONE',  ( -0.2978669291338584824, 0.000000000000000000, 0.4606299212598424786 ) ) ;
#4854 = TOROIDAL_SURFACE ( 'NONE', #1587, 0.04091458600556442671, 0.02165354330708661734 ) ;
#4855 = EDGE_LOOP ( 'NONE', ( #823, #3342, #3267, #1596 ) ) ;
#4856 = ORIENTED_EDGE ( 'NONE', *, *, #7121, .F. ) ;
#4857 = CIRCLE ( 'NONE', #6525, 0.01377952755905510404 ) ;
#4858 = LINE ( 'NONE', #7203, #6854 ) ;
#4859 = EDGE_LOOP ( 'NONE', ( #376, #696, #933, #3957, #4916, #2661, #4665, #2384 ) ) ;
#4860 = DIRECTION ( 'NONE',  ( 0.000000000000000000, -1.000000000000000000, -7.661286097916305006E-43 ) ) ;
#4861 = VECTOR ( 'NONE', #3107, 39.37007874015748854 ) ;
#4862 = DIRECTION ( 'NONE',  ( 0.000000000000000000, 0.8719048594991297696, -0.4896753169007020956 ) ) ;
#4863 = PLANE ( 'NONE',  #1162 ) ;
#4864 = VECTOR ( 'NONE', #2498, 39.37007874015748143 ) ;
#4865 = DIRECTION ( 'NONE',  ( 0.3846363336743959804, -0.9230681940233445015, 0.000000000000000000 ) ) ;
#4866 = VECTOR ( 'NONE', #1386, 39.37007874015748143 ) ;
#4867 = ORIENTED_EDGE ( 'NONE', *, *, #3388, .T. ) ;
#4868 = DIRECTION ( 'NONE',  ( 0.000000000000000000, 1.000000000000000000, 0.000000000000000000 ) ) ;
#4869 = ORIENTED_EDGE ( 'NONE', *, *, #1834, .F. ) ;
#4870 = CIRCLE ( 'NONE', #2933, 0.1108151085747029613 ) ;
#4871 = DIRECTION ( 'NONE',  ( 0.000000000000000000, 0.000000000000000000, -1.000000000000000000 ) ) ;
#4872 = DIRECTION ( 'NONE',  ( -0.000000000000000000, -0.000000000000000000, -1.000000000000000000 ) ) ;
#4873 = ADVANCED_FACE ( 'NONE', ( #3897 ), #1146, .T. ) ;
#4874 = ORIENTED_EDGE ( 'NONE', *, *, #225, .T. ) ;
#4875 = CARTESIAN_POINT ( 'NONE',  ( -0.2601158228121032145, 0.2416535433070866601, -0.4606299212598424786 ) ) ;
#4876 = ORIENTED_EDGE ( 'NONE', *, *, #3585, .F. ) ;
#4877 = DIRECTION ( 'NONE',  ( -1.000000000000000000, 0.000000000000000000, 0.000000000000000000 ) ) ;
#4878 = CARTESIAN_POINT ( 'NONE',  ( -0.2665669291338585434, 0.2116535433070866334, -0.3221485083270180239 ) ) ;
#4879 = CARTESIAN_POINT ( 'NONE',  ( 0.1595472440944881720, 0.4015748031496061965, 0.1200787401574800878 ) ) ;
#4880 = ORIENTED_EDGE ( 'NONE', *, *, #409, .F. ) ;
#4881 = EDGE_CURVE ( 'NONE', #426, #2256, #5153, .T. ) ;
#4882 = EDGE_CURVE ( 'NONE', #6231, #1950, #6053, .T. ) ;
#4883 = EDGE_LOOP ( 'NONE', ( #5641, #911, #6170, #339 ) ) ;
#4884 = DIRECTION ( 'NONE',  ( 8.459571950149005536E-16, -8.280041622063673177E-43, -1.000000000000000000 ) ) ;
#4885 = CARTESIAN_POINT ( 'NONE',  ( -0.3980708661417322602, 0.000000000000000000, -0.05118110236220477227 ) ) ;
#4886 = FACE_OUTER_BOUND ( 'NONE', #4503, .T. ) ;
#4887 = DIRECTION ( 'NONE',  ( 0.9230681940233445015, -0.3846363336743959249, -0.000000000000000000 ) ) ;
#4888 = LINE ( 'NONE', #3749, #4111 ) ;
#4889 = EDGE_CURVE ( 'NONE', #1250, #756, #1108, .T. ) ;
#4890 = EDGE_LOOP ( 'NONE', ( #2632, #7238, #6729, #4588 ) ) ;
#4891 = EDGE_CURVE ( 'NONE', #4947, #6409, #4857, .T. ) ;
#4892 = EDGE_CURVE ( 'NONE', #3143, #2239, #5228, .T. ) ;
#4893 = ORIENTED_EDGE ( 'NONE', *, *, #6608, .F. ) ;
#4894 = LINE ( 'NONE', #935, #3243 ) ;
#4895 = ORIENTED_EDGE ( 'NONE', *, *, #177, .F. ) ;
#4896 = DIRECTION ( 'NONE',  ( 0.000000000000000000, 1.000000000000000000, 0.000000000000000000 ) ) ;
#4897 = DIRECTION ( 'NONE',  ( 0.8660254037844413721, 0.000000000000000000, 0.4999999999999951705 ) ) ;
#4898 = DIRECTION ( 'NONE',  ( -0.000000000000000000, -0.000000000000000000, -1.000000000000000000 ) ) ;
#4899 = CARTESIAN_POINT ( 'NONE',  ( -0.1930337834871094782, 0.2416535433070866601, 0.4506299212598425252 ) ) ;
#4900 = LINE ( 'NONE', #6583, #1627 ) ;
#4901 = CIRCLE ( 'NONE', #6818, 0.02165354330708662081 ) ;
#4902 = ORIENTED_EDGE ( 'NONE', *, *, #2851, .T. ) ;
#4903 = DIRECTION ( 'NONE',  ( 0.000000000000000000, 7.661286097916295448E-43, 1.000000000000000000 ) ) ;
#4904 = ORIENTED_EDGE ( 'NONE', *, *, #4802, .F. ) ;
#4905 = AXIS2_PLACEMENT_3D ( 'NONE', #233, #2543, #4275 ) ;
#4906 = CARTESIAN_POINT ( 'NONE',  ( -0.2440578170120948631, 0.3917322834645668994, 0.3977748727163932796 ) ) ;
#4907 = AXIS2_PLACEMENT_3D ( 'NONE', #2901, #5329, #6373 ) ;
#4908 = ORIENTED_EDGE ( 'NONE', *, *, #5172, .F. ) ;
#4909 = CARTESIAN_POINT ( 'NONE',  ( -0.2656079121311309965, 0.2659020415544324223, -0.4487180076551682273 ) ) ;
#4910 = CIRCLE ( 'NONE', #4071, 0.02500000000000000486 ) ;
#4911 = VERTEX_POINT ( 'NONE', #52 ) ;
#4912 = DIRECTION ( 'NONE',  ( -0.000000000000000000, -0.000000000000000000, -1.000000000000000000 ) ) ;
#4913 = CARTESIAN_POINT ( 'NONE',  ( -0.2405511811023625934, 0.3917322834645668994, 0.01733885055303978351 ) ) ;
#4914 = DIRECTION ( 'NONE',  ( 1.000000000000000000, 0.000000000000000000, 0.000000000000000000 ) ) ;
#4915 = VERTEX_POINT ( 'NONE', #6938 ) ;
#4916 = ORIENTED_EDGE ( 'NONE', *, *, #6397, .T. ) ;
#4917 = CYLINDRICAL_SURFACE ( 'NONE', #2419, 0.2108387031505012388 ) ;
#4918 = LINE ( 'NONE', #1515, #4516 ) ;
#4919 = CARTESIAN_POINT ( 'NONE',  ( -0.2265748031496063741, 0.2416535433070866601, -0.4356299212598424564 ) ) ;
#4920 = DIRECTION ( 'NONE',  ( 5.204170427930421283E-15, -1.000000000000000000, 0.000000000000000000 ) ) ;
#4921 = CARTESIAN_POINT ( 'NONE',  ( 0.4606299212598429782, 0.2023622047244094113, -0.2054993803149607612 ) ) ;
#4922 = EDGE_CURVE ( 'NONE', #3735, #4947, #516, .T. ) ;
#4923 = DIRECTION ( 'NONE',  ( 0.000000000000000000, -1.000000000000000000, -7.661286097916305006E-43 ) ) ;
#4924 = CARTESIAN_POINT ( 'NONE',  ( -0.3484251968503935815, 0.3858267716535432879, -0.3937007874015749365 ) ) ;
#4925 = ORIENTED_EDGE ( 'NONE', *, *, #1501, .T. ) ;
#4926 = LENGTH_MEASURE_WITH_UNIT ( LENGTH_MEASURE( 0.02539999999999999897 ), #6018 );
#4927 = ORIENTED_EDGE ( 'NONE', *, *, #3069, .T. ) ;
#4928 = DIRECTION ( 'NONE',  ( 0.000000000000000000, 0.000000000000000000, 1.000000000000000000 ) ) ;
#4929 = ORIENTED_EDGE ( 'NONE', *, *, #1417, .T. ) ;
#4930 = ADVANCED_FACE ( 'NONE', ( #7422 ), #7382, .T. ) ;
#4931 = CARTESIAN_POINT ( 'NONE',  ( -0.4704724409448817757, 0.3818897637795276023, 0.2211412322089676696 ) ) ;
#4932 = DIRECTION ( 'NONE',  ( 0.8660254037844388186, -2.345220000641100191E-31, -0.4999999999999997224 ) ) ;
#4933 = CARTESIAN_POINT ( 'NONE',  ( 0.4648844297688598526, 0.2023622047244092448, -0.2054993803149607612 ) ) ;
#4934 = ADVANCED_FACE ( 'NONE', ( #6380 ), #5795, .T. ) ;
#4935 = CARTESIAN_POINT ( 'NONE',  ( 0.4704724409448826639, 0.09918119350236434539, 0.02205967480314803206 ) ) ;
#4936 = EDGE_CURVE ( 'NONE', #4760, #5983, #2918, .T. ) ;
#4937 = ORIENTED_EDGE ( 'NONE', *, *, #3174, .F. ) ;
#4938 = CARTESIAN_POINT ( 'NONE',  ( 0.4810721634446568640, 0.05284403589902079978, -0.03975134881889921118 ) ) ;
#4939 = AXIS2_PLACEMENT_3D ( 'NONE', #1737, #1625, #4041 ) ;
#4940 = ORIENTED_EDGE ( 'NONE', *, *, #1458, .F. ) ;
#4941 = EDGE_CURVE ( 'NONE', #2622, #3344, #1461, .T. ) ;
#4942 = AXIS2_PLACEMENT_3D ( 'NONE', #3791, #3865, #2692 ) ;
#4943 = CARTESIAN_POINT ( 'NONE',  ( 0.4291338582677163838, 0.3858267716535432323, -0.3937007874015749365 ) ) ;
#4944 = ORIENTED_EDGE ( 'NONE', *, *, #6134, .T. ) ;
#4945 = CARTESIAN_POINT ( 'NONE',  ( -0.2978585467753935290, 0.2455807691404414683, -0.4604364822183447670 ) ) ;
#4946 = AXIS2_PLACEMENT_3D ( 'NONE', #6461, #2916, #700 ) ;
#4947 = VERTEX_POINT ( 'NONE', #2909 ) ;
#4948 =( GEOMETRIC_REPRESENTATION_CONTEXT ( 3 ) GLOBAL_UNCERTAINTY_ASSIGNED_CONTEXT ( ( #720 ) ) GLOBAL_UNIT_ASSIGNED_CONTEXT ( ( #4815, #5917, #1297 ) ) REPRESENTATION_CONTEXT ( 'NONE', 'WORKASPACE' ) );
#4949 = CARTESIAN_POINT ( 'NONE',  ( -0.4704724409448826639, 0.09842519685039349819, 0.02205967480314803206 ) ) ;
#4950 = CARTESIAN_POINT ( 'NONE',  ( 0.4350393700787402729, 0.2023622047244095501, -0.2054993803149607612 ) ) ;
#4951 = ORIENTED_EDGE ( 'NONE', *, *, #3734, .T. ) ;
#4952 = DIRECTION ( 'NONE',  ( -0.4999999999999943934, 0.000000000000000000, 0.8660254037844418162 ) ) ;
#4953 = CARTESIAN_POINT ( 'NONE',  ( 0.4789342142725088736, 0.05063094610672995433, -0.03975134881889921118 ) ) ;
#4954 = CARTESIAN_POINT ( 'NONE',  ( -0.2265748031496063741, 0.2516535433070866690, 0.4606299212598424786 ) ) ;
#4955 = ORIENTED_EDGE ( 'NONE', *, *, #367, .T. ) ;
#4956 = VERTEX_POINT ( 'NONE', #1209 ) ;
#4957 = CARTESIAN_POINT ( 'NONE',  ( 0.4803149606299213503, 0.3818897637795276023, 0.2185039370078739329 ) ) ;
#4958 = LINE ( 'NONE', #4360, #1956 ) ;
#4959 = CIRCLE ( 'NONE', #6164, 0.1408151085747029740 ) ;
#4960 = CARTESIAN_POINT ( 'NONE',  ( -0.2403543307086613845, 0.3015748031496062187, -0.09663724781254488805 ) ) ;
#4961 = CARTESIAN_POINT ( 'NONE',  ( -0.2977354163236736184, 0.2549478376355674425, 0.4575950102555778609 ) ) ;
#4962 = DIRECTION ( 'NONE',  ( 0.000000000000000000, -1.000000000000000000, -7.661286097916305006E-43 ) ) ;
#4963 = VERTEX_POINT ( 'NONE', #4045 ) ;
#4964 =( REPRESENTATION_RELATIONSHIP ('NONE','NONE', #4654, #7423 ) REPRESENTATION_RELATIONSHIP_WITH_TRANSFORMATION ( #6872 )SHAPE_REPRESENTATION_RELATIONSHIP( ) );
#4965 = ORIENTED_EDGE ( 'NONE', *, *, #1916, .F. ) ;
#4966 = DIRECTION ( 'NONE',  ( 1.652117596168386770E-15, 0.000000000000000000, -1.000000000000000000 ) ) ;
#4967 = EDGE_CURVE ( 'NONE', #6119, #1131, #1591, .T. ) ;
#4968 = ORIENTED_EDGE ( 'NONE', *, *, #5441, .F. ) ;
#4969 = CARTESIAN_POINT ( 'NONE',  ( -2.048614141252693483E-16, 0.3917322834645668994, 0.9997915883746703036 ) ) ;
#4970 = DIRECTION ( 'NONE',  ( 1.000000000000000000, -0.000000000000000000, -0.000000000000000000 ) ) ;
#4971 = DIRECTION ( 'NONE',  ( 0.000000000000000000, 7.661286097916305006E-43, 1.000000000000000000 ) ) ;
#4972 = DIRECTION ( 'NONE',  ( -1.000000000000000000, -1.796677885833123482E-14, 0.000000000000000000 ) ) ;
#4973 = DIRECTION ( 'NONE',  ( 1.000000000000000000, 0.000000000000000000, 0.000000000000000000 ) ) ;
#4974 = CIRCLE ( 'NONE', #33, 0.04035433070866141503 ) ;
#4975 = EDGE_CURVE ( 'NONE', #3964, #4266, #6347, .T. ) ;
#4976 = EDGE_CURVE ( 'NONE', #2975, #124, #2196, .T. ) ;
#4977 = CIRCLE ( 'NONE', #6644, 0.02639650710036412634 ) ;
#4978 = ORIENTED_EDGE ( 'NONE', *, *, #1046, .T. ) ;
#4979 = EDGE_CURVE ( 'NONE', #4642, #5657, #3623, .T. ) ;
#4980 = VECTOR ( 'NONE', #3971, 39.37007874015748143 ) ;
#4981 = DIRECTION ( 'NONE',  ( 0.000000000000000000, 0.000000000000000000, -1.000000000000000000 ) ) ;
#4982 = AXIS2_PLACEMENT_3D ( 'NONE', #4274, #806, #3093 ) ;
#4983 = ORIENTED_EDGE ( 'NONE', *, *, #302, .F. ) ;
#4984 = DIRECTION ( 'NONE',  ( 0.000000000000000000, -0.000000000000000000, -1.000000000000000000 ) ) ;
#4985 = VECTOR ( 'NONE', #6564, 39.37007874015748143 ) ;
#4986 = EDGE_CURVE ( 'NONE', #3659, #6126, #2840, .T. ) ;
#4987 = ORIENTED_EDGE ( 'NONE', *, *, #4533, .T. ) ;
#4988 = ADVANCED_FACE ( 'NONE', ( #1886 ), #266, .F. ) ;
#4989 = LINE ( 'NONE', #6116, #7236 ) ;
#4990 = AXIS2_PLACEMENT_3D ( 'NONE', #1106, #6346, #1173 ) ;
#4991 = CARTESIAN_POINT ( 'NONE',  ( 0.1596456692913385822, 0.3153543307086614234, -0.09663724781254488805 ) ) ;
#4992 = CARTESIAN_POINT ( 'NONE',  ( -0.2726725254360707895, 0.2716535433070866867, -0.4306299212598424520 ) ) ;
#4993 = VECTOR ( 'NONE', #3385, 39.37007874015748143 ) ;
#4994 = DIRECTION ( 'NONE',  ( 1.000000000000000000, 0.000000000000000000, 0.000000000000000000 ) ) ;
#4995 = LINE ( 'NONE', #1430, #2331 ) ;
#4996 = ORIENTED_EDGE ( 'NONE', *, *, #7027, .F. ) ;
#4997 = ORIENTED_EDGE ( 'NONE', *, *, #4053, .T. ) ;
#4998 = DIRECTION ( 'NONE',  ( -1.000000000000000000, 0.000000000000000000, 5.542458384320307220E-16 ) ) ;
#4999 = DIRECTION ( 'NONE',  ( 0.000000000000000000, 0.000000000000000000, 1.000000000000000000 ) ) ;
#5000 = CARTESIAN_POINT ( 'NONE',  ( -0.4613299533447856038, 0.09477963595631162808, -0.03975134881889921118 ) ) ;
#5001 = DIRECTION ( 'NONE',  ( -0.3703889868387169604, 0.9288767401698617698, 0.000000000000000000 ) ) ;
#5002 = VERTEX_POINT ( 'NONE', #2542 ) ;
#5003 = EDGE_LOOP ( 'NONE', ( #3145, #4724, #4553, #5665 ) ) ;
#5004 = VECTOR ( 'NONE', #5640, 39.37007874015748854 ) ;
#5005 = VERTEX_POINT ( 'NONE', #3055 ) ;
#5006 = LINE ( 'NONE', #4369, #7119 ) ;
#5007 = FACE_OUTER_BOUND ( 'NONE', #5630, .T. ) ;
#5008 = CARTESIAN_POINT ( 'NONE',  ( 0.3701181102362202102, 0.2516535433070866690, 0.3788699307953760642 ) ) ;
#5009 = FACE_OUTER_BOUND ( 'NONE', #7106, .T. ) ;
#5010 = ORIENTED_EDGE ( 'NONE', *, *, #3758, .T. ) ;
#5011 = ORIENTED_EDGE ( 'NONE', *, *, #917, .T. ) ;
#5012 = PRODUCT ( 'BHX2-2032-PC sheetmetal', 'BHX2-2032-PC sheetmetal', '', ( #3398 ) ) ;
#5013 = DIRECTION ( 'NONE',  ( 0.000000000000000000, 0.000000000000000000, -1.000000000000000000 ) ) ;
#5014 = EDGE_LOOP ( 'NONE', ( #4446, #4225, #4212, #1029 ) ) ;
#5015 = CARTESIAN_POINT ( 'NONE',  ( -0.02972440944881905162, 0.000000000000000000, 0.000000000000000000 ) ) ;
#5016 = B_SPLINE_CURVE_WITH_KNOTS ( 'NONE', 3,
 ( #6336, #5812, #2964, #3997, #567, #1725 ),
 .UNSPECIFIED., .F., .F.,
 ( 4, 2, 4 ),
 ( -5.857450138946065076E-06, 0.0006205629504478809471, 0.001246983351034707931 ),
 .UNSPECIFIED. ) ;
#5017 = CARTESIAN_POINT ( 'NONE',  ( -0.3225205235358098999, 0.2589302129309313805, -0.4565835156617939483 ) ) ;
#5018 = VECTOR ( 'NONE', #2170, 39.37007874015748143 ) ;
#5019 = EDGE_CURVE ( 'NONE', #6062, #4698, #118, .T. ) ;
#5020 = ORIENTED_EDGE ( 'NONE', *, *, #6448, .T. ) ;
#5021 = AXIS2_PLACEMENT_3D ( 'NONE', #2098, #4415, #6696 ) ;
#5022 = AXIS2_PLACEMENT_3D ( 'NONE', #1888, #2432, #2471 ) ;
#5023 = VECTOR ( 'NONE', #5925, 39.37007874015748143 ) ;
#5024 = CIRCLE ( 'NONE', #5516, 0.1408151085747029740 ) ;
#5025 = DIRECTION ( 'NONE',  ( -0.8660254037844382635, -1.599084525471805670E-31, -0.5000000000000005551 ) ) ;
#5026 = CARTESIAN_POINT ( 'NONE',  ( 0.3701181102362202102, 0.000000000000000000, -0.08999999999999998279 ) ) ;
#5027 = EDGE_CURVE ( 'NONE', #498, #1741, #5376, .T. ) ;
#5028 = ORIENTED_EDGE ( 'NONE', *, *, #6277, .T. ) ;
#5029 = CARTESIAN_POINT ( 'NONE',  ( -0.2403543307086613845, 0.3917324950803335870, 0.05623699102971183028 ) ) ;
#5030 = CARTESIAN_POINT ( 'NONE',  ( 0.3487518205591552123, 0.000000000000000000, 0.3788699307953760642 ) ) ;
#5031 = LINE ( 'NONE', #346, #3334 ) ;
#5032 = ADVANCED_FACE ( 'NONE', ( #5297, #6521 ), #4693, .F. ) ;
#5033 = EDGE_CURVE ( 'NONE', #5435, #450, #6973, .T. ) ;
#5034 = ORIENTED_EDGE ( 'NONE', *, *, #47, .T. ) ;
#5035 = CIRCLE ( 'NONE', #3698, 0.01968503937007875723 ) ;
#5036 = ORIENTED_EDGE ( 'NONE', *, *, #3064, .F. ) ;
#5037 = CARTESIAN_POINT ( 'NONE',  ( 0.2403543307086613845, 0.3015748031496062187, -0.09663724781254488805 ) ) ;
#5038 = EDGE_CURVE ( 'NONE', #3760, #3744, #5259, .T. ) ;
#5039 = DIRECTION ( 'NONE',  ( 0.000000000000000000, 0.000000000000000000, 1.000000000000000000 ) ) ;
#5040 = LINE ( 'NONE', #7311, #1827 ) ;
#5041 = DIRECTION ( 'NONE',  ( 0.000000000000000000, 1.000000000000000000, 7.661286097916305006E-43 ) ) ;
#5042 = LINE ( 'NONE', #433, #6622 ) ;
#5043 = AXIS2_PLACEMENT_3D ( 'NONE', #1563, #938, #7208 ) ;
#5044 = ORIENTED_EDGE ( 'NONE', *, *, #2943, .T. ) ;
#5045 = ORIENTED_EDGE ( 'NONE', *, *, #3525, .T. ) ;
#5046 = CYLINDRICAL_SURFACE ( 'NONE', #2038, 0.07874015748031489015 ) ;
#5047 = ORIENTED_EDGE ( 'NONE', *, *, #4065, .T. ) ;
#5048 = CYLINDRICAL_SURFACE ( 'NONE', #275, 0.01377952755905510404 ) ;
#5049 = DIRECTION ( 'NONE',  ( 1.000000000000000000, 0.000000000000000000, 0.000000000000000000 ) ) ;
#5050 = CARTESIAN_POINT ( 'NONE',  ( -0.3224360833528578385, 0.2573782397446664483, 0.3492757905647738137 ) ) ;
#5051 = DIRECTION ( 'NONE',  ( -0.000000000000000000, -0.000000000000000000, -1.000000000000000000 ) ) ;
#5052 = ORIENTED_EDGE ( 'NONE', *, *, #3525, .F. ) ;
#5053 = CARTESIAN_POINT ( 'NONE',  ( -0.4879966628509019855, 0.04387261478901692546, -0.03975134881889921118 ) ) ;
#5054 = ORIENTED_EDGE ( 'NONE', *, *, #2820, .T. ) ;
#5055 = CARTESIAN_POINT ( 'NONE',  ( 0.4880767018726059892, 0.05427650700081183832, -0.03975134881889921118 ) ) ;
#5056 = EDGE_LOOP ( 'NONE', ( #4374, #5571, #7365, #2368 ) ) ;
#5057 = CARTESIAN_POINT ( 'NONE',  ( -0.3125855854650429477, 0.2689655734781263297, -0.4466485775910272737 ) ) ;
#5058 = VERTEX_POINT ( 'NONE', #6453 ) ;
#5059 = ORIENTED_EDGE ( 'NONE', *, *, #5408, .F. ) ;
#5060 = EDGE_CURVE ( 'NONE', #620, #2089, #1284, .T. ) ;
#5061 = FACE_OUTER_BOUND ( 'NONE', #6886, .T. ) ;
#5062 = CARTESIAN_POINT ( 'NONE',  ( 0.4850061848610860982, 0.2716535433070866312, -0.3433221740225207430 ) ) ;
#5063 = LINE ( 'NONE', #6236, #4214 ) ;
#5064 = EDGE_LOOP ( 'NONE', ( #5887, #5827, #4997, #2318 ) ) ;
#5065 = FACE_OUTER_BOUND ( 'NONE', #6260, .T. ) ;
#5066 = AXIS2_PLACEMENT_3D ( 'NONE', #6752, #387, #513 ) ;
#5067 = DIRECTION ( 'NONE',  ( -3.188626069577461471E-15, -1.000000000000000000, -6.408516294314084387E-16 ) ) ;
#5068 = FACE_OUTER_BOUND ( 'NONE', #5954, .T. ) ;
#5069 = EDGE_CURVE ( 'NONE', #986, #6268, #2430, .T. ) ;
#5070 = VECTOR ( 'NONE', #2441, 39.37007874015748143 ) ;
#5071 = ORIENTED_EDGE ( 'NONE', *, *, #7076, .T. ) ;
#5072 = EDGE_CURVE ( 'NONE', #2149, #4831, #5462, .T. ) ;
#5073 = ORIENTED_EDGE ( 'NONE', *, *, #6626, .F. ) ;
#5074 = ADVANCED_FACE ( 'NONE', ( #154 ), #1320, .T. ) ;
#5075 = LINE ( 'NONE', #2908, #2087 ) ;
#5076 = CARTESIAN_POINT ( 'NONE',  ( -0.1663668302556448320, 0.2516535433070866690, -0.4006299212598424808 ) ) ;
#5077 = VECTOR ( 'NONE', #1766, 39.37007874015748143 ) ;
#5078 = CARTESIAN_POINT ( 'NONE',  ( -0.4789342142725088736, 0.05063094610672995433, -0.03975134881889921118 ) ) ;
#5079 = DIRECTION ( 'NONE',  ( -0.9230681940233448346, 0.3846363336743951478, -0.000000000000000000 ) ) ;
#5080 = EDGE_CURVE ( 'NONE', #6231, #2862, #1850, .T. ) ;
#5081 = ORIENTED_EDGE ( 'NONE', *, *, #5252, .F. ) ;
#5082 = ORIENTED_EDGE ( 'NONE', *, *, #2707, .F. ) ;
#5083 = CARTESIAN_POINT ( 'NONE',  ( -0.1596456692913385822, 0.3114173228346456268, -0.09663724781254488805 ) ) ;
#5084 = ORIENTED_EDGE ( 'NONE', *, *, #2610, .T. ) ;
#5085 = CIRCLE ( 'NONE', #2060, 0.07874015748031489015 ) ;
#5086 = DIRECTION ( 'NONE',  ( -3.396661351562978405E-15, -1.000000000000000000, 0.000000000000000000 ) ) ;
#5087 = CARTESIAN_POINT ( 'NONE',  ( -0.4752772192324700717, 0.04917272174909721044, 0.02205967480314803206 ) ) ;
#5088 = DIRECTION ( 'NONE',  ( 0.000000000000000000, -1.000000000000000000, -7.661286097916305006E-43 ) ) ;
#5089 = CARTESIAN_POINT ( 'NONE',  ( -0.2265748031496063741, 0.2716535433070866312, 0.4356299212598424564 ) ) ;
#5090 = CARTESIAN_POINT ( 'NONE',  ( -0.4291338582677163838, 0.3917322834645668439, -0.3877952755905513804 ) ) ;
#5091 = DIRECTION ( 'NONE',  ( -1.000000000000000000, 0.000000000000000000, 0.000000000000000000 ) ) ;
#5092 = ORIENTED_EDGE ( 'NONE', *, *, #3687, .F. ) ;
#5093 = DIRECTION ( 'NONE',  ( 0.000000000000000000, 1.000000000000000000, 7.661286097916305006E-43 ) ) ;
#5094 = CARTESIAN_POINT ( 'NONE',  ( 0.4789113459805934836, 0.04765840547478853578, 0.02205967480314803206 ) ) ;
#5095 = EDGE_LOOP ( 'NONE', ( #224, #5720, #2635, #7353 ) ) ;
#5096 = AXIS2_PLACEMENT_3D ( 'NONE', #1896, #5418, #282 ) ;
#5097 = DIRECTION ( 'NONE',  ( -1.652117596168386770E-15, 0.000000000000000000, -1.000000000000000000 ) ) ;
#5098 = ORIENTED_EDGE ( 'NONE', *, *, #689, .F. ) ;
#5099 = VECTOR ( 'NONE', #6003, 39.37007874015748143 ) ;
#5100 = ORIENTED_EDGE ( 'NONE', *, *, #2857, .F. ) ;
#5101 = VECTOR ( 'NONE', #2677, 39.37007874015748143 ) ;
#5102 = DIRECTION ( 'NONE',  ( 1.000000000000000000, -0.000000000000000000, -0.000000000000000000 ) ) ;
#5103 = CARTESIAN_POINT ( 'NONE',  ( -0.2633093469925048558, 0.2609261685198103753, -0.4539431922519636120 ) ) ;
#5104 = ORIENTED_EDGE ( 'NONE', *, *, #5996, .T. ) ;
#5105 = VECTOR ( 'NONE', #662, 39.37007874015748143 ) ;
#5106 = CARTESIAN_POINT ( 'NONE',  ( 0.2248110124664194909, 0.000000000000000000, 0.4006299212598424808 ) ) ;
#5107 = DIRECTION ( 'NONE',  ( 1.000000000000000000, -1.796677885833123482E-14, 0.000000000000000000 ) ) ;
#5108 = VECTOR ( 'NONE', #4467, 39.37007874015748143 ) ;
#5109 = EDGE_LOOP ( 'NONE', ( #2100, #2703, #268 ) ) ;
#5110 = AXIS2_PLACEMENT_3D ( 'NONE', #3246, #1436, #5609 ) ;
#5111 = CARTESIAN_POINT ( 'NONE',  ( -4.097771990496394828E-16, -0.1102362204724393058, 0.008845837007875655481 ) ) ;
#5112 = EDGE_LOOP ( 'NONE', ( #4541, #2175, #7371, #5483 ) ) ;
#5113 = CARTESIAN_POINT ( 'NONE',  ( -0.2265748031496063741, 0.2716535433070866312, -0.4606299212598424786 ) ) ;
#5114 = CARTESIAN_POINT ( 'NONE',  ( -0.1596456692913385822, 0.3015748031496062187, -0.09663724781254488805 ) ) ;
#5115 = DIRECTION ( 'NONE',  ( -0.000000000000000000, -1.000000000000000000, -0.000000000000000000 ) ) ;
#5116 = CARTESIAN_POINT ( 'NONE',  ( -0.3053752798698728954, 0.2712719141409992152, 0.4394382719958571104 ) ) ;
#5117 = CIRCLE ( 'NONE', #1735, 0.1408151085747029463 ) ;
#5118 = EDGE_CURVE ( 'NONE', #4827, #3286, #3766, .T. ) ;
#5119 = EDGE_LOOP ( 'NONE', ( #4944, #4657, #3818, #3474, #3352, #4668 ) ) ;
#5120 = EDGE_LOOP ( 'NONE', ( #5918, #3309, #2206, #2182, #1939, #2409 ) ) ;
#5121 = ORIENTED_EDGE ( 'NONE', *, *, #4537, .F. ) ;
#5122 = DIRECTION ( 'NONE',  ( 0.000000000000000000, -4.956352788505162676E-15, 1.000000000000000000 ) ) ;
#5123 = DIRECTION ( 'NONE',  ( -1.000000000000000000, -0.000000000000000000, -0.000000000000000000 ) ) ;
#5124 = AXIS2_PLACEMENT_3D ( 'NONE', #4564, #6840, #4599 ) ;
#5125 = FACE_OUTER_BOUND ( 'NONE', #4701, .T. ) ;
#5126 = EDGE_CURVE ( 'NONE', #785, #4963, #728, .T. ) ;
#5127 = CARTESIAN_POINT ( 'NONE',  ( -0.1999999999999999833, 0.4015748031496062520, -0.1279527559055120278 ) ) ;
#5128 = CARTESIAN_POINT ( 'NONE',  ( 0.1596456692913385822, 0.3153543307086614234, -0.09663724781254488805 ) ) ;
#5129 = ADVANCED_FACE ( 'NONE', ( #1355 ), #3662, .F. ) ;
#5130 = EDGE_CURVE ( 'NONE', #6298, #3679, #5409, .T. ) ;
#5131 = ORIENTED_EDGE ( 'NONE', *, *, #2582, .F. ) ;
#5132 = CARTESIAN_POINT ( 'NONE',  ( 0.2736405827105305999, 0.4015748031496062520, 0.3248031496062991907 ) ) ;
#5133 = DIRECTION ( 'NONE',  ( 0.000000000000000000, 0.000000000000000000, 1.000000000000000000 ) ) ;
#5134 = ORIENTED_EDGE ( 'NONE', *, *, #5446, .F. ) ;
#5135 = DIRECTION ( 'NONE',  ( -8.459571950149005536E-16, 8.280041622063673177E-43, 1.000000000000000000 ) ) ;
#5136 = EDGE_LOOP ( 'NONE', ( #3192, #6386, #6081, #5092, #1238 ) ) ;
#5137 = ORIENTED_EDGE ( 'NONE', *, *, #5349, .T. ) ;
#5138 =( BOUNDED_SURFACE ( )  B_SPLINE_SURFACE ( 3, 2, ( 
 ( #987, #6672, #1505 ),
 ( #3811, #4432, #1579 ),
 ( #6711, #3887, #1542 ),
 ( #3846, #6156, #7336 ),
 ( #6995, #1026, #1136 ),
 ( #6826, #2752, #1836 ),
 ( #3568, #5883, #4511 ),
 ( #1623, #6196, #7030 ) ),
 .UNSPECIFIED., .F., .F., .F. ) 
 B_SPLINE_SURFACE_WITH_KNOTS ( ( 4, 2, 2, 4 ),
 ( 3, 3 ),
 ( 0.000000000000000000, 0.0002160716060914416278, 0.0004321432121828832555, 0.0008642864243657665110 ),
 ( 0.000000000000000000, 1.000000000000000000 ),
 .UNSPECIFIED. ) 
 GEOMETRIC_REPRESENTATION_ITEM ( )  RATIONAL_B_SPLINE_SURFACE ( (
 ( 1.000000000000000000, 0.8017837257372734117, 1.000000000000000000),
 ( 1.000000000000000000, 0.8011594390344727312, 1.000000000000000000),
 ( 1.000000000000000000, 0.8211072828554971670, 1.000000000000000000),
 ( 1.000000000000000000, 0.8721878404356012693, 1.000000000000000000),
 ( 1.000000000000000000, 0.9023595930343027982, 1.000000000000000000),
 ( 1.000000000000000000, 0.9756697712766863040, 1.000000000000000000),
 ( 1.000000000000000000, 1.001369084523703767, 1.000000000000000000),
 ( 1.000000000000000000, 1.000000000000000000, 1.000000000000000000) ) ) 
 REPRESENTATION_ITEM ( '' )  SURFACE ( )  );
#5139 = FACE_OUTER_BOUND ( 'NONE', #6519, .T. ) ;
#5140 = ORIENTED_EDGE ( 'NONE', *, *, #1326, .T. ) ;
#5141 = AXIS2_PLACEMENT_3D ( 'NONE', #2923, #5242, #4097 ) ;
#5142 = DIRECTION ( 'NONE',  ( 0.000000000000000000, 1.000000000000000000, 0.000000000000000000 ) ) ;
#5143 = CARTESIAN_POINT ( 'NONE',  ( -0.1596456692913385822, 0.3015748031496062187, -0.09303263377995586725 ) ) ;
#5144 = LINE ( 'NONE', #1736, #6777 ) ;
#5145 = CARTESIAN_POINT ( 'NONE',  ( -0.2665669291338584879, 0.2716535433070866312, 0.3856257223156519531 ) ) ;
#5146 = EDGE_LOOP ( 'NONE', ( #6646, #467, #1686, #3086 ) ) ;
#5147 = CIRCLE ( 'NONE', #6457, 0.009999999999999962044 ) ;
#5148 = AXIS2_PLACEMENT_3D ( 'NONE', #6454, #4694, #7012 ) ;
#5149 = ORIENTED_EDGE ( 'NONE', *, *, #4431, .F. ) ;
#5150 = LINE ( 'NONE', #546, #4708 ) ;
#5151 = CARTESIAN_POINT ( 'NONE',  ( -0.2601158228121032145, 0.2416535433070866601, -0.4606299212598424786 ) ) ;
#5152 = DIRECTION ( 'NONE',  ( 1.000000000000000000, -0.000000000000000000, -0.000000000000000000 ) ) ;
#5153 = LINE ( 'NONE', #615, #6888 ) ;
#5154 = DIRECTION ( 'NONE',  ( 1.000000000000000000, -3.491481338843132961E-15, 0.000000000000000000 ) ) ;
#5155 = AXIS2_PLACEMENT_3D ( 'NONE', #4379, #1570, #532 ) ;
#5156 = ORIENTED_EDGE ( 'NONE', *, *, #5038, .F. ) ;
#5157 = VERTEX_POINT ( 'NONE', #1958 ) ;
#5158 = DIRECTION ( 'NONE',  ( -0.000000000000000000, -1.000000000000000000, -7.661286097916305006E-43 ) ) ;
#5159 = ORIENTED_EDGE ( 'NONE', *, *, #4189, .T. ) ;
#5160 = DIRECTION ( 'NONE',  ( 0.000000000000000000, 0.000000000000000000, 1.000000000000000000 ) ) ;
#5161 = CARTESIAN_POINT ( 'NONE',  ( 0.2248110124664194909, 0.000000000000000000, -0.4006299212598424808 ) ) ;
#5162 = EDGE_CURVE ( 'NONE', #124, #7288, #6559, .T. ) ;
#5163 = DIRECTION ( 'NONE',  ( -0.000000000000000000, -0.000000000000000000, -1.000000000000000000 ) ) ;
#5164 = VECTOR ( 'NONE', #826, 39.37007874015748143 ) ;
#5165 = FACE_OUTER_BOUND ( 'NONE', #6200, .T. ) ;
#5166 = EDGE_LOOP ( 'NONE', ( #7179, #4114, #2866, #4035 ) ) ;
#5167 = EDGE_CURVE ( 'NONE', #4911, #6172, #5725, .T. ) ;
#5168 = EDGE_LOOP ( 'NONE', ( #2243, #4350, #1586, #6264 ) ) ;
#5169 = CARTESIAN_POINT ( 'NONE',  ( -0.2505326743371041331, 0.2416535433070866601, 0.4534870641169853056 ) ) ;
#5170 = ADVANCED_FACE ( 'NONE', ( #2111 ), #2577, .T. ) ;
#5171 = LINE ( 'NONE', #2260, #331 ) ;
#5172 = EDGE_CURVE ( 'NONE', #2898, #4495, #344, .T. ) ;
#5173 = LINE ( 'NONE', #6925, #732 ) ;
#5174 = CARTESIAN_POINT ( 'NONE',  ( -0.2965669291338584590, 0.2716535433070866867, -0.4306299212598424520 ) ) ;
#5175 = ORIENTED_EDGE ( 'NONE', *, *, #6821, .F. ) ;
#5176 = EDGE_CURVE ( 'NONE', #6124, #4786, #3237, .T. ) ;
#5177 = ORIENTED_EDGE ( 'NONE', *, *, #5069, .T. ) ;
#5178 = CARTESIAN_POINT ( 'NONE',  ( 0.4816026208834747746, 0.02852789497276874905, -0.008845837007875591296 ) ) ;
#5179 = LINE ( 'NONE', #4151, #5426 ) ;
#5180 = CARTESIAN_POINT ( 'NONE',  ( -0.4606299212598433668, 0.003785790685771632438, -0.008845837007875591296 ) ) ;
#5181 = FACE_OUTER_BOUND ( 'NONE', #5754, .T. ) ;
#5182 =( BOUNDED_SURFACE ( )  B_SPLINE_SURFACE ( 3, 2, ( 
 ( #5151, #2947, #5295 ),
 ( #5762, #7011, #5187 ),
 ( #726, #1207, #3660 ),
 ( #2575, #4392, #1621 ),
 ( #5103, #7373, #3966 ),
 ( #7411, #2749, #3316 ),
 ( #2830, #4508, #501 ),
 ( #3924, #4992, #6118 ) ),
 .UNSPECIFIED., .F., .F., .F. ) 
 B_SPLINE_SURFACE_WITH_KNOTS ( ( 4, 2, 2, 4 ),
 ( 3, 3 ),
 ( 0.000000000000000000, 0.0002160716060914416278, 0.0004321432121828832555, 0.0008642864243657665110 ),
 ( 0.000000000000000000, 1.000000000000000000 ),
 .UNSPECIFIED. ) 
 GEOMETRIC_REPRESENTATION_ITEM ( )  RATIONAL_B_SPLINE_SURFACE ( (
 ( 1.000000000000000000, 0.8017837257372734117, 1.000000000000000000),
 ( 1.000000000000000000, 0.8011594390344727312, 1.000000000000000000),
 ( 1.000000000000000000, 0.8211072828554970560, 1.000000000000000000),
 ( 1.000000000000000000, 0.8721878404356024905, 1.000000000000000000),
 ( 1.000000000000000000, 0.9023595930343075722, 1.000000000000000000),
 ( 1.000000000000000000, 0.9756697712766789765, 1.000000000000000000),
 ( 1.000000000000000000, 1.001369084523709541, 1.000000000000000000),
 ( 1.000000000000000000, 1.000000000000000000, 1.000000000000000000) ) ) 
 REPRESENTATION_ITEM ( '' )  SURFACE ( )  );
#5183 =( LENGTH_UNIT ( ) NAMED_UNIT ( * ) SI_UNIT ( $, .METRE. ) );
#5184 = AXIS2_PLACEMENT_3D ( 'NONE', #4118, #5933, #3581 ) ;
#5185 = ORIENTED_EDGE ( 'NONE', *, *, #2500, .T. ) ;
#5186 = DIRECTION ( 'NONE',  ( 0.000000000000000000, 1.000000000000000000, 0.000000000000000000 ) ) ;
#5187 = CARTESIAN_POINT ( 'NONE',  ( -0.2505326739620307164, 0.2459285824720040814, -0.4534870628589507957 ) ) ;
#5188 = CARTESIAN_POINT ( 'NONE',  ( 0.4507874015748030150, 0.3917322834645668994, 0.2185039370078739329 ) ) ;
#5189 = FACE_OUTER_BOUND ( 'NONE', #1060, .T. ) ;
#5190 = CARTESIAN_POINT ( 'NONE',  ( -0.3125855854650434473, 0.2689655734781261631, 0.4466485775910273848 ) ) ;
#5191 = PLANE ( 'NONE',  #6285 ) ;
#5192 = VECTOR ( 'NONE', #1719, 39.37007874015748143 ) ;
#5193 = AXIS2_PLACEMENT_3D ( 'NONE', #4634, #847, #1473 ) ;
#5194 = EDGE_LOOP ( 'NONE', ( #6624, #3351, #6327, #5563 ) ) ;
#5195 = ORIENTED_EDGE ( 'NONE', *, *, #6449, .T. ) ;
#5196 = EDGE_LOOP ( 'NONE', ( #3753, #4978, #1335, #1568 ) ) ;
#5197 = DIRECTION ( 'NONE',  ( 0.000000000000000000, 0.000000000000000000, -1.000000000000000000 ) ) ;
#5198 = DIRECTION ( 'NONE',  ( -1.000000000000000000, 3.396661351562978405E-15, 1.141265444721584004E-16 ) ) ;
#5199 = AXIS2_PLACEMENT_3D ( 'NONE', #1757, #3481, #5419 ) ;
#5200 = LINE ( 'NONE', #624, #3521 ) ;
#5201 = CARTESIAN_POINT ( 'NONE',  ( -0.02972440944881905162, 0.000000000000000000, 0.000000000000000000 ) ) ;
#5202 = DIRECTION ( 'NONE',  ( 0.3703889868387169604, -0.9288767401698617698, 0.000000000000000000 ) ) ;
#5203 = DIRECTION ( 'NONE',  ( 0.3703889868387169604, -0.9288767401698617698, 0.000000000000000000 ) ) ;
#5204 = ORIENTED_EDGE ( 'NONE', *, *, #367, .F. ) ;
#5205 = EDGE_CURVE ( 'NONE', #5511, #4162, #306, .T. ) ;
#5206 = ORIENTED_EDGE ( 'NONE', *, *, #5222, .T. ) ;
#5207 = DIRECTION ( 'NONE',  ( 0.000000000000000000, 1.000000000000000000, 0.000000000000000000 ) ) ;
#5208 = CARTESIAN_POINT ( 'NONE',  ( 0.4940944881889764995, 0.2023622047244093280, -0.2054993803149607612 ) ) ;
#5209 = PLANE ( 'NONE',  #2618 ) ;
#5210 = CARTESIAN_POINT ( 'NONE',  ( 0.4606299212598433113, 0.09918119350236434539, -0.03975134881889921118 ) ) ;
#5211 = ADVANCED_FACE ( 'NONE', ( #839 ), #4465, .F. ) ;
#5212 = CARTESIAN_POINT ( 'NONE',  ( 0.2783442662718036975, 0.2416535433070866601, -0.5008193920577327374 ) ) ;
#5213 = ORIENTED_EDGE ( 'NONE', *, *, #2501, .F. ) ;
#5214 = ADVANCED_FACE ( 'NONE', ( #6120 ), #7300, .T. ) ;
#5215 = EDGE_CURVE ( 'NONE', #6726, #6706, #5559, .T. ) ;
#5216 = APPLICATION_CONTEXT ( 'automotive_design' ) ;
#5217 = ORIENTED_EDGE ( 'NONE', *, *, #641, .T. ) ;
#5218 = DIRECTION ( 'NONE',  ( -0.000000000000000000, 1.000000000000000000, -0.000000000000000000 ) ) ;
#5219 = ORIENTED_EDGE ( 'NONE', *, *, #4240, .T. ) ;
#5220 = EDGE_CURVE ( 'NONE', #3951, #6928, #3739, .T. ) ;
#5221 = CARTESIAN_POINT ( 'NONE',  ( -0.3141405222626656446, 0.2716535433070866312, -0.4313914436287565324 ) ) ;
#5222 = EDGE_CURVE ( 'NONE', #4223, #976, #380, .T. ) ;
#5223 = ADVANCED_FACE ( 'NONE', ( #270 ), #912, .F. ) ;
#5224 = AXIS2_PLACEMENT_3D ( 'NONE', #6427, #471, #2084 ) ;
#5225 = ORIENTED_EDGE ( 'NONE', *, *, #3862, .F. ) ;
#5226 = AXIS2_PLACEMENT_3D ( 'NONE', #4969, #3298, #5617 ) ;
#5227 = DIRECTION ( 'NONE',  ( 1.000000000000000000, 3.396661351562978405E-15, 1.141265444721584004E-16 ) ) ;
#5228 = LINE ( 'NONE', #1777, #2672 ) ;
#5229 = DIRECTION ( 'NONE',  ( 0.000000000000000000, -1.000000000000000000, -7.661286097916305006E-43 ) ) ;
#5230 = CARTESIAN_POINT ( 'NONE',  ( 0.1596456692913385822, 0.3817310283777238245, 0.02959164507998793270 ) ) ;
#5231 = CARTESIAN_POINT ( 'NONE',  ( -0.4879966628509019855, 0.04387261478901692546, -0.03975134881889921118 ) ) ;
#5232 = CIRCLE ( 'NONE', #4990, 0.03000000000000000930 ) ;
#5233 = ORIENTED_EDGE ( 'NONE', *, *, #360, .T. ) ;
#5234 = ORIENTED_EDGE ( 'NONE', *, *, #1055, .F. ) ;
#5235 = ORIENTED_EDGE ( 'NONE', *, *, #5403, .T. ) ;
#5236 = CARTESIAN_POINT ( 'NONE',  ( 0.4507874015748030150, 0.3917322834645668994, 0.2480314960629921017 ) ) ;
#5237 = CARTESIAN_POINT ( 'NONE',  ( -0.4193062885808970797, 0.2716535433070866312, 0.08999999999999998279 ) ) ;
#5238 = VECTOR ( 'NONE', #711, 39.37007874015748143 ) ;
#5239 = DIRECTION ( 'NONE',  ( -1.000000000000000000, 0.000000000000000000, 0.000000000000000000 ) ) ;
#5240 = CARTESIAN_POINT ( 'NONE',  ( 0.4752772192324700717, 0.04917272174909721044, -0.03975134881889921118 ) ) ;
#5241 = VECTOR ( 'NONE', #5885, 39.37007874015748143 ) ;
#5242 = DIRECTION ( 'NONE',  ( -1.000000000000000000, 0.000000000000000000, 0.000000000000000000 ) ) ;
#5243 = VERTEX_POINT ( 'NONE', #5600 ) ;
#5244 = VECTOR ( 'NONE', #2637, 39.37007874015748143 ) ;
#5245 = ORIENTED_EDGE ( 'NONE', *, *, #4718, .T. ) ;
#5246 = LINE ( 'NONE', #984, #4618 ) ;
#5247 = DIRECTION ( 'NONE',  ( -1.000000000000000000, -3.491481338843132961E-15, -1.141265444721584004E-16 ) ) ;
#5248 = DIRECTION ( 'NONE',  ( 1.000000000000000000, -1.796677885833123482E-14, 0.000000000000000000 ) ) ;
#5249 = ORIENTED_EDGE ( 'NONE', *, *, #3167, .T. ) ;
#5250 = FACE_BOUND ( 'NONE', #6077, .T. ) ;
#5251 = EDGE_LOOP ( 'NONE', ( #4880, #7402, #675, #3617 ) ) ;
#5252 = EDGE_CURVE ( 'NONE', #697, #7261, #7225, .T. ) ;
#5253 = FACE_BOUND ( 'NONE', #7386, .T. ) ;
#5254 = CIRCLE ( 'NONE', #7042, 0.03090551181102362682 ) ;
#5255 = EDGE_CURVE ( 'NONE', #5604, #7315, #6060, .T. ) ;
#5256 = ORIENTED_EDGE ( 'NONE', *, *, #6813, .F. ) ;
#5257 = DIRECTION ( 'NONE',  ( 1.000000000000000000, 0.000000000000000000, 0.000000000000000000 ) ) ;
#5258 = ADVANCED_FACE ( 'NONE', ( #4395 ), #5138, .T. ) ;
#5259 = LINE ( 'NONE', #766, #3406 ) ;
#5260 = ADVANCED_FACE ( 'NONE', ( #671 ), #712, .F. ) ;
#5261 = DIRECTION ( 'NONE',  ( 0.000000000000000000, -1.000000000000000000, 0.000000000000000000 ) ) ;
#5262 = CARTESIAN_POINT ( 'NONE',  ( -0.3484251968503935815, 0.3015748031496062187, -0.4035433070866146221 ) ) ;
#5263 = VECTOR ( 'NONE', #5275, 39.37007874015748143 ) ;
#5264 = VECTOR ( 'NONE', #1440, 39.37007874015748143 ) ;
#5265 = ORIENTED_EDGE ( 'NONE', *, *, #6616, .F. ) ;
#5266 = ORIENTED_EDGE ( 'NONE', *, *, #4609, .F. ) ;
#5267 = ADVANCED_FACE ( 'NONE', ( #1061 ), #5321, .F. ) ;
#5268 = ORIENTED_EDGE ( 'NONE', *, *, #5403, .F. ) ;
#5269 = DIRECTION ( 'NONE',  ( -0.9230681940233449456, -0.3846363336743952033, 0.000000000000000000 ) ) ;
#5270 = DIRECTION ( 'NONE',  ( 1.000000000000000000, 0.000000000000000000, -0.000000000000000000 ) ) ;
#5271 = CARTESIAN_POINT ( 'NONE',  ( -0.1596456692913385822, 0.3917324959044880539, 0.05623699386691865393 ) ) ;
#5272 = VECTOR ( 'NONE', #6712, 39.37007874015748143 ) ;
#5273 = LINE ( 'NONE', #4674, #2743 ) ;
#5274 = PLANE ( 'NONE',  #5669 ) ;
#5275 = DIRECTION ( 'NONE',  ( 0.000000000000000000, -1.000000000000000000, -7.661286097916305006E-43 ) ) ;
#5276 = CIRCLE ( 'NONE', #5768, 0.6496062992125984925 ) ;
#5277 = VECTOR ( 'NONE', #5067, 39.37007874015748143 ) ;
#5278 = ORIENTED_EDGE ( 'NONE', *, *, #6945, .F. ) ;
#5279 = ORIENTED_EDGE ( 'NONE', *, *, #1326, .F. ) ;
#5280 = CARTESIAN_POINT ( 'NONE',  ( -0.4704724409448826083, 0.1102362204724409017, 0.2185039370078737664 ) ) ;
#5281 = CARTESIAN_POINT ( 'NONE',  ( 0.3701181102362202102, 0.000000000000000000, 0.09000000000000001055 ) ) ;
#5282 = PLANE ( 'NONE',  #198 ) ;
#5283 = CYLINDRICAL_SURFACE ( 'NONE', #2101, 0.08500000000000004774 ) ;
#5284 = DIRECTION ( 'NONE',  ( -1.000000000000000000, 0.000000000000000000, 0.000000000000000000 ) ) ;
#5285 = CIRCLE ( 'NONE', #6835, 0.01574803149606296415 ) ;
#5286 = EDGE_LOOP ( 'NONE', ( #5052, #4925, #5439, #1611 ) ) ;
#5287 = ORIENTED_EDGE ( 'NONE', *, *, #4572, .F. ) ;
#5288 = CARTESIAN_POINT ( 'NONE',  ( 0.2403543307086613845, 0.3015748031496062187, -0.09663724781254488805 ) ) ;
#5289 = AXIS2_PLACEMENT_3D ( 'NONE', #3519, #6984, #5699 ) ;
#5290 = ORIENTED_EDGE ( 'NONE', *, *, #6996, .F. ) ;
#5291 = CARTESIAN_POINT ( 'NONE',  ( -0.2965669291338584035, 0.2716535433070866312, 0.4306299212598424520 ) ) ;
#5292 = CARTESIAN_POINT ( 'NONE',  ( 0.2736405827105305999, 0.3917322834645668994, 0.4035433070866140670 ) ) ;
#5293 = ADVANCED_FACE ( 'NONE', ( #6787 ), #3391, .F. ) ;
#5294 = ORIENTED_EDGE ( 'NONE', *, *, #2020, .F. ) ;
#5295 = CARTESIAN_POINT ( 'NONE',  ( -0.2505326743371041331, 0.2416535433070866601, -0.4534870641169853056 ) ) ;
#5296 = CARTESIAN_POINT ( 'NONE',  ( 0.2248110124664194909, 0.2716535433070866312, -0.4006299212598424808 ) ) ;
#5297 = FACE_OUTER_BOUND ( 'NONE', #7192, .T. ) ;
#5298 = LINE ( 'NONE', #2910, #4302 ) ;
#5299 = DIRECTION ( 'NONE',  ( 0.000000000000000000, 0.000000000000000000, 1.000000000000000000 ) ) ;
#5300 = ADVANCED_FACE ( 'NONE', ( #7413, #5065 ), #4142, .T. ) ;
#5301 = AXIS2_PLACEMENT_3D ( 'NONE', #6518, #2499, #1351 ) ;
#5302 = EDGE_LOOP ( 'NONE', ( #2516, #1865, #3767, #4303 ) ) ;
#5303 = EDGE_CURVE ( 'NONE', #5464, #6353, #810, .T. ) ;
#5304 = EDGE_CURVE ( 'NONE', #4409, #6734, #103, .T. ) ;
#5305 = ORIENTED_EDGE ( 'NONE', *, *, #1109, .T. ) ;
#5306 = EDGE_LOOP ( 'NONE', ( #4378, #2379, #3060, #4597 ) ) ;
#5307 = CARTESIAN_POINT ( 'NONE',  ( -0.3980708661417322602, 0.02000000000000002470, -0.05118110236220477227 ) ) ;
#5308 = PLANE ( 'NONE',  #170 ) ;
#5309 = PLANE ( 'NONE',  #7243 ) ;
#5310 = CARTESIAN_POINT ( 'NONE',  ( -0.4704724409448826639, 0.1102362204724409017, -0.3799212598425197318 ) ) ;
#5311 = AXIS2_PLACEMENT_3D ( 'NONE', #1824, #6296, #7434 ) ;
#5312 = CARTESIAN_POINT ( 'NONE',  ( -0.1594488188976377896, 0.4015748031496062520, -0.06045746635706854971 ) ) ;
#5313 = AXIS2_PLACEMENT_3D ( 'NONE', #6387, #7020, #3025 ) ;
#5314 = DIRECTION ( 'NONE',  ( 3.396661351562978405E-15, -1.000000000000000000, 0.000000000000000000 ) ) ;
#5315 = EDGE_CURVE ( 'NONE', #715, #7230, #447, .T. ) ;
#5316 = ORIENTED_EDGE ( 'NONE', *, *, #1961, .F. ) ;
#5317 = AXIS2_PLACEMENT_3D ( 'NONE', #4182, #5431, #2564 ) ;
#5318 = ORIENTED_EDGE ( 'NONE', *, *, #3636, .T. ) ;
#5319 = CARTESIAN_POINT ( 'NONE',  ( 0.2248110124664194631, 0.2716535433070866312, 0.4006299212598424808 ) ) ;
#5320 = PLANE ( 'NONE',  #824 ) ;
#5321 = CYLINDRICAL_SURFACE ( 'NONE', #6699, 0.2009961834654618584 ) ;
#5322 = CARTESIAN_POINT ( 'NONE',  ( 0.4704724409448826639, 0.1102362204724409017, -0.3799212598425197318 ) ) ;
#5323 = DIRECTION ( 'NONE',  ( -1.000000000000000000, -0.000000000000000000, -0.000000000000000000 ) ) ;
#5324 = AXIS2_PLACEMENT_3D ( 'NONE', #6131, #7346, #4521 ) ;
#5325 = CARTESIAN_POINT ( 'NONE',  ( 0.1596456692913385822, 0.3119216344114207340, -0.09470939223419565234 ) ) ;
#5326 = EDGE_LOOP ( 'NONE', ( #1996, #2, #873, #3104 ) ) ;
#5327 = ORIENTED_EDGE ( 'NONE', *, *, #4095, .T. ) ;
#5328 = PRODUCT_DEFINITION_FORMATION_WITH_SPECIFIED_SOURCE ( 'ANY', '', #852, .NOT_KNOWN. ) ;
#5329 = DIRECTION ( 'NONE',  ( 0.000000000000000000, 0.000000000000000000, 1.000000000000000000 ) ) ;
#5330 = ORIENTED_EDGE ( 'NONE', *, *, #4696, .F. ) ;
#5331 = CARTESIAN_POINT ( 'NONE',  ( -0.1852894570754551329, 0.2716535433070866312, 0.4369964501729349249 ) ) ;
#5332 = CARTESIAN_POINT ( 'NONE',  ( 0.1999999999999999833, 0.3114173228346456268, -0.1279527559055120278 ) ) ;
#5333 = FACE_OUTER_BOUND ( 'NONE', #1039, .T. ) ;
#5334 = CARTESIAN_POINT ( 'NONE',  ( -0.2601158228121032145, 0.2716535433070866312, -0.4606299212598424786 ) ) ;
#5335 = FACE_OUTER_BOUND ( 'NONE', #3294, .T. ) ;
#5336 = B_SPLINE_CURVE_WITH_KNOTS ( 'NONE', 3,
 ( #2814, #6256, #23, #2364, #3478, #524, #5774, #6949, #6390, #1786 ),
 .UNSPECIFIED., .F., .F.,
 ( 4, 2, 2, 2, 4 ),
 ( 0.000000000000000000, 0.0003074975629519737744, 0.0006149951259039475489, 0.0009224926888559213233, 0.001229990251807895098 ),
 .UNSPECIFIED. ) ;
#5337 = EDGE_CURVE ( 'NONE', #3540, #1000, #4672, .T. ) ;
#5338 = VECTOR ( 'NONE', #6248, 39.37007874015748143 ) ;
#5339 = ORIENTED_EDGE ( 'NONE', *, *, #5019, .F. ) ;
#5340 = AXIS2_PLACEMENT_3D ( 'NONE', #4749, #2520, #1866 ) ;
#5341 = SHAPE_REPRESENTATION_RELATIONSHIP ( 'NONE' , 'NONE' ,  #7423, #4459 ) ;
#5342 = ORIENTED_EDGE ( 'NONE', *, *, #4656, .F. ) ;
#5343 = CARTESIAN_POINT ( 'NONE',  ( -0.2601158228121032145, 0.2416535433070866601, 0.4506299212598424697 ) ) ;
#5344 = VECTOR ( 'NONE', #4354, 39.37007874015748143 ) ;
#5345 = DIRECTION ( 'NONE',  ( 1.000000000000000000, 0.000000000000000000, 0.000000000000000000 ) ) ;
#5346 = DIRECTION ( 'NONE',  ( -1.141265444721584004E-16, 0.000000000000000000, -1.000000000000000000 ) ) ;
#5347 = DIRECTION ( 'NONE',  ( -2.376534111578445229E-15, 1.000000000000000000, 2.047436161103815492E-15 ) ) ;
#5348 = CARTESIAN_POINT ( 'NONE',  ( 0.3487518205591552123, 0.2716535433070866312, 0.3788699307953760642 ) ) ;
#5349 = EDGE_CURVE ( 'NONE', #4847, #6736, #5756, .T. ) ;
#5350 = DIRECTION ( 'NONE',  ( -0.4999999999999943934, 5.848646723535903236E-16, -0.8660254037844418162 ) ) ;
#5351 = ORIENTED_EDGE ( 'NONE', *, *, #4617, .T. ) ;
#5352 = AXIS2_PLACEMENT_3D ( 'NONE', #3977, #6797, #4044 ) ;
#5353 = ORIENTED_EDGE ( 'NONE', *, *, #5215, .F. ) ;
#5354 = LINE ( 'NONE', #172, #6691 ) ;
#5355 = EDGE_CURVE ( 'NONE', #6873, #3994, #2229, .T. ) ;
#5356 = CARTESIAN_POINT ( 'NONE',  ( 0.4291338582677163838, 0.3917322834645668994, -0.3799212598425196763 ) ) ;
#5357 = AXIS2_PLACEMENT_3D ( 'NONE', #496, #5097, #5707 ) ;
#5358 = DIRECTION ( 'NONE',  ( -0.000000000000000000, 0.000000000000000000, -1.000000000000000000 ) ) ;
#5359 = LINE ( 'NONE', #789, #1962 ) ;
#5360 = DIRECTION ( 'NONE',  ( -1.000000000000000000, -0.000000000000000000, -0.000000000000000000 ) ) ;
#5361 = ADVANCED_FACE ( 'NONE', ( #3318 ), #5282, .F. ) ;
#5362 = PLANE ( 'NONE',  #1494 ) ;
#5363 = CARTESIAN_POINT ( 'NONE',  ( 0.2403543307086613845, 0.3153543307086614234, -0.09663724781254488805 ) ) ;
#5364 = ORIENTED_EDGE ( 'NONE', *, *, #177, .T. ) ;
#5365 = ORIENTED_EDGE ( 'NONE', *, *, #4846, .F. ) ;
#5366 = EDGE_CURVE ( 'NONE', #5422, #5509, #4719, .T. ) ;
#5367 = CARTESIAN_POINT ( 'NONE',  ( -0.4940944881889764995, 0.2023622047244093280, -0.2054993803149607612 ) ) ;
#5368 = VERTEX_POINT ( 'NONE', #7211 ) ;
#5369 = AXIS2_PLACEMENT_3D ( 'NONE', #3062, #1930, #4243 ) ;
#5370 = CARTESIAN_POINT ( 'NONE',  ( -0.2965669291338584035, 0.2716535433070866312, 0.4306299212598424520 ) ) ;
#5371 = LINE ( 'NONE', #189, #4864 ) ;
#5372 = DIRECTION ( 'NONE',  ( -1.000000000000000000, 0.000000000000000000, 1.652117596168386770E-15 ) ) ;
#5373 = VECTOR ( 'NONE', #4543, 39.37007874015748143 ) ;
#5374 = ORIENTED_EDGE ( 'NONE', *, *, #50, .F. ) ;
#5375 = CARTESIAN_POINT ( 'NONE',  ( 0.4606299212598424786, 0.3818897637795274913, 0.2185039370078740717 ) ) ;
#5376 = LINE ( 'NONE', #2982, #1469 ) ;
#5377 = CARTESIAN_POINT ( 'NONE',  ( -0.3484251968503935815, 0.3917322834645668994, -0.3799212598425196763 ) ) ;
#5378 = DIRECTION ( 'NONE',  ( 3.188626069577461471E-15, 1.000000000000000000, 6.408516294314084387E-16 ) ) ;
#5379 = VECTOR ( 'NONE', #7354, 39.37007874015748143 ) ;
#5380 = EDGE_LOOP ( 'NONE', ( #372, #5045, #5235, #3878 ) ) ;
#5381 = PRODUCT_DEFINITION ( 'UNKNOWN', '', #618, #6311 ) ;
#5382 = VERTEX_POINT ( 'NONE', #2628 ) ;
#5383 = CYLINDRICAL_SURFACE ( 'NONE', #6434, 0.3998425196850393659 ) ;
#5384 = CARTESIAN_POINT ( 'NONE',  ( 0.2403543307086613845, 0.3917324950803335870, 0.05623699102971183028 ) ) ;
#5385 = DIRECTION ( 'NONE',  ( -0.8660254037844388186, 2.345220000633477127E-31, -0.4999999999999997224 ) ) ;
#5386 = DIMENSIONAL_EXPONENTS ( 1.000000000000000000, 0.000000000000000000, 0.000000000000000000, 0.000000000000000000, 0.000000000000000000, 0.000000000000000000, 0.000000000000000000 ) ;
#5387 = DIRECTION ( 'NONE',  ( 0.000000000000000000, 1.000000000000000000, 7.661286097916305006E-43 ) ) ;
#5388 = VECTOR ( 'NONE', #561, 39.37007874015748143 ) ;
#5389 = CARTESIAN_POINT ( 'NONE',  ( 0.4879966628509019855, 0.04387261478901692546, -0.03975134881889921118 ) ) ;
#5390 = ORIENTED_EDGE ( 'NONE', *, *, #2973, .F. ) ;
#5391 = DIRECTION ( 'NONE',  ( -1.000000000000000000, 0.000000000000000000, 0.000000000000000000 ) ) ;
#5392 = AXIS2_PLACEMENT_3D ( 'NONE', #3355, #5642, #1702 ) ;
#5393 = EDGE_CURVE ( 'NONE', #4067, #610, #5147, .T. ) ;
#5394 = VERTEX_POINT ( 'NONE', #2487 ) ;
#5395 = DIRECTION ( 'NONE',  ( 1.000000000000000000, -0.000000000000000000, -0.000000000000000000 ) ) ;
#5396 = FACE_OUTER_BOUND ( 'NONE', #5491, .T. ) ;
#5397 = CYLINDRICAL_SURFACE ( 'NONE', #4351, 0.003937007874015724558 ) ;
#5398 = DIRECTION ( 'NONE',  ( 1.000000000000000000, -0.000000000000000000, -0.000000000000000000 ) ) ;
#5399 = EDGE_CURVE ( 'NONE', #3790, #5693, #4259, .T. ) ;
#5400 = AXIS2_PLACEMENT_3D ( 'NONE', #337, #797, #4265 ) ;
#5401 = EDGE_CURVE ( 'NONE', #3602, #1571, #7063, .T. ) ;
#5402 = ORIENTED_EDGE ( 'NONE', *, *, #1276, .F. ) ;
#5403 = EDGE_CURVE ( 'NONE', #4649, #1460, #6107, .T. ) ;
#5404 = PLANE ( 'NONE',  #2380 ) ;
#5405 = VERTEX_POINT ( 'NONE', #4298 ) ;
#5406 = CARTESIAN_POINT ( 'NONE',  ( -0.1898402593067079203, 0.2609261685198097092, 0.4539431922519642781 ) ) ;
#5407 = CARTESIAN_POINT ( 'NONE',  ( -0.4725173040131662727, 0.03231368565854034897, -0.03975134881889921118 ) ) ;
#5408 = EDGE_CURVE ( 'NONE', #108, #1918, #2854, .T. ) ;
#5409 = LINE ( 'NONE', #4839, #6647 ) ;
#5410 = CYLINDRICAL_SURFACE ( 'NONE', #4905, 0.07874015748031489015 ) ;
#5411 = DIRECTION ( 'NONE',  ( -1.000000000000000000, -0.000000000000000000, -0.000000000000000000 ) ) ;
#5412 = ORIENTED_EDGE ( 'NONE', *, *, #5130, .T. ) ;
#5413 =( LENGTH_UNIT ( ) NAMED_UNIT ( * ) SI_UNIT ( $, .METRE. ) );
#5414 = VERTEX_POINT ( 'NONE', #3684 ) ;
#5415 = FACE_OUTER_BOUND ( 'NONE', #7330, .T. ) ;
#5416 = DIRECTION ( 'NONE',  ( 0.9230681940233448346, -0.3846363336743951478, 0.000000000000000000 ) ) ;
#5417 = CIRCLE ( 'NONE', #1674, 0.03090551181102363376 ) ;
#5418 = DIRECTION ( 'NONE',  ( 0.000000000000000000, 1.000000000000000000, 7.661286097916305006E-43 ) ) ;
#5419 = DIRECTION ( 'NONE',  ( 0.3703889868387169604, 0.9288767401698617698, 0.000000000000000000 ) ) ;
#5420 = CARTESIAN_POINT ( 'NONE',  ( 0.4803149606299223495, 0.1102362204724409295, 0.2185039370078739329 ) ) ;
#5421 = CARTESIAN_POINT ( 'NONE',  ( 0.2440578170120948631, 0.4015748031496062520, 0.3977748727163932796 ) ) ;
#5422 = VERTEX_POINT ( 'NONE', #1982 ) ;
#5423 =( BOUNDED_SURFACE ( )  B_SPLINE_SURFACE ( 3, 2, ( 
 ( #6075, #6663, #2067 ),
 ( #906, #1537, #3839 ),
 ( #6150, #3195, #4945 ),
 ( #1498, #982, #3270 ),
 ( #412, #5017, #2790 ),
 ( #2865, #4608, #6225 ),
 ( #4502, #1616, #4034 ),
 ( #5748, #2744, #3960 ),
 ( #6337, #5057, #34 ),
 ( #3918, #3425, #2264 ),
 ( #7328, #4577, #601 ),
 ( #6889, #1052, #6856 ),
 ( #2340, #2894, #2300 ),
 ( #1165, #5174, #2826 ) ),
 .UNSPECIFIED., .F., .F., .F. ) 
 B_SPLINE_SURFACE_WITH_KNOTS ( ( 4, 2, 2, 2, 2, 2, 4 ),
 ( 3, 3 ),
 ( 6.283185307179586232, 6.479534848028948524, 6.675884388878310816, 6.872233929727672219, 7.068583470577034511, 7.461282552275758206, 7.853981633974482790 ),
 ( 0.000000000000000000, 1.000000000000000000 ),
 .UNSPECIFIED. ) 
 GEOMETRIC_REPRESENTATION_ITEM ( )  RATIONAL_B_SPLINE_SURFACE ( (
 ( 1.000000000000000000, 0.7071067811865475727, 1.000000000000000000),
 ( 1.000000000000000000, 0.7070654189578814419, 1.000000000000000000),
 ( 1.000000000000000000, 0.7117544033014339133, 1.000000000000000000),
 ( 1.000000000000000000, 0.7291204932418794415, 1.000000000000000000),
 ( 1.000000000000000000, 0.7418447528265458280, 1.000000000000000000),
 ( 1.000000000000000000, 0.7723854868706525600, 1.000000000000000000),
 ( 1.000000000000000000, 0.7902278378238567491, 1.000000000000000000),
 ( 1.000000000000000000, 0.8275844404194830917, 1.000000000000000000),
 ( 1.000000000000000000, 0.8471387199799684797, 1.000000000000000000),
 ( 1.000000000000000000, 0.9037987713933705036, 1.000000000000000000),
 ( 1.000000000000000000, 0.9386610951353284715, 1.000000000000000000),
 ( 1.000000000000000000, 0.9867237446269827572, 1.000000000000000000),
 ( 1.000000000000000000, 1.000162669970020790, 1.000000000000000000),
 ( 1.000000000000000000, 1.000000000000000000, 1.000000000000000000) ) ) 
 REPRESENTATION_ITEM ( '' )  SURFACE ( )  );
#5424 = CARTESIAN_POINT ( 'NONE',  ( -0.3484251968503935815, 0.3917322834645668439, -0.3877952755905513804 ) ) ;
#5425 = ORIENTED_EDGE ( 'NONE', *, *, #6998, .F. ) ;
#5426 = VECTOR ( 'NONE', #110, 39.37007874015748143 ) ;
#5427 = DIRECTION ( 'NONE',  ( -0.9288767401698618809, -0.3703889868387164608, 0.000000000000000000 ) ) ;
#5428 = CARTESIAN_POINT ( 'NONE',  ( -0.4295669291338582996, 0.2716535433070866312, -0.08999999999999998279 ) ) ;
#5429 = CARTESIAN_POINT ( 'NONE',  ( -0.3484251968503935815, 0.3015748031496062187, -0.4035433070866146221 ) ) ;
#5430 = FACE_OUTER_BOUND ( 'NONE', #6822, .T. ) ;
#5431 = DIRECTION ( 'NONE',  ( 0.000000000000000000, -1.000000000000000000, -7.661286097916305006E-43 ) ) ;
#5432 = EDGE_CURVE ( 'NONE', #6306, #2622, #3041, .T. ) ;
#5433 = AXIS2_PLACEMENT_3D ( 'NONE', #4132, #4707, #3558 ) ;
#5434 = ORIENTED_EDGE ( 'NONE', *, *, #6530, .F. ) ;
#5435 = VERTEX_POINT ( 'NONE', #6581 ) ;
#5436 = CARTESIAN_POINT ( 'NONE',  ( -0.2601158228121032145, 0.000000000000000000, -0.4506299212598424697 ) ) ;
#5438 = FACE_OUTER_BOUND ( 'NONE', #6606, .T. ) ;
#5437 = STYLED_ITEM ( 'NONE', ( #3993 ), #1577 ) ;
#5439 = ORIENTED_EDGE ( 'NONE', *, *, #6577, .T. ) ;
#5440 = DIRECTION ( 'NONE',  ( -1.000000000000000000, 0.000000000000000000, 0.000000000000000000 ) ) ;
#5441 = EDGE_CURVE ( 'NONE', #6306, #4495, #6509, .T. ) ;
#5442 = EDGE_CURVE ( 'NONE', #138, #3166, #6027, .T. ) ;
#5444 = EDGE_LOOP ( 'NONE', ( #4867, #7059, #2690, #4648, #7182, #3575, #2945, #1646, #4486, #7430, #7010, #210, #646, #1900, #5034, #7035 ) ) ;
#5443 = STYLED_ITEM ( 'NONE', ( #4438 ), #4816 ) ;
#5445 = FACE_OUTER_BOUND ( 'NONE', #5286, .T. ) ;
#5446 = EDGE_CURVE ( 'NONE', #6820, #4911, #179, .T. ) ;
#5447 = EDGE_LOOP ( 'NONE', ( #7133, #6775, #3666, #2527 ) ) ;
#5448 = DIRECTION ( 'NONE',  ( 0.000000000000000000, 0.000000000000000000, -1.000000000000000000 ) ) ;
#5449 = CARTESIAN_POINT ( 'NONE',  ( -0.4911417322834640831, 0.3818897637795276023, 0.2766265343339150973 ) ) ;
#5450 = DIRECTION ( 'NONE',  ( -0.9230681940233448346, -0.3846363336743950367, 0.000000000000000000 ) ) ;
#5451 = EDGE_CURVE ( 'NONE', #4021, #6119, #3148, .T. ) ;
#5452 = ADVANCED_FACE ( 'NONE', ( #751 ), #4863, .T. ) ;
#5453 = ORIENTED_EDGE ( 'NONE', *, *, #2670, .F. ) ;
#5454 = ORIENTED_EDGE ( 'NONE', *, *, #4484, .F. ) ;
#5455 = CARTESIAN_POINT ( 'NONE',  ( 0.3487518205591554898, 0.2516535433070866690, -0.08999999999999956646 ) ) ;
#5456 = DIRECTION ( 'NONE',  ( 0.000000000000000000, -1.000000000000000000, -7.661286097916305006E-43 ) ) ;
#5457 = PLANE ( 'NONE',  #2538 ) ;
#5458 = DIRECTION ( 'NONE',  ( -0.000000000000000000, -1.000000000000000000, -7.661286097916305006E-43 ) ) ;
#5459 = CLOSED_SHELL ( 'NONE', ( #169, #4988, #1222, #518, #4582, #6442, #6211, #40, #6618, #5721, #1150, #1372, #4873, #6543, #2266, #5817, #5645, #6040, #4010, #3858, #908, #6986, #3624, #691, #2701, #5267, #4290, #7034, #5688, #3255, #6806, #5361, #2890, #563, #5819, #5636, #7033, #2546, #1241, #2298, #3578, #4107, #3626, #5532, #4840, #7395, #4386, #6584, #2809, #5861, #5859, #3807, #1882, #5575, #7362, #5170, #2742, #6899, #5452, #7112, #7256, #744, #2310, #4242, #5773, #4620, #4250, #1415, #796, #5587, #1821, #3680, #6495, #3638, #6757, #1283, #6770, #7349, #1601, #6132, #1231, #2763, #3022, #7123, #2656, #2842, #1657, #5527, #6944, #3304, #598, #4796, #6906, #5784, #89, #1742, #3302, #45, #4193, #71, #4752, #5293, #2899, #2897, #3905, #6860, #1881, #2407, #3963, #2540, #1186, #838, #5825, #2584, #2202, #3163, #7214, #4278, #6749, #6587, #7207, #1450, #2979, #833, #4613, #2664, #3312, #5300, #3360, #7293, #6391, #1781, #5214, #1738, #4042, #1921, #7267, #6582, #2580, #6278, #3216, #3084, #373, #5129, #7078, #5223, #3218, #5260, #1732, #735, #6724, #4289, #277, #5498, #4520, #1740, #5546, #5211, #1005, #2394, #1411, #559, #3169, #91, #4375, #4838, #6078, #6715, #6895, #1467, #3817, #3479 ) ) ;
#5460 = VERTEX_POINT ( 'NONE', #3606 ) ;
#5461 = ORIENTED_EDGE ( 'NONE', *, *, #3535, .T. ) ;
#5462 = CIRCLE ( 'NONE', #4017, 0.009842519685039583313 ) ;
#5463 = CARTESIAN_POINT ( 'NONE',  ( 0.2120637066065089171, 0.2716535433070866312, -0.4482035143886496931 ) ) ;
#5464 = VERTEX_POINT ( 'NONE', #1412 ) ;
#5465 = LINE ( 'NONE', #1526, #1157 ) ;
#5466 = CARTESIAN_POINT ( 'NONE',  ( -0.4291338582677163838, 0.4015748031496062520, -0.3799212598425196763 ) ) ;
#5467 = AXIS2_PLACEMENT_3D ( 'NONE', #4810, #3595, #3671 ) ;
#5468 = CARTESIAN_POINT ( 'NONE',  ( 0.2440578170120948631, 0.3917322834645668994, 0.3977748727163932796 ) ) ;
#5469 = DIRECTION ( 'NONE',  ( 3.338476886082544684E-15, -1.000000000000000000, 0.000000000000000000 ) ) ;
#5470 = CARTESIAN_POINT ( 'NONE',  ( -0.02972440944881905162, 0.2516535433070866690, 9.705473735494732134E-31 ) ) ;
#5471 = EDGE_LOOP ( 'NONE', ( #5461, #2307, #4789, #7222 ) ) ;
#5472 = VECTOR ( 'NONE', #1474, 39.37007874015748143 ) ;
#5473 = CARTESIAN_POINT ( 'NONE',  ( 0.4507874015748030150, 0.4015748031496062520, 0.2185039370078739884 ) ) ;
#5474 = AXIS2_PLACEMENT_3D ( 'NONE', #5927, #4145, #673 ) ;
#5475 = EDGE_LOOP ( 'NONE', ( #7367, #5879, #3397, #6782 ) ) ;
#5476 = DIRECTION ( 'NONE',  ( -0.000000000000000000, -1.000000000000000000, -7.661286097916305006E-43 ) ) ;
#5477 = ORIENTED_EDGE ( 'NONE', *, *, #7041, .T. ) ;
#5478 = UNCERTAINTY_MEASURE_WITH_UNIT (LENGTH_MEASURE( 1.000000000000000082E-05 ), #1481, 'distance_accuracy_value', 'NONE');
#5479 = CARTESIAN_POINT ( 'NONE',  ( -0.4507874015748029595, 0.3917322834645668994, -0.3799212598425195653 ) ) ;
#5480 = ORIENTED_EDGE ( 'NONE', *, *, #4667, .T. ) ;
#5481 = EDGE_CURVE ( 'NONE', #2867, #5519, #790, .T. ) ;
#5482 = DIRECTION ( 'NONE',  ( 0.3703889868387169604, 0.9288767401698617698, 0.000000000000000000 ) ) ;
#5483 = ORIENTED_EDGE ( 'NONE', *, *, #7384, .T. ) ;
#5484 = CARTESIAN_POINT ( 'NONE',  ( 0.3484251968503935815, 0.3858267716535432323, -0.3877952755905513804 ) ) ;
#5485 = LINE ( 'NONE', #7115, #5873 ) ;
#5486 = CARTESIAN_POINT ( 'NONE',  ( 0.4507874015748029595, 0.3818897637795276023, -0.3799212598425195653 ) ) ;
#5487 = EDGE_CURVE ( 'NONE', #1307, #4571, #2238, .T. ) ;
#5488 = EDGE_LOOP ( 'NONE', ( #1172, #3750, #6977, #2126 ) ) ;
#5489 =( NAMED_UNIT ( * ) SI_UNIT ( $, .STERADIAN. ) SOLID_ANGLE_UNIT ( ) );
#5490 = EDGE_CURVE ( 'NONE', #6772, #2828, #4551, .T. ) ;
#5491 = EDGE_LOOP ( 'NONE', ( #4113, #2771, #3272, #6682 ) ) ;
#5492 = EDGE_CURVE ( 'NONE', #4135, #1093, #3323, .T. ) ;
#5493 = DIRECTION ( 'NONE',  ( 0.000000000000000000, 0.000000000000000000, 1.000000000000000000 ) ) ;
#5494 = CARTESIAN_POINT ( 'NONE',  ( 0.4714814016823667409, 0.03274533922123844948, -0.008845837007875591296 ) ) ;
#5495 = CARTESIAN_POINT ( 'NONE',  ( -0.3263734900923607740, 0.2455807691404415516, 0.4319215389013775774 ) ) ;
#5496 = CARTESIAN_POINT ( 'NONE',  ( 1.800958267888598696, 0.000000000000000000, 3.882189494197892854E-30 ) ) ;
#5497 = AXIS2_PLACEMENT_3D ( 'NONE', #65, #6957, #4103 ) ;
#5498 = ADVANCED_FACE ( 'NONE', ( #5993 ), #3188, .T. ) ;
#5499 = ORIENTED_EDGE ( 'NONE', *, *, #6230, .T. ) ;
#5500 = EDGE_LOOP ( 'NONE', ( #6287, #3252, #3583, #830 ) ) ;
#5501 = CARTESIAN_POINT ( 'NONE',  ( 0.2087340609205521613, 0.2416535433070866601, -0.4606299212598424786 ) ) ;
#5502 = ORIENTED_EDGE ( 'NONE', *, *, #2062, .T. ) ;
#5503 = CARTESIAN_POINT ( 'NONE',  ( -0.3484251968503935815, 0.4015748031496062520, -0.3799212598425196763 ) ) ;
#5504 = AXIS2_PLACEMENT_3D ( 'NONE', #2617, #3711, #6569 ) ;
#5505 = CARTESIAN_POINT ( 'NONE',  ( -0.4193062885808971352, 0.000000000000000000, -0.08999999999999998279 ) ) ;
#5506 = DIRECTION ( 'NONE',  ( -8.459571950149005536E-16, 8.280041622063673177E-43, 1.000000000000000000 ) ) ;
#5507 = CYLINDRICAL_SURFACE ( 'NONE', #4652, 0.07874015748031489015 ) ;
#5508 = VECTOR ( 'NONE', #5450, 39.37007874015748854 ) ;
#5509 = VERTEX_POINT ( 'NONE', #5429 ) ;
#5510 = VECTOR ( 'NONE', #4288, 39.37007874015748143 ) ;
#5511 = VERTEX_POINT ( 'NONE', #254 ) ;
#5512 = CARTESIAN_POINT ( 'NONE',  ( -0.2726725254360719553, 0.2716535433070866312, 0.4306299212598424520 ) ) ;
#5514 = DIRECTION ( 'NONE',  ( 1.000000000000000000, -0.000000000000000000, -0.000000000000000000 ) ) ;
#5513 = VECTOR ( 'NONE', #880, 39.37007874015748143 ) ;
#5515 = ORIENTED_EDGE ( 'NONE', *, *, #1608, .F. ) ;
#5516 = AXIS2_PLACEMENT_3D ( 'NONE', #5030, #7302, #2146 ) ;
#5517 = CARTESIAN_POINT ( 'NONE',  ( -0.2265748031496063741, 0.2716535433070866312, -0.4606299212598424786 ) ) ;
#5518 = AXIS2_PLACEMENT_3D ( 'NONE', #5178, #2936, #717 ) ;
#5519 = VERTEX_POINT ( 'NONE', #4334 ) ;
#5520 = LINE ( 'NONE', #2636, #393 ) ;
#5521 = CARTESIAN_POINT ( 'NONE',  ( -0.02972440944881905162, 0.000000000000000000, 0.000000000000000000 ) ) ;
#5522 = AXIS2_PLACEMENT_3D ( 'NONE', #896, #4450, #400 ) ;
#5523 = ORIENTED_EDGE ( 'NONE', *, *, #4237, .F. ) ;
#5524 = CARTESIAN_POINT ( 'NONE',  ( 0.4606299212598433113, 0.1102362204724408601, 5.228927800373003585E-17 ) ) ;
#5525 = CARTESIAN_POINT ( 'NONE',  ( 0.2387340609205521325, 0.000000000000000000, -0.4086683970327761317 ) ) ;
#5526 = DIRECTION ( 'NONE',  ( 0.000000000000000000, -1.000000000000000000, 0.000000000000000000 ) ) ;
#5527 = ADVANCED_FACE ( 'NONE', ( #7283 ), #4492, .T. ) ;
#5528 = ORIENTED_EDGE ( 'NONE', *, *, #3269, .T. ) ;
#5529 = ORIENTED_EDGE ( 'NONE', *, *, #1606, .F. ) ;
#5530 = PLANE ( 'NONE',  #7249 ) ;
#5531 = CARTESIAN_POINT ( 'NONE',  ( -0.1596456692913385822, 0.3153543307086614234, -0.09663724781254488805 ) ) ;
#5532 = ADVANCED_FACE ( 'NONE', ( #4414 ), #3226, .F. ) ;
#5533 = CARTESIAN_POINT ( 'NONE',  ( -0.2736405827105305999, 0.3917322834645668994, 0.4035433070866140670 ) ) ;
#5534 = DIRECTION ( 'NONE',  ( 0.000000000000000000, 0.000000000000000000, -1.000000000000000000 ) ) ;
#5535 = EDGE_CURVE ( 'NONE', #4148, #3430, #3258, .T. ) ;
#5536 = EDGE_CURVE ( 'NONE', #305, #5789, #1389, .T. ) ;
#5537 = ORIENTED_EDGE ( 'NONE', *, *, #3033, .T. ) ;
#5538 = ORIENTED_EDGE ( 'NONE', *, *, #6282, .F. ) ;
#5539 = LINE ( 'NONE', #6689, #3733 ) ;
#5540 = ORIENTED_EDGE ( 'NONE', *, *, #6486, .T. ) ;
#5541 = DIRECTION ( 'NONE',  ( 0.000000000000000000, -3.491481338843132961E-15, 1.000000000000000000 ) ) ;
#5542 = CYLINDRICAL_SURFACE ( 'NONE', #1774, 0.01377952755905510404 ) ;
#5543 = EDGE_CURVE ( 'NONE', #2549, #6339, #74, .T. ) ;
#5544 = DIRECTION ( 'NONE',  ( 0.8660254037844419273, 3.081856994139120135E-15, -0.4999999999999944489 ) ) ;
#5545 = FACE_OUTER_BOUND ( 'NONE', #6445, .T. ) ;
#5546 = ADVANCED_FACE ( 'NONE', ( #1605 ), #5578, .T. ) ;
#5547 = ORIENTED_EDGE ( 'NONE', *, *, #1638, .T. ) ;
#5548 = VECTOR ( 'NONE', #5372, 39.37007874015748143 ) ;
#5549 = VERTEX_POINT ( 'NONE', #1081 ) ;
#5550 = LINE ( 'NONE', #1495, #2971 ) ;
#5551 = EDGE_LOOP ( 'NONE', ( #4238, #2807, #2014, #5364 ) ) ;
#5552 = CYLINDRICAL_SURFACE ( 'NONE', #6541, 0.02500000000000000486 ) ;
#5553 = CIRCLE ( 'NONE', #5066, 0.01377952755905510404 ) ;
#5554 = EDGE_LOOP ( 'NONE', ( #422, #394, #2624, #5734 ) ) ;
#5555 = VECTOR ( 'NONE', #2125, 39.37007874015748143 ) ;
#5556 = LINE ( 'NONE', #2107, #5099 ) ;
#5557 = CARTESIAN_POINT ( 'NONE',  ( 0.4744094488188977388, 0.2023622047244094668, -0.2054993803149607612 ) ) ;
#5558 = ORIENTED_EDGE ( 'NONE', *, *, #3402, .T. ) ;
#5559 = LINE ( 'NONE', #1465, #4505 ) ;
#5560 = FACE_OUTER_BOUND ( 'NONE', #666, .T. ) ;
#5561 = FACE_OUTER_BOUND ( 'NONE', #5607, .T. ) ;
#5562 = DIRECTION ( 'NONE',  ( 0.000000000000000000, 1.000000000000000000, 7.661286097916305006E-43 ) ) ;
#5563 = ORIENTED_EDGE ( 'NONE', *, *, #2937, .F. ) ;
#5564 = ORIENTED_EDGE ( 'NONE', *, *, #321, .F. ) ;
#5565 = FACE_OUTER_BOUND ( 'NONE', #4264, .T. ) ;
#5566 = CARTESIAN_POINT ( 'NONE',  ( 0.3701181102362202102, 0.000000000000000000, -0.08999999999999998279 ) ) ;
#5567 = FACE_OUTER_BOUND ( 'NONE', #2989, .T. ) ;
#5568 = CARTESIAN_POINT ( 'NONE',  ( -0.3256074849995500564, 0.2494317367946986275, 0.4318883453473557066 ) ) ;
#5569 = ORIENTED_EDGE ( 'NONE', *, *, #2937, .T. ) ;
#5570 =( NAMED_UNIT ( * ) PLANE_ANGLE_UNIT ( ) SI_UNIT ( $, .RADIAN. ) );
#5571 = ORIENTED_EDGE ( 'NONE', *, *, #2662, .T. ) ;
#5572 = DIRECTION ( 'NONE',  ( 1.000000000000000000, 0.000000000000000000, 0.000000000000000000 ) ) ;
#5573 = ORIENTED_EDGE ( 'NONE', *, *, #1912, .F. ) ;
#5574 = PLANE ( 'NONE',  #1952 ) ;
#5575 = ADVANCED_FACE ( 'NONE', ( #3908 ), #6104, .T. ) ;
#5576 = DIRECTION ( 'NONE',  ( 1.000000000000000000, 0.000000000000000000, 0.000000000000000000 ) ) ;
#5577 = FACE_OUTER_BOUND ( 'NONE', #846, .T. ) ;
#5578 = PLANE ( 'NONE',  #6931 ) ;
#5579 = AXIS2_PLACEMENT_3D ( 'NONE', #6669, #3737, #1502 ) ;
#5580 = DIRECTION ( 'NONE',  ( 0.000000000000000000, -1.000000000000000000, -3.787605842744118123E-15 ) ) ;
#5581 = AXIS2_PLACEMENT_3D ( 'NONE', #4960, #6092, #2005 ) ;
#5582 = ORIENTED_EDGE ( 'NONE', *, *, #7036, .F. ) ;
#5583 = EDGE_CURVE ( 'NONE', #6396, #3230, #2214, .T. ) ;
#5584 = CIRCLE ( 'NONE', #6896, 0.2009961834654618584 ) ;
#5585 = ORIENTED_EDGE ( 'NONE', *, *, #2985, .T. ) ;
#5586 = AXIS2_PLACEMENT_3D ( 'NONE', #577, #1624, #1137 ) ;
#5587 = ADVANCED_FACE ( 'NONE', ( #7245 ), #6141, .T. ) ;
#5588 = PLANE ( 'NONE',  #6942 ) ;
#5589 = EDGE_CURVE ( 'NONE', #2837, #6930, #2699, .T. ) ;
#5590 = ORIENTED_EDGE ( 'NONE', *, *, #5950, .F. ) ;
#5591 = CARTESIAN_POINT ( 'NONE',  ( 0.2087340609205521613, 0.2416535433070866601, -0.4606299212598424786 ) ) ;
#5592 = VECTOR ( 'NONE', #5416, 39.37007874015748854 ) ;
#5593 = ORIENTED_EDGE ( 'NONE', *, *, #1791, .T. ) ;
#5594 = CARTESIAN_POINT ( 'NONE',  ( 0.4547244094488192556, 0.2023622047244094113, -0.2054993803149607612 ) ) ;
#5595 = VECTOR ( 'NONE', #3618, 39.37007874015748143 ) ;
#5596 = DIRECTION ( 'NONE',  ( 0.000000000000000000, -1.000000000000000000, -7.661286097916305006E-43 ) ) ;
#5597 = LINE ( 'NONE', #421, #5793 ) ;
#5598 = ORIENTED_EDGE ( 'NONE', *, *, #174, .T. ) ;
#5599 = CIRCLE ( 'NONE', #5124, 0.07874015748031489015 ) ;
#5600 = CARTESIAN_POINT ( 'NONE',  ( -0.4792142271064858128, 0.04917272174909721044, -0.03975134881889921118 ) ) ;
#5601 = CARTESIAN_POINT ( 'NONE',  ( -0.2505326743371041331, 0.2416535433070866601, -0.4534870641169853056 ) ) ;
#5602 = CARTESIAN_POINT ( 'NONE',  ( 0.1596456692913385822, 0.3745673898465213814, 0.01683623137732593103 ) ) ;
#5603 = APPLICATION_CONTEXT ( 'automotive_design' ) ;
#5604 = VERTEX_POINT ( 'NONE', #5090 ) ;
#5605 = AXIS2_PLACEMENT_3D ( 'NONE', #6744, #420, #6117 ) ;
#5606 = SHAPE_DEFINITION_REPRESENTATION ( #979, #798 ) ;
#5607 = EDGE_LOOP ( 'NONE', ( #2464, #6146, #568, #5073 ) ) ;
#5608 = FACE_OUTER_BOUND ( 'NONE', #1804, .T. ) ;
#5609 = DIRECTION ( 'NONE',  ( -3.081670971768523265E-15, -1.000000000000000000, 0.000000000000000000 ) ) ;
#5610 = CARTESIAN_POINT ( 'NONE',  ( 0.1594488188976377896, 0.3917322834645668994, 0.1200787401574801017 ) ) ;
#5611 = DIRECTION ( 'NONE',  ( 1.000000000000000000, 0.000000000000000000, 0.000000000000000000 ) ) ;
#5612 = AXIS2_PLACEMENT_3D ( 'NONE', #180, #1264, #3077 ) ;
#5613 = ORIENTED_EDGE ( 'NONE', *, *, #1276, .T. ) ;
#5614 = ORIENTED_EDGE ( 'NONE', *, *, #5205, .F. ) ;
#5615 = DIRECTION ( 'NONE',  ( 0.000000000000000000, 0.000000000000000000, -1.000000000000000000 ) ) ;
#5616 = ORIENTED_EDGE ( 'NONE', *, *, #4015, .T. ) ;
#5617 = DIRECTION ( 'NONE',  ( -0.000000000000000000, 0.000000000000000000, -1.000000000000000000 ) ) ;
#5618 = DIRECTION ( 'NONE',  ( -0.000000000000000000, 7.661286097916305006E-43, 1.000000000000000000 ) ) ;
#5619 = AXIS2_PLACEMENT_3D ( 'NONE', #4335, #6615, #1449 ) ;
#5620 = VECTOR ( 'NONE', #5395, 39.37007874015748143 ) ;
#5621 = DIRECTION ( 'NONE',  ( 1.000000000000000000, 0.000000000000000000, 0.000000000000000000 ) ) ;
#5622 = DIRECTION ( 'NONE',  ( 0.000000000000000000, 1.000000000000000000, 7.661286097916305006E-43 ) ) ;
#5623 = DIRECTION ( 'NONE',  ( -1.000000000000000000, 0.000000000000000000, 0.000000000000000000 ) ) ;
#5624 = ORIENTED_EDGE ( 'NONE', *, *, #917, .F. ) ;
#5625 = ADVANCED_FACE ( 'NONE', ( #3339 ), #6732, .F. ) ;
#5626 = DIRECTION ( 'NONE',  ( -0.2524427750165536555, -4.683277740055841025E-31, 0.9676118257555257340 ) ) ;
#5627 = VERTEX_POINT ( 'NONE', #1564 ) ;
#5628 = PRODUCT_DEFINITION_SHAPE ( 'NONE', 'NONE',  #5381 ) ;
#5629 = CARTESIAN_POINT ( 'NONE',  ( 0.2736405827105305999, 0.4015748031496062520, 0.3248031496062991907 ) ) ;
#5630 = EDGE_LOOP ( 'NONE', ( #7224, #4003, #2801, #146 ) ) ;
#5631 = EDGE_CURVE ( 'NONE', #1131, #3760, #3657, .T. ) ;
#5632 = VECTOR ( 'NONE', #2132, 39.37007874015748143 ) ;
#5633 = AXIS2_PLACEMENT_3D ( 'NONE', #4121, #6348, #6907 ) ;
#5634 = ORIENTED_EDGE ( 'NONE', *, *, #2259, .T. ) ;
#5635 = EDGE_CURVE ( 'NONE', #2358, #6820, #6226, .T. ) ;
#5636 = ADVANCED_FACE ( 'NONE', ( #1644 ), #3949, .T. ) ;
#5637 = ORIENTED_EDGE ( 'NONE', *, *, #4052, .T. ) ;
#5638 = CIRCLE ( 'NONE', #2378, 0.04432413483936115811 ) ;
#5639 = DIRECTION ( 'NONE',  ( 0.000000000000000000, 1.000000000000000000, 0.000000000000000000 ) ) ;
#5640 = DIRECTION ( 'NONE',  ( -0.3846363336743959804, -0.9230681940233445015, 0.000000000000000000 ) ) ;
#5641 = ORIENTED_EDGE ( 'NONE', *, *, #7299, .F. ) ;
#5642 = DIRECTION ( 'NONE',  ( -1.000000000000000000, 3.396661351562978405E-15, 1.141265444721584004E-16 ) ) ;
#5643 = AXIS2_PLACEMENT_3D ( 'NONE', #5288, #109, #4150 ) ;
#5644 = CARTESIAN_POINT ( 'NONE',  ( 0.3487518205591552123, 0.2416535433070866601, -0.4306299212598424520 ) ) ;
#5645 = ADVANCED_FACE ( 'NONE', ( #5663 ), #5806, .T. ) ;
#5646 = CARTESIAN_POINT ( 'NONE',  ( 0.4744094488188984049, 0.09918119350236434539, 0.02205967480314803206 ) ) ;
#5647 = ADVANCED_FACE ( 'NONE', ( #5165 ), #1684, .T. ) ;
#5648 = ORIENTED_EDGE ( 'NONE', *, *, #562, .F. ) ;
#5649 = DIRECTION ( 'NONE',  ( 0.000000000000000000, 0.000000000000000000, 1.000000000000000000 ) ) ;
#5650 = CIRCLE ( 'NONE', #213, 0.2009961834654618584 ) ;
#5651 = EDGE_LOOP ( 'NONE', ( #5434, #2902, #716, #6745 ) ) ;
#5652 = CARTESIAN_POINT ( 'NONE',  ( -0.4714814016823667409, 0.03274533922123844948, -0.008845837007875591296 ) ) ;
#5653 = CARTESIAN_POINT ( 'NONE',  ( 0.4850061848610860982, 0.2416535433070866601, -0.3433221740225207430 ) ) ;
#5654 = CYLINDRICAL_SURFACE ( 'NONE', #2325, 0.3499999999999999778 ) ;
#5655 = CARTESIAN_POINT ( 'NONE',  ( 0.2167725366934860065, 0.2716535433070866312, -0.4306299212598424520 ) ) ;
#5656 = ORIENTED_EDGE ( 'NONE', *, *, #6143, .T. ) ;
#5657 = VERTEX_POINT ( 'NONE', #3453 ) ;
#5658 = DIRECTION ( 'NONE',  ( 1.000000000000000000, 0.000000000000000000, 0.000000000000000000 ) ) ;
#5659 = VERTEX_POINT ( 'NONE', #3419 ) ;
#5660 = DIRECTION ( 'NONE',  ( 5.542458384320307220E-16, 7.255895995099732854E-43, 1.000000000000000000 ) ) ;
#5661 = CARTESIAN_POINT ( 'NONE',  ( -0.1594488188976377896, 0.4015748031496062520, 0.1200787401574801017 ) ) ;
#5662 = CARTESIAN_POINT ( 'NONE',  ( -0.3256848422390817843, 0.2499376458207610563, 0.3507886447300664901 ) ) ;
#5663 = FACE_OUTER_BOUND ( 'NONE', #4163, .T. ) ;
#5664 = ORIENTED_EDGE ( 'NONE', *, *, #3113, .F. ) ;
#5665 = ORIENTED_EDGE ( 'NONE', *, *, #2387, .F. ) ;
#5666 = CARTESIAN_POINT ( 'NONE',  ( -0.2965669291338584590, 0.2716535433070866312, -0.4306299212598424520 ) ) ;
#5667 = VERTEX_POINT ( 'NONE', #2251 ) ;
#5668 = PLANE ( 'NONE',  #5357 ) ;
#5669 = AXIS2_PLACEMENT_3D ( 'NONE', #2287, #1683, #2921 ) ;
#5670 = ORIENTED_EDGE ( 'NONE', *, *, #791, .F. ) ;
#5671 = ORIENTED_EDGE ( 'NONE', *, *, #5733, .T. ) ;
#5672 = CARTESIAN_POINT ( 'NONE',  ( -0.4291338582677163838, 1.536664496436148085E-15, -0.3937007874015763798 ) ) ;
#5673 = PLANE ( 'NONE',  #413 ) ;
#5674 = VECTOR ( 'NONE', #6723, 39.37007874015748143 ) ;
#5675 = ORIENTED_EDGE ( 'NONE', *, *, #6992, .T. ) ;
#5676 = EDGE_CURVE ( 'NONE', #3954, #6726, #1044, .T. ) ;
#5677 = DIRECTION ( 'NONE',  ( -2.398249501670116078E-31, -1.224646799147353207E-16, -1.000000000000000000 ) ) ;
#5678 = VECTOR ( 'NONE', #6607, 39.37007874015748143 ) ;
#5679 = EDGE_CURVE ( 'NONE', #6333, #835, #4300, .T. ) ;
#5680 = CARTESIAN_POINT ( 'NONE',  ( -0.4792142271064858128, 0.04917272174909721044, 0.02205967480314803206 ) ) ;
#5681 = FACE_OUTER_BOUND ( 'NONE', #2548, .T. ) ;
#5682 = ORIENTED_EDGE ( 'NONE', *, *, #4746, .F. ) ;
#5683 = DIRECTION ( 'NONE',  ( 1.000000000000000000, 0.000000000000000000, 0.000000000000000000 ) ) ;
#5684 = EDGE_CURVE ( 'NONE', #4847, #4915, #7396, .T. ) ;
#5685 = VERTEX_POINT ( 'NONE', #4569 ) ;
#5686 = DIRECTION ( 'NONE',  ( -5.204170427930421283E-15, -1.000000000000000000, 0.000000000000000000 ) ) ;
#5687 = CARTESIAN_POINT ( 'NONE',  ( 0.4632672164609371035, 0.1102362204724408740, 0.2283464566929133133 ) ) ;
#5688 = ADVANCED_FACE ( 'NONE', ( #2330 ), #3950, .T. ) ;
#5689 = DIRECTION ( 'NONE',  ( 1.000000000000000000, -1.121038771459853657E-44, 2.710505431213761085E-16 ) ) ;
#5690 = ADVANCED_FACE ( 'NONE', ( #6810 ), #1721, .T. ) ;
#5691 = VECTOR ( 'NONE', #931, 39.37007874015748143 ) ;
#5692 = CARTESIAN_POINT ( 'NONE',  ( -0.3150036136995677527, 0.2656432656125703451, 0.4314288442576898475 ) ) ;
#5693 = VERTEX_POINT ( 'NONE', #5779 ) ;
#5694 = EDGE_LOOP ( 'NONE', ( #2221, #5425, #5537, #3305 ) ) ;
#5695 = DIRECTION ( 'NONE',  ( -0.000000000000000000, -0.000000000000000000, -1.000000000000000000 ) ) ;
#5696 = AXIS2_PLACEMENT_3D ( 'NONE', #3874, #5626, #449 ) ;
#5697 = CARTESIAN_POINT ( 'NONE',  ( 0.2403543307086613845, 0.3153543307086614234, -0.09663724781254488805 ) ) ;
#5698 = DIRECTION ( 'NONE',  ( -1.000000000000000000, 3.396661351562978405E-15, 1.141265444721583511E-16 ) ) ;
#5699 = DIRECTION ( 'NONE',  ( 0.000000000000000000, 7.661286097916305006E-43, 1.000000000000000000 ) ) ;
#5700 = DIRECTION ( 'NONE',  ( -1.000000000000000000, 0.000000000000000000, 0.000000000000000000 ) ) ;
#5701 = CARTESIAN_POINT ( 'NONE',  ( -0.3265669291338584301, 0.2458333011576186999, -0.3511974678401352246 ) ) ;
#5702 = ORIENTED_EDGE ( 'NONE', *, *, #958, .F. ) ;
#5703 = EDGE_LOOP ( 'NONE', ( #1348, #251, #7072, #4828 ) ) ;
#5704 = LINE ( 'NONE', #6776, #2030 ) ;
#5705 = ORIENTED_EDGE ( 'NONE', *, *, #3501, .F. ) ;
#5706 = VECTOR ( 'NONE', #1245, 39.37007874015748143 ) ;
#5707 = DIRECTION ( 'NONE',  ( -1.000000000000000000, 0.000000000000000000, 1.652117596168386770E-15 ) ) ;
#5708 = ORIENTED_EDGE ( 'NONE', *, *, #7403, .F. ) ;
#5709 = AXIS2_PLACEMENT_3D ( 'NONE', #4949, #3773, #5482 ) ;
#5710 = PRODUCT_RELATED_PRODUCT_CATEGORY ( 'part', '', ( #1987 ) ) ;
#5711 = ORIENTED_EDGE ( 'NONE', *, *, #2751, .F. ) ;
#5712 = VECTOR ( 'NONE', #7250, 39.37007874015748143 ) ;
#5713 = CARTESIAN_POINT ( 'NONE',  ( -0.1992631914563518514, 0.2571240218491208651, 0.4509014681512715228 ) ) ;
#5714 = EDGE_LOOP ( 'NONE', ( #2557, #6779, #2228, #3640 ) ) ;
#5715 = AXIS2_PLACEMENT_3D ( 'NONE', #2056, #6100, #3336 ) ;
#5716 = LINE ( 'NONE', #1100, #2725 ) ;
#5717 = DIRECTION ( 'NONE',  ( 0.000000000000000000, 0.000000000000000000, 1.000000000000000000 ) ) ;
#5718 = VECTOR ( 'NONE', #4269, 39.37007874015748143 ) ;
#5719 = CARTESIAN_POINT ( 'NONE',  ( -0.4291338582677163838, 0.3917322834645668439, -0.3877952755905513804 ) ) ;
#5720 = ORIENTED_EDGE ( 'NONE', *, *, #5126, .T. ) ;
#5721 = ADVANCED_FACE ( 'NONE', ( #6259 ), #3379, .F. ) ;
#5722 = AXIS2_PLACEMENT_3D ( 'NONE', #4790, #7071, #260 ) ;
#5723 = SHAPE_DEFINITION_REPRESENTATION ( #5628, #7423 ) ;
#5724 = ORIENTED_EDGE ( 'NONE', *, *, #5446, .T. ) ;
#5725 = B_SPLINE_CURVE_WITH_KNOTS ( 'NONE', 3,
 ( #2714, #7151, #878, #5029 ),
 .UNSPECIFIED., .F., .F.,
 ( 4, 4 ),
 ( 0.000000000000000000, 1.000000000000000000 ),
 .UNSPECIFIED. ) ;
#5726 = CARTESIAN_POINT ( 'NONE',  ( -0.2665669291338585989, 0.2516535433070866690, -0.3221485083270180239 ) ) ;
#5727 = CARTESIAN_POINT ( 'NONE',  ( 0.2087340609205521613, 0.2416535433070866601, 0.4606299212598424786 ) ) ;
#5728 = CARTESIAN_POINT ( 'NONE',  ( -0.2972216208432339468, 0.2678672588882455297, 0.4457381914762003627 ) ) ;
#5729 = EDGE_CURVE ( 'NONE', #1559, #5511, #919, .T. ) ;
#5730 = VECTOR ( 'NONE', #1265, 39.37007874015748143 ) ;
#5731 = EDGE_LOOP ( 'NONE', ( #1874, #4955, #6791, #7439, #2273, #1153, #182, #2799, #6799, #586, #1442, #983, #4381, #2631, #7026, #4644, #2576, #3723, #5217, #1986 ) ) ;
#5732 = EDGE_CURVE ( 'NONE', #2421, #3998, #2215, .T. ) ;
#5733 = EDGE_CURVE ( 'NONE', #6119, #6325, #2766, .T. ) ;
#5734 = ORIENTED_EDGE ( 'NONE', *, *, #5676, .F. ) ;
#5735 = DIRECTION ( 'NONE',  ( 0.000000000000000000, 0.000000000000000000, 1.000000000000000000 ) ) ;
#5736 = EDGE_LOOP ( 'NONE', ( #3472, #3361, #3411, #111 ) ) ;
#5737 = FACE_OUTER_BOUND ( 'NONE', #6662, .T. ) ;
#5738 = DIRECTION ( 'NONE',  ( -0.8660254037844388186, 2.345220000633477127E-31, -0.4999999999999997224 ) ) ;
#5739 = DIRECTION ( 'NONE',  ( -1.000000000000000000, 3.469446951953611428E-15, 0.000000000000000000 ) ) ;
#5740 = FACE_OUTER_BOUND ( 'NONE', #667, .T. ) ;
#5741 = VECTOR ( 'NONE', #2967, 39.37007874015748143 ) ;
#5742 = CARTESIAN_POINT ( 'NONE',  ( 0.4940944881889764995, 0.2023622047244093280, -0.2054993803149607612 ) ) ;
#5743 = EDGE_CURVE ( 'NONE', #3381, #1809, #4901, .T. ) ;
#5744 = ORIENTED_EDGE ( 'NONE', *, *, #6143, .F. ) ;
#5745 = ORIENTED_EDGE ( 'NONE', *, *, #2589, .F. ) ;
#5746 = CARTESIAN_POINT ( 'NONE',  ( 0.2783442662718037530, 0.2416535433070866601, 0.5008193920577327374 ) ) ;
#5747 = ORIENTED_EDGE ( 'NONE', *, *, #7117, .F. ) ;
#5748 = CARTESIAN_POINT ( 'NONE',  ( -0.3204202853167261167, 0.2599530463730793661, -0.4316635666944333982 ) ) ;
#5749 = ORIENTED_EDGE ( 'NONE', *, *, #6678, .F. ) ;
#5750 = ORIENTED_EDGE ( 'NONE', *, *, #4711, .F. ) ;
#5751 = CARTESIAN_POINT ( 'NONE',  ( -0.4547244094488192556, 0.2023622047244094113, -0.2054993803149607612 ) ) ;
#5752 = AXIS2_PLACEMENT_3D ( 'NONE', #5845, #5922, #139 ) ;
#5753 = CARTESIAN_POINT ( 'NONE',  ( 0.3487518205591552123, 0.000000000000000000, -0.3788699307953760642 ) ) ;
#5754 = EDGE_LOOP ( 'NONE', ( #397, #4736, #3133, #3293 ) ) ;
#5755 = VECTOR ( 'NONE', #6769, 39.37007874015748143 ) ;
#5756 = LINE ( 'NONE', #503, #4174 ) ;
#5757 = DIRECTION ( 'NONE',  ( 3.491481338843132961E-15, -1.000000000000000000, 3.984707002911920258E-31 ) ) ;
#5758 = AXIS2_PLACEMENT_3D ( 'NONE', #4933, #1904, #7140 ) ;
#5759 = CIRCLE ( 'NONE', #5148, 0.02869999999999995471 ) ;
#5760 = EDGE_LOOP ( 'NONE', ( #1084, #2136, #2090, #73 ) ) ;
#5761 = PLANE ( 'NONE',  #6971 ) ;
#5762 = CARTESIAN_POINT ( 'NONE',  ( -0.2601158246721367862, 0.2459285825697902217, -0.4606299212598424786 ) ) ;
#5763 = CARTESIAN_POINT ( 'NONE',  ( -0.2265748031496063741, 0.2416535433070866601, -0.4606299212598424786 ) ) ;
#5764 = DIRECTION ( 'NONE',  ( 0.000000000000000000, 0.000000000000000000, -1.000000000000000000 ) ) ;
#5765 = CARTESIAN_POINT ( 'NONE',  ( 0.4789113459805934836, 0.04765840547478853578, -0.03975134881889921118 ) ) ;
#5766 = DIRECTION ( 'NONE',  ( -0.000000000000000000, 1.000000000000000000, 0.000000000000000000 ) ) ;
#5767 = EDGE_CURVE ( 'NONE', #2711, #3760, #528, .T. ) ;
#5768 = AXIS2_PLACEMENT_3D ( 'NONE', #3503, #5218, #644 ) ;
#5769 = VERTEX_POINT ( 'NONE', #1187 ) ;
#5770 = ORIENTED_EDGE ( 'NONE', *, *, #6671, .F. ) ;
#5771 = ORIENTED_EDGE ( 'NONE', *, *, #1497, .F. ) ;
#5772 = CARTESIAN_POINT ( 'NONE',  ( -0.4488188976377956996, 0.2023622047244091615, -0.2054993803149607612 ) ) ;
#5773 = ADVANCED_FACE ( 'NONE', ( #6952 ), #1257, .T. ) ;
#5774 = CARTESIAN_POINT ( 'NONE',  ( -0.2625949220654673621, 0.2680313469783238145, -0.4427373207043828751 ) ) ;
#5775 = DIRECTION ( 'NONE',  ( 1.000000000000000000, 0.000000000000000000, 0.000000000000000000 ) ) ;
#5776 = VECTOR ( 'NONE', #4370, 39.37007874015748143 ) ;
#5777 = LINE ( 'NONE', #1219, #6383 ) ;
#5778 = EDGE_CURVE ( 'NONE', #6229, #5405, #3634, .T. ) ;
#5779 = CARTESIAN_POINT ( 'NONE',  ( -0.4911417322834649712, 0.1102362204724408323, 0.2766265343339150418 ) ) ;
#5780 = EDGE_CURVE ( 'NONE', #6269, #3967, #2481, .T. ) ;
#5781 = ORIENTED_EDGE ( 'NONE', *, *, #6398, .F. ) ;
#5782 = DIRECTION ( 'NONE',  ( 0.000000000000000000, 0.000000000000000000, 1.000000000000000000 ) ) ;
#5783 = CARTESIAN_POINT ( 'NONE',  ( 0.4606299212598433113, 0.1102362204724408601, 0.2185039370078737664 ) ) ;
#5784 = ADVANCED_FACE ( 'NONE', ( #1898 ), #1993, .F. ) ;
#5785 = CARTESIAN_POINT ( 'NONE',  ( -0.1596456692913385822, 0.3033398936683191494, -0.08988975328832256306 ) ) ;
#5786 = CARTESIAN_POINT ( 'NONE',  ( -0.1596456692913385822, 0.3917324959044880539, 0.05623699386691865393 ) ) ;
#5787 = CARTESIAN_POINT ( 'NONE',  ( -0.4606299212598436443, 1.468368296594541455E-15, 0.2185039370078736831 ) ) ;
#5788 = VERTEX_POINT ( 'NONE', #3599 ) ;
#5789 = VERTEX_POINT ( 'NONE', #2959 ) ;
#5790 = CARTESIAN_POINT ( 'NONE',  ( 0.4704724409448827194, 0.1102362204724409017, 0.2185039370078739884 ) ) ;
#5791 = DIRECTION ( 'NONE',  ( -0.000000000000000000, -1.000000000000000000, -0.000000000000000000 ) ) ;
#5792 = EDGE_LOOP ( 'NONE', ( #5402, #6301, #1010, #4526 ) ) ;
#5793 = VECTOR ( 'NONE', #7297, 39.37007874015748143 ) ;
#5794 = CARTESIAN_POINT ( 'NONE',  ( -0.2265748031496063741, 0.2416535433070866601, 0.4606299212598424786 ) ) ;
#5795 = CYLINDRICAL_SURFACE ( 'NONE', #4733, 1.419999999999999929 ) ;
#5796 = LINE ( 'NONE', #16, #3449 ) ;
#5797 = CARTESIAN_POINT ( 'NONE',  ( -0.2965669291338584590, 0.2716535433070866867, 0.4306299212598424520 ) ) ;
#5798 = VECTOR ( 'NONE', #3747, 39.37007874015748143 ) ;
#5799 = ORIENTED_EDGE ( 'NONE', *, *, #600, .F. ) ;
#5800 = VERTEX_POINT ( 'NONE', #665 ) ;
#5801 = ORIENTED_EDGE ( 'NONE', *, *, #7070, .F. ) ;
#5802 = DIRECTION ( 'NONE',  ( 0.000000000000000000, -1.000000000000000000, -7.661286097916305006E-43 ) ) ;
#5803 = DIRECTION ( 'NONE',  ( 0.000000000000000000, -3.491481338843132961E-15, 1.000000000000000000 ) ) ;
#5804 = DIRECTION ( 'NONE',  ( 0.000000000000000000, 1.000000000000000000, 0.000000000000000000 ) ) ;
#5805 = FACE_OUTER_BOUND ( 'NONE', #1387, .T. ) ;
#5806 = PLANE ( 'NONE',  #7281 ) ;
#5807 = ORIENTED_EDGE ( 'NONE', *, *, #3725, .T. ) ;
#5808 = FACE_OUTER_BOUND ( 'NONE', #552, .T. ) ;
#5809 = EDGE_CURVE ( 'NONE', #835, #498, #7093, .T. ) ;
#5810 = VERTEX_POINT ( 'NONE', #5948 ) ;
#5811 = DIRECTION ( 'NONE',  ( 0.000000000000000000, 1.000000000000000000, 0.000000000000000000 ) ) ;
#5812 = CARTESIAN_POINT ( 'NONE',  ( -0.1832743379337107015, 0.2716535433070866312, 0.4383601671992822246 ) ) ;
#5813 = LINE ( 'NONE', #2262, #3291 ) ;
#5814 = CARTESIAN_POINT ( 'NONE',  ( 0.3487518205591552123, 0.2716535433070866312, -0.3788699307953760642 ) ) ;
#5815 = EDGE_CURVE ( 'NONE', #6980, #1180, #1790, .T. ) ;
#5816 = ORIENTED_EDGE ( 'NONE', *, *, #1196, .T. ) ;
#5817 = ADVANCED_FACE ( 'NONE', ( #743 ), #2997, .T. ) ;
#5818 = ORIENTED_EDGE ( 'NONE', *, *, #1316, .T. ) ;
#5819 = ADVANCED_FACE ( 'NONE', ( #1935, #2514, #4814 ), #3067, .F. ) ;
#5820 = DIRECTION ( 'NONE',  ( 0.000000000000000000, 0.000000000000000000, 1.000000000000000000 ) ) ;
#5821 = VECTOR ( 'NONE', #1859, 39.37007874015748143 ) ;
#5822 = ORIENTED_EDGE ( 'NONE', *, *, #227, .T. ) ;
#5823 = PLANE ( 'NONE',  #5940 ) ;
#5824 = VECTOR ( 'NONE', #7044, 39.37007874015748143 ) ;
#5825 = ADVANCED_FACE ( 'NONE', ( #3031 ), #7025, .F. ) ;
#5826 = AXIS2_PLACEMENT_3D ( 'NONE', #4519, #4016, #2352 ) ;
#5827 = ORIENTED_EDGE ( 'NONE', *, *, #3826, .F. ) ;
#5828 = VECTOR ( 'NONE', #5698, 39.37007874015748143 ) ;
#5829 = CIRCLE ( 'NONE', #2818, 0.01968503937007875723 ) ;
#5830 = CARTESIAN_POINT ( 'NONE',  ( 0.2087340609205521613, 0.000000000000000000, 0.4606299212598424786 ) ) ;
#5831 = CARTESIAN_POINT ( 'NONE',  ( -0.2403543307086613845, 0.3745673898465213814, 0.01683623137732593103 ) ) ;
#5832 = CARTESIAN_POINT ( 'NONE',  ( -0.3080721254196691072, 0.2708795750243792599, 0.4421351175456532112 ) ) ;
#5833 = VECTOR ( 'NONE', #4868, 39.37007874015748143 ) ;
#5834 = ORIENTED_EDGE ( 'NONE', *, *, #2121, .F. ) ;
#5835 = VECTOR ( 'NONE', #2569, 39.37007874015748143 ) ;
#5836 = ORIENTED_EDGE ( 'NONE', *, *, #6362, .F. ) ;
#5837 = ORIENTED_EDGE ( 'NONE', *, *, #5854, .T. ) ;
#5838 = CARTESIAN_POINT ( 'NONE',  ( -0.2665669291338584879, 0.2716535433070866312, 0.3511974678401351690 ) ) ;
#5839 = CARTESIAN_POINT ( 'NONE',  ( -0.2978669291338585379, 0.2716535433070866312, -0.4306299212598424520 ) ) ;
#5840 = CARTESIAN_POINT ( 'NONE',  ( 0.4606299212598433668, 0.1102362204724408601, -0.3799212598425197318 ) ) ;
#5841 = CARTESIAN_POINT ( 'NONE',  ( -0.2665669291338585434, 0.000000000000000000, 0.3221485083270179683 ) ) ;
#5842 = DIRECTION ( 'NONE',  ( -3.433861939970594219E-15, -1.000000000000000000, -0.000000000000000000 ) ) ;
#5843 = ORIENTED_EDGE ( 'NONE', *, *, #6177, .F. ) ;
#5844 = VECTOR ( 'NONE', #6425, 39.37007874015748143 ) ;
#5845 = CARTESIAN_POINT ( 'NONE',  ( 0.4291338582677163838, 0.3858267716535432323, -0.3877952755905513804 ) ) ;
#5846 = CARTESIAN_POINT ( 'NONE',  ( 0.1596456692913385822, 0.3015748031496062187, -0.1279527559055120278 ) ) ;
#5847 = LINE ( 'NONE', #5281, #4679 ) ;
#5848 = DIRECTION ( 'NONE',  ( 0.000000000000000000, 0.000000000000000000, -1.000000000000000000 ) ) ;
#5849 = DIRECTION ( 'NONE',  ( 0.000000000000000000, 0.000000000000000000, -1.000000000000000000 ) ) ;
#5850 = EDGE_CURVE ( 'NONE', #7409, #2502, #4049, .T. ) ;
#5851 = ORIENTED_EDGE ( 'NONE', *, *, #3814, .F. ) ;
#5852 = ORIENTED_EDGE ( 'NONE', *, *, #4431, .T. ) ;
#5853 = DIRECTION ( 'NONE',  ( 0.000000000000000000, 0.8719048594991304357, -0.4896753169007006523 ) ) ;
#5854 = EDGE_CURVE ( 'NONE', #7417, #991, #2961, .T. ) ;
#5855 = ORIENTED_EDGE ( 'NONE', *, *, #1358, .F. ) ;
#5856 = CARTESIAN_POINT ( 'NONE',  ( 0.4752772192324700717, 0.04917272174909721044, 0.02205967480314803206 ) ) ;
#5857 = EDGE_CURVE ( 'NONE', #7202, #453, #6504, .T. ) ;
#5858 = CARTESIAN_POINT ( 'NONE',  ( 0.4606299212598433113, 0.1102362204724409017, 0.02205967480314803206 ) ) ;
#5859 = ADVANCED_FACE ( 'NONE', ( #4709, #6431 ), #781, .T. ) ;
#5860 = LINE ( 'NONE', #724, #5824 ) ;
#5861 = ADVANCED_FACE ( 'NONE', ( #133 ), #2443, .T. ) ;
#5862 = CARTESIAN_POINT ( 'NONE',  ( -0.4507874015748030150, 0.4015748031496062520, 0.2480314960629921017 ) ) ;
#5863 = DIRECTION ( 'NONE',  ( 0.000000000000000000, -0.8719048594991277712, 0.4896753169007054263 ) ) ;
#5864 = FACE_OUTER_BOUND ( 'NONE', #7229, .T. ) ;
#5865 = LINE ( 'NONE', #3589, #6456 ) ;
#5866 = CIRCLE ( 'NONE', #5504, 0.3998425196850394769 ) ;
#5867 = EDGE_LOOP ( 'NONE', ( #4996, #6036, #5675, #328 ) ) ;
#5868 = EDGE_LOOP ( 'NONE', ( #529, #1345, #4726, #6109 ) ) ;
#5869 = ORIENTED_EDGE ( 'NONE', *, *, #267, .F. ) ;
#5870 = CYLINDRICAL_SURFACE ( 'NONE', #1087, 0.03090551181102361641 ) ;
#5871 = DIRECTION ( 'NONE',  ( 0.000000000000000000, 0.000000000000000000, -1.000000000000000000 ) ) ;
#5872 = PLANE ( 'NONE',  #6414 ) ;
#5873 = VECTOR ( 'NONE', #807, 39.37007874015748143 ) ;
#5874 = DIRECTION ( 'NONE',  ( -3.433861939970594219E-15, 1.000000000000000000, 0.000000000000000000 ) ) ;
#5875 = CYLINDRICAL_SURFACE ( 'NONE', #7327, 0.02500000000000000486 ) ;
#5876 = DIRECTION ( 'NONE',  ( 1.000000000000000000, 3.396661351562978405E-15, 1.141265444721584004E-16 ) ) ;
#5877 = CIRCLE ( 'NONE', #7414, 0.01000000000000002970 ) ;
#5878 = VERTEX_POINT ( 'NONE', #5916 ) ;
#5879 = ORIENTED_EDGE ( 'NONE', *, *, #5809, .F. ) ;
#5880 = VECTOR ( 'NONE', #4970, 39.37007874015748143 ) ;
#5881 = CARTESIAN_POINT ( 'NONE',  ( -0.2665669291338585434, 0.2516535433070866690, -0.3856257223156519531 ) ) ;
#5882 = FACE_OUTER_BOUND ( 'NONE', #621, .T. ) ;
#5883 = CARTESIAN_POINT ( 'NONE',  ( -0.2689171469547009252, 0.2716515776826466388, 0.4375489167789120004 ) ) ;
#5884 = CARTESIAN_POINT ( 'NONE',  ( 0.4507874015748029595, 0.3818897637795276023, 0.2185039370078739329 ) ) ;
#5885 = DIRECTION ( 'NONE',  ( 0.000000000000000000, 0.000000000000000000, -1.000000000000000000 ) ) ;
#5886 = ORIENTED_EDGE ( 'NONE', *, *, #4230, .F. ) ;
#5887 = ORIENTED_EDGE ( 'NONE', *, *, #311, .T. ) ;
#5888 = EDGE_CURVE ( 'NONE', #2239, #1441, #1973, .T. ) ;
#5889 = CARTESIAN_POINT ( 'NONE',  ( -0.4606299212598433113, 0.1102362204724409017, -0.03975134881889921118 ) ) ;
#5890 = CARTESIAN_POINT ( 'NONE',  ( 0.3085062810569361713, 0.2716535433070866312, -0.08999999999999994116 ) ) ;
#5891 = ORIENTED_EDGE ( 'NONE', *, *, #5938, .F. ) ;
#5892 = CARTESIAN_POINT ( 'NONE',  ( -0.1884872276179436201, 0.2692041861339349307, 0.4444608293059560400 ) ) ;
#5893 = DIRECTION ( 'NONE',  ( 0.000000000000000000, 0.000000000000000000, 1.000000000000000000 ) ) ;
#5894 = EDGE_CURVE ( 'NONE', #1111, #6069, #3180, .T. ) ;
#5895 = ORIENTED_EDGE ( 'NONE', *, *, #6134, .F. ) ;
#5896 = CARTESIAN_POINT ( 'NONE',  ( -0.2965669291338579039, 0.2716535433070866312, 0.3369861442512482874 ) ) ;
#5897 = DIRECTION ( 'NONE',  ( 0.000000000000000000, -0.000000000000000000, -1.000000000000000000 ) ) ;
#5898 = DIRECTION ( 'NONE',  ( -0.000000000000000000, -1.000000000000000000, -7.661286097916305006E-43 ) ) ;
#5899 = CARTESIAN_POINT ( 'NONE',  ( -0.4717910885454295045, 0.1102362204724408740, 0.2234251968503935537 ) ) ;
#5900 = CARTESIAN_POINT ( 'NONE',  ( 0.4704724409448817202, 0.3818897637795276023, 0.2185039370078739329 ) ) ;
#5901 = EDGE_CURVE ( 'NONE', #1977, #3917, #5866, .T. ) ;
#5902 = VECTOR ( 'NONE', #3276, 39.37007874015748143 ) ;
#5903 = EDGE_LOOP ( 'NONE', ( #6943, #5749, #1114, #539 ) ) ;
#5904 = ORIENTED_EDGE ( 'NONE', *, *, #4189, .F. ) ;
#5905 = VECTOR ( 'NONE', #7388, 39.37007874015748143 ) ;
#5906 = EDGE_CURVE ( 'NONE', #5435, #6017, #1403, .T. ) ;
#5907 = ORIENTED_EDGE ( 'NONE', *, *, #6177, .T. ) ;
#5908 =( BOUNDED_CURVE ( )  B_SPLINE_CURVE ( 3, ( #5501, #1978, #5463, #2653 ),
 .UNSPECIFIED., .F., .T. ) 
 B_SPLINE_CURVE_WITH_KNOTS ( ( 4, 4 ),
 ( 3.141592653589793116, 4.712388980384689674 ),
 .UNSPECIFIED. ) 
 CURVE ( )  GEOMETRIC_REPRESENTATION_ITEM ( )  RATIONAL_B_SPLINE_CURVE ( ( 1.000000000000000000, 0.8047378541243649375, 0.8047378541243649375, 1.000000000000000000 ) ) 
 REPRESENTATION_ITEM ( '' )  );
#5909 = EDGE_CURVE ( 'NONE', #6812, #2706, #6108, .T. ) ;
#5910 = CARTESIAN_POINT ( 'NONE',  ( -0.3265669291338584856, 0.000000000000000000, 0.3511974678401353356 ) ) ;
#5911 = CYLINDRICAL_SURFACE ( 'NONE', #3770, 1.359999999999999876 ) ;
#5912 = LINE ( 'NONE', #3028, #149 ) ;
#5913 = AXIS2_PLACEMENT_3D ( 'NONE', #5240, #4063, #3418 ) ;
#5914 = CARTESIAN_POINT ( 'NONE',  ( 0.2403543307086613845, 0.3873382169781602324, 0.04257740066467790435 ) ) ;
#5915 = AXIS2_PLACEMENT_3D ( 'NONE', #5343, #161, #2476 ) ;
#5916 = CARTESIAN_POINT ( 'NONE',  ( 0.2403543307086613845, 0.3015748031496062187, -0.09663724781254488805 ) ) ;
#5917 =( NAMED_UNIT ( * ) PLANE_ANGLE_UNIT ( ) SI_UNIT ( $, .RADIAN. ) );
#5918 = ORIENTED_EDGE ( 'NONE', *, *, #685, .T. ) ;
#5919 = LINE ( 'NONE', #747, #4489 ) ;
#5920 = AXIS2_PLACEMENT_3D ( 'NONE', #4423, #3384, #6739 ) ;
#5921 = ORIENTED_EDGE ( 'NONE', *, *, #187, .T. ) ;
#5922 = DIRECTION ( 'NONE',  ( -1.000000000000000000, 0.000000000000000000, 0.000000000000000000 ) ) ;
#5923 = DIRECTION ( 'NONE',  ( -1.000000000000000000, 0.000000000000000000, 0.000000000000000000 ) ) ;
#5924 = CARTESIAN_POINT ( 'NONE',  ( -0.4507874015748030150, 0.3917322834645668994, 0.2480314960629921017 ) ) ;
#5925 = DIRECTION ( 'NONE',  ( -1.000000000000000000, -3.491481338843132961E-15, -1.141265444721584251E-16 ) ) ;
#5926 = CARTESIAN_POINT ( 'NONE',  ( -0.2726725254360719553, 0.2716535433070866312, 0.4306299212598424520 ) ) ;
#5927 = CARTESIAN_POINT ( 'NONE',  ( -0.2582393505707989423, 9.219986978616888116E-16, -0.1464572633663089596 ) ) ;
#5928 = EDGE_LOOP ( 'NONE', ( #1947, #5637, #2560, #502 ) ) ;
#5929 = DIRECTION ( 'NONE',  ( 0.000000000000000000, 1.000000000000000000, 7.661286097916305006E-43 ) ) ;
#5930 = CARTESIAN_POINT ( 'NONE',  ( 0.4704724409448826639, 0.1102362204724409017, -0.3799212598425197318 ) ) ;
#5931 = ORIENTED_EDGE ( 'NONE', *, *, #3819, .F. ) ;
#5932 = LINE ( 'NONE', #1914, #2461 ) ;
#5933 = DIRECTION ( 'NONE',  ( -1.000000000000000000, -0.000000000000000000, -0.000000000000000000 ) ) ;
#5934 = CYLINDRICAL_SURFACE ( 'NONE', #2074, 0.1408151085747029463 ) ;
#5935 = DIRECTION ( 'NONE',  ( -3.396661351562978405E-15, -1.000000000000000000, -2.890305043900352215E-32 ) ) ;
#5936 = CARTESIAN_POINT ( 'NONE',  ( -0.1990049991582006073, 0.2576625423673992166, -0.4506904696125322851 ) ) ;
#5937 = CARTESIAN_POINT ( 'NONE',  ( 0.1596456692913385822, 0.3917324959044880539, 0.05623699386691865393 ) ) ;
#5938 = EDGE_CURVE ( 'NONE', #5983, #4126, #6344, .T. ) ;
#5939 = VERTEX_POINT ( 'NONE', #5421 ) ;
#5940 = AXIS2_PLACEMENT_3D ( 'NONE', #6376, #5757, #2903 ) ;
#5941 = ORIENTED_EDGE ( 'NONE', *, *, #3616, .T. ) ;
#5942 = DIRECTION ( 'NONE',  ( 0.000000000000000000, 1.000000000000000000, 7.661286097916305006E-43 ) ) ;
#5943 = DIRECTION ( 'NONE',  ( 0.9230681940233448346, 0.3846363336743950367, 0.000000000000000000 ) ) ;
#5944 = DIRECTION ( 'NONE',  ( 0.000000000000000000, -1.000000000000000000, -7.661286097916305006E-43 ) ) ;
#5945 = EDGE_CURVE ( 'NONE', #3071, #3943, #2556, .T. ) ;
#5946 = DIRECTION ( 'NONE',  ( 0.000000000000000000, 0.000000000000000000, 1.000000000000000000 ) ) ;
#5947 = CIRCLE ( 'NONE', #5715, 0.003937007874015724558 ) ;
#5948 = CARTESIAN_POINT ( 'NONE',  ( -0.1804770808631407930, 0.2716535433070866312, -0.4306299212598424520 ) ) ;
#5949 = CIRCLE ( 'NONE', #7017, 0.01377952755905510404 ) ;
#5950 = EDGE_CURVE ( 'NONE', #3430, #295, #440, .T. ) ;
#5951 = EDGE_CURVE ( 'NONE', #2459, #5810, #2588, .T. ) ;
#5952 = ORIENTED_EDGE ( 'NONE', *, *, #881, .T. ) ;
#5953 = TOROIDAL_SURFACE ( 'NONE', #889, 0.05500000000000001416, 0.02999999999999999889 ) ;
#5954 = EDGE_LOOP ( 'NONE', ( #6657, #3995, #4317, #475 ) ) ;
#5955 = CARTESIAN_POINT ( 'NONE',  ( -0.3265669291338584856, 0.2716535433070866312, -0.4319299212598423643 ) ) ;
#5956 = AXIS2_PLACEMENT_3D ( 'NONE', #3608, #69, #2458 ) ;
#5957 = FACE_OUTER_BOUND ( 'NONE', #1221, .T. ) ;
#5958 = EDGE_CURVE ( 'NONE', #6304, #1336, #6603, .T. ) ;
#5959 = CARTESIAN_POINT ( 'NONE',  ( 0.4704724409448817202, 0.3917322834645669549, -0.3799212598425195653 ) ) ;
#5960 = DIRECTION ( 'NONE',  ( 0.000000000000000000, 0.000000000000000000, -1.000000000000000000 ) ) ;
#5961 = DIRECTION ( 'NONE',  ( 1.000000000000000000, -0.000000000000000000, -0.000000000000000000 ) ) ;
#5962 = EDGE_LOOP ( 'NONE', ( #5585, #5538, #3125, #3012 ) ) ;
#5963 = FACE_OUTER_BOUND ( 'NONE', #1067, .T. ) ;
#5964 = ORIENTED_EDGE ( 'NONE', *, *, #6074, .T. ) ;
#5965 = TOROIDAL_SURFACE ( 'NONE', #3787, 0.04091458600556442671, 0.02165354330708661734 ) ;
#5966 = DIRECTION ( 'NONE',  ( -0.000000000000000000, -0.000000000000000000, 1.000000000000000000 ) ) ;
#5967 = FACE_OUTER_BOUND ( 'NONE', #4807, .T. ) ;
#5968 = EDGE_LOOP ( 'NONE', ( #1102, #3783 ) ) ;
#5969 = CARTESIAN_POINT ( 'NONE',  ( -0.2265748031496063741, 0.2716535433070866312, -0.4056299212598424297 ) ) ;
#5970 = DIRECTION ( 'NONE',  ( 3.433861939970594219E-15, 1.000000000000000000, 0.000000000000000000 ) ) ;
#5971 = LINE ( 'NONE', #345, #3938 ) ;
#5972 = LINE ( 'NONE', #808, #1767 ) ;
#5973 = CARTESIAN_POINT ( 'NONE',  ( -0.4616099661787624875, 0.09407740825064973833, 0.02205967480314803206 ) ) ;
#5974 = ORIENTED_EDGE ( 'NONE', *, *, #1196, .F. ) ;
#5975 = ORIENTED_EDGE ( 'NONE', *, *, #4656, .T. ) ;
#5976 = DIRECTION ( 'NONE',  ( 0.000000000000000000, -1.000000000000000000, -7.661286097916305006E-43 ) ) ;
#5977 = CARTESIAN_POINT ( 'NONE',  ( 0.2248110124664194909, 0.2516535433070866690, 0.4006299212598424808 ) ) ;
#5978 = EDGE_CURVE ( 'NONE', #7271, #5788, #7130, .T. ) ;
#5979 = LINE ( 'NONE', #1970, #636 ) ;
#5980 = DIRECTION ( 'NONE',  ( 5.542458384320307220E-16, -8.066676200732877159E-43, -1.000000000000000000 ) ) ;
#5981 = VECTOR ( 'NONE', #366, 39.37007874015748143 ) ;
#5982 = DIRECTION ( 'NONE',  ( 0.3846363336743964800, 0.9230681940233442795, 0.000000000000000000 ) ) ;
#5983 = VERTEX_POINT ( 'NONE', #4730 ) ;
#5984 = EDGE_CURVE ( 'NONE', #7339, #4340, #583, .T. ) ;
#5985 = DIRECTION ( 'NONE',  ( 0.000000000000000000, 1.000000000000000000, 7.661286097916305006E-43 ) ) ;
#5986 = AXIS2_PLACEMENT_3D ( 'NONE', #2452, #4753, #4585 ) ;
#5987 = CIRCLE ( 'NONE', #2969, 0.04091458600556441977 ) ;
#5988 = EDGE_LOOP ( 'NONE', ( #3317, #5365, #3691, #4937 ) ) ;
#5989 = CARTESIAN_POINT ( 'NONE',  ( -0.4606299212598433668, 0.003785790685771632438, -0.008845837007875591296 ) ) ;
#5990 = EDGE_CURVE ( 'NONE', #3097, #2002, #155, .T. ) ;
#5991 = CARTESIAN_POINT ( 'NONE',  ( 0.4792142271064858128, 0.04917272174909721044, -0.03975134881889921118 ) ) ;
#5992 = EDGE_CURVE ( 'NONE', #3194, #2435, #1175, .T. ) ;
#5993 = FACE_OUTER_BOUND ( 'NONE', #1806, .T. ) ;
#5994 = DIRECTION ( 'NONE',  ( 0.000000000000000000, -7.661286097916305006E-43, -1.000000000000000000 ) ) ;
#5995 = AXIS2_PLACEMENT_3D ( 'NONE', #4456, #6814, #2137 ) ;
#5996 = EDGE_CURVE ( 'NONE', #435, #6353, #1520, .T. ) ;
#5997 = ORIENTED_EDGE ( 'NONE', *, *, #370, .F. ) ;
#5998 = ADVANCED_FACE ( 'NONE', ( #5189 ), #1246, .T. ) ;
#5999 = ORIENTED_EDGE ( 'NONE', *, *, #1792, .F. ) ;
#6000 = VECTOR ( 'NONE', #1378, 39.37007874015748854 ) ;
#6001 = CARTESIAN_POINT ( 'NONE',  ( -0.2403543307086613845, 0.3114173228346456268, -0.09303263377995586725 ) ) ;
#6002 = PLANE ( 'NONE',  #2769 ) ;
#6003 = DIRECTION ( 'NONE',  ( 0.000000000000000000, -1.000000000000000000, -7.661286097916305006E-43 ) ) ;
#6004 = EDGE_LOOP ( 'NONE', ( #2935, #5869, #3537, #5656 ) ) ;
#6005 = CARTESIAN_POINT ( 'NONE',  ( -0.2978669291338584268, 0.2416535433070866601, -0.4319299212598424753 ) ) ;
#6006 = LINE ( 'NONE', #5449, #2609 ) ;
#6007 = DIRECTION ( 'NONE',  ( 0.000000000000000000, 0.000000000000000000, -1.000000000000000000 ) ) ;
#6008 = DIRECTION ( 'NONE',  ( 0.000000000000000000, -0.4896753169007020956, -0.8719048594991295476 ) ) ;
#6009 = ORIENTED_EDGE ( 'NONE', *, *, #3535, .F. ) ;
#6010 = SURFACE_STYLE_FILL_AREA ( #4699 ) ;
#6011 = ORIENTED_EDGE ( 'NONE', *, *, #7312, .T. ) ;
#6012 = DIRECTION ( 'NONE',  ( -8.459571950149005536E-16, 8.280041622063673177E-43, 1.000000000000000000 ) ) ;
#6013 = CARTESIAN_POINT ( 'NONE',  ( 0.2403543307086613845, 0.4015748031496061410, 0.09846437945927476176 ) ) ;
#6014 = CARTESIAN_POINT ( 'NONE',  ( -0.1594488188976377896, 0.3917322834645668994, 0.1200787401574801017 ) ) ;
#6015 = FACE_OUTER_BOUND ( 'NONE', #4388, .T. ) ;
#6016 = DIRECTION ( 'NONE',  ( 0.000000000000000000, 0.000000000000000000, 1.000000000000000000 ) ) ;
#6017 = VERTEX_POINT ( 'NONE', #4765 ) ;
#6018 =( LENGTH_UNIT ( ) NAMED_UNIT ( * ) SI_UNIT ( $, .METRE. ) );
#6019 = VERTEX_POINT ( 'NONE', #5765 ) ;
#6020 = DIRECTION ( 'NONE',  ( 0.000000000000000000, -1.000000000000000000, -7.661286097916305006E-43 ) ) ;
#6021 = ORIENTED_EDGE ( 'NONE', *, *, #5733, .F. ) ;
#6022 = CIRCLE ( 'NONE', #6969, 0.01181102362204724046 ) ;
#6023 = CARTESIAN_POINT ( 'NONE',  ( 0.3701181102362202102, 0.2716535433070866312, -0.08999999999999998279 ) ) ;
#6024 = DIRECTION ( 'NONE',  ( 0.000000000000000000, 0.4896753169007019846, 0.8719048594991295476 ) ) ;
#6025 = CIRCLE ( 'NONE', #3981, 0.05500000000000002803 ) ;
#6026 = DIRECTION ( 'NONE',  ( 0.000000000000000000, 1.000000000000000000, 7.661286097916305006E-43 ) ) ;
#6027 = LINE ( 'NONE', #827, #571 ) ;
#6028 = LINE ( 'NONE', #3796, #2480 ) ;
#6029 = CIRCLE ( 'NONE', #4222, 0.003937007874015741038 ) ;
#6030 = VERTEX_POINT ( 'NONE', #3550 ) ;
#6031 = EDGE_CURVE ( 'NONE', #3912, #1741, #5759, .T. ) ;
#6032 = CARTESIAN_POINT ( 'NONE',  ( -0.2265748031496063741, 0.2416535433070866601, 0.4356299212598424564 ) ) ;
#6033 = ORIENTED_EDGE ( 'NONE', *, *, #6488, .T. ) ;
#6035 = CYLINDRICAL_SURFACE ( 'NONE', #2211, 0.08500000000000004774 ) ;
#6034 = AXIS2_PLACEMENT_3D ( 'NONE', #6168, #7314, #3860 ) ;
#6036 = ORIENTED_EDGE ( 'NONE', *, *, #3952, .F. ) ;
#6037 = EDGE_CURVE ( 'NONE', #2263, #1463, #5796, .T. ) ;
#6038 = CARTESIAN_POINT ( 'NONE',  ( 0.2405511811023622049, 0.4015748031496062520, -0.06045746635706857747 ) ) ;
#6039 = EDGE_CURVE ( 'NONE', #2144, #6318, #572, .T. ) ;
#6040 = ADVANCED_FACE ( 'NONE', ( #5864 ), #616, .T. ) ;
#6042 = ORIENTED_EDGE ( 'NONE', *, *, #5815, .F. ) ;
#6041 = PRODUCT_DEFINITION_FORMATION_WITH_SPECIFIED_SOURCE ( 'ANY', '', #1987, .NOT_KNOWN. ) ;
#6043 = CARTESIAN_POINT ( 'NONE',  ( -0.1596456692913385822, 0.3745673898465213814, 0.01683623137732593103 ) ) ;
#6044 = ORIENTED_EDGE ( 'NONE', *, *, #1546, .T. ) ;
#6045 = CARTESIAN_POINT ( 'NONE',  ( 0.2497154784863060972, 0.1102362204724410960, -0.1415360035237890890 ) ) ;
#6046 = CARTESIAN_POINT ( 'NONE',  ( -0.1852894570761829118, 0.2716535433070866312, -0.4369964501723743178 ) ) ;
#6047 = LINE ( 'NONE', #5602, #5513 ) ;
#6048 = CARTESIAN_POINT ( 'NONE',  ( -0.2736405827105305999, 0.4015748031496062520, 0.3248031496062991907 ) ) ;
#6049 = ORIENTED_EDGE ( 'NONE', *, *, #5676, .T. ) ;
#6050 = ORIENTED_EDGE ( 'NONE', *, *, #7347, .F. ) ;
#6051 = LINE ( 'NONE', #6684, #2080 ) ;
#6052 = CARTESIAN_POINT ( 'NONE',  ( -0.4606299212598436998, 1.775701195881771191E-15, -0.3799212598425197873 ) ) ;
#6053 = CIRCLE ( 'NONE', #3395, 0.07874015748031489015 ) ;
#6054 = CARTESIAN_POINT ( 'NONE',  ( 0.4911417322834640831, 0.3818897637795276023, 0.2766265343339150973 ) ) ;
#6055 = CARTESIAN_POINT ( 'NONE',  ( 0.3701181102362202102, 0.01999999999999999001, 0.05118110236220457798 ) ) ;
#6056 = LINE ( 'NONE', #2050, #4600 ) ;
#6057 = AXIS2_PLACEMENT_3D ( 'NONE', #4196, #1353, #79 ) ;
#6058 = ORIENTED_EDGE ( 'NONE', *, *, #2302, .F. ) ;
#6059 = ORIENTED_EDGE ( 'NONE', *, *, #3080, .F. ) ;
#6060 = CIRCLE ( 'NONE', #2805, 0.005905511811023586403 ) ;
#6061 = LINE ( 'NONE', #5424, #3111 ) ;
#6062 = VERTEX_POINT ( 'NONE', #2877 ) ;
#6063 = LINE ( 'NONE', #4931, #3650 ) ;
#6064 = VECTOR ( 'NONE', #1330, 39.37007874015748143 ) ;
#6065 = CARTESIAN_POINT ( 'NONE',  ( 0.4269494753157545563, 0.2716535433070866312, -0.3584687405235139623 ) ) ;
#6066 = DIRECTION ( 'NONE',  ( -0.000000000000000000, -0.000000000000000000, 1.000000000000000000 ) ) ;
#6067 = AXIS2_PLACEMENT_3D ( 'NONE', #3393, #4009, #541 ) ;
#6068 = LINE ( 'NONE', #1531, #6443 ) ;
#6069 = VERTEX_POINT ( 'NONE', #1887 ) ;
#6070 = VECTOR ( 'NONE', #1244, 39.37007874015748143 ) ;
#6071 = ORIENTED_EDGE ( 'NONE', *, *, #1546, .F. ) ;
#6072 = DIRECTION ( 'NONE',  ( 0.000000000000000000, 3.787605842744118123E-15, -1.000000000000000000 ) ) ;
#6073 = EDGE_LOOP ( 'NONE', ( #42, #6586, #6261, #4546 ) ) ;
#6074 = EDGE_CURVE ( 'NONE', #6172, #3166, #4496, .T. ) ;
#6075 = CARTESIAN_POINT ( 'NONE',  ( -0.3265669291338584856, 0.2416535433070866601, -0.4319299212598424753 ) ) ;
#6076 = VECTOR ( 'NONE', #3374, 39.37007874015748143 ) ;
#6077 = EDGE_LOOP ( 'NONE', ( #1698, #4940 ) ) ;
#6078 = ADVANCED_FACE ( 'NONE', ( #4661 ), #4160, .F. ) ;
#6079 = DIRECTION ( 'NONE',  ( 0.000000000000000000, -7.661286097916305006E-43, 1.000000000000000000 ) ) ;
#6080 = CARTESIAN_POINT ( 'NONE',  ( -0.1930337834871094782, 0.000000000000000000, -0.4606299212598424786 ) ) ;
#6081 = ORIENTED_EDGE ( 'NONE', *, *, #3970, .F. ) ;
#6082 = EDGE_CURVE ( 'NONE', #2934, #6837, #5298, .T. ) ;
#6083 = DIRECTION ( 'NONE',  ( -1.000000000000000000, 0.000000000000000000, 0.000000000000000000 ) ) ;
#6084 = EDGE_CURVE ( 'NONE', #3381, #435, #5987, .T. ) ;
#6085 = LINE ( 'NONE', #5377, #3329 ) ;
#6086 = CARTESIAN_POINT ( 'NONE',  ( -0.4507874015748030150, 0.4015748031496062520, 0.2480314960629921017 ) ) ;
#6087 = EDGE_LOOP ( 'NONE', ( #7436, #3836, #5028, #5837 ) ) ;
#6088 = EDGE_CURVE ( 'NONE', #38, #6589, #4046, .T. ) ;
#6089 = ORIENTED_EDGE ( 'NONE', *, *, #5583, .F. ) ;
#6090 = DIRECTION ( 'NONE',  ( 1.000000000000000000, 0.000000000000000000, 0.000000000000000000 ) ) ;
#6091 = DIRECTION ( 'NONE',  ( -1.000000000000000000, -0.000000000000000000, -0.000000000000000000 ) ) ;
#6092 = DIRECTION ( 'NONE',  ( -1.000000000000000000, 0.000000000000000000, -0.000000000000000000 ) ) ;
#6093 = CARTESIAN_POINT ( 'NONE',  ( -0.2978585467753935290, 0.2455807691404414683, 0.4604364822183447670 ) ) ;
#6094 = DIRECTION ( 'NONE',  ( 0.000000000000000000, 1.000000000000000000, 0.000000000000000000 ) ) ;
#6095 = ORIENTED_EDGE ( 'NONE', *, *, #4136, .F. ) ;
#6096 = ORIENTED_EDGE ( 'NONE', *, *, #6488, .F. ) ;
#6097 = PLANE ( 'NONE',  #347 ) ;
#6098 = VERTEX_POINT ( 'NONE', #2950 ) ;
#6099 = B_SPLINE_CURVE_WITH_KNOTS ( 'NONE', 3,
 ( #7372, #1059, #6155, #3235, #7263, #7410, #2108, #4430 ),
 .UNSPECIFIED., .F., .F.,
 ( 4, 2, 2, 4 ),
 ( 0.000000000000000000, 0.0006193908024878333907, 0.0009290862037317506282, 0.001238781604975667866 ),
 .UNSPECIFIED. ) ;
#6100 = DIRECTION ( 'NONE',  ( -0.000000000000000000, -0.000000000000000000, -1.000000000000000000 ) ) ;
#6101 = AXIS2_PLACEMENT_3D ( 'NONE', #2058, #6215, #401 ) ;
#6102 = LINE ( 'NONE', #6065, #2737 ) ;
#6103 = DIRECTION ( 'NONE',  ( 0.000000000000000000, 0.000000000000000000, -1.000000000000000000 ) ) ;
#6104 = PLANE ( 'NONE',  #6101 ) ;
#6105 = CARTESIAN_POINT ( 'NONE',  ( 0.3484251968503935815, 0.4015748031496061965, -0.3877952755905513804 ) ) ;
#6106 = EDGE_LOOP ( 'NONE', ( #6049, #6207, #6217, #487 ) ) ;
#6107 = CIRCLE ( 'NONE', #5758, 0.02639650710036412634 ) ;
#6108 = CIRCLE ( 'NONE', #6819, 1.359999999999999876 ) ;
#6109 = ORIENTED_EDGE ( 'NONE', *, *, #7160, .F. ) ;
#6110 = DIRECTION ( 'NONE',  ( 0.000000000000000000, 0.000000000000000000, 1.000000000000000000 ) ) ;
#6111 = ORIENTED_EDGE ( 'NONE', *, *, #3124, .T. ) ;
#6112 = CARTESIAN_POINT ( 'NONE',  ( -0.2026169319621085874, 0.2416535433070866601, -0.4534870641169852501 ) ) ;
#6113 = CIRCLE ( 'NONE', #4907, 0.01377952755905510404 ) ;
#6114 = B_SPLINE_CURVE_WITH_KNOTS ( 'NONE', 3,
 ( #4879, #7013, #3621, #5937 ),
 .UNSPECIFIED., .F., .F.,
 ( 4, 4 ),
 ( 0.000000000000000000, 1.000000000000000000 ),
 .UNSPECIFIED. ) ;
#6115 = ORIENTED_EDGE ( 'NONE', *, *, #4889, .F. ) ;
#6116 = CARTESIAN_POINT ( 'NONE',  ( 0.4879966628509019855, 0.04387261478901692546, -0.03975134881889921118 ) ) ;
#6117 = DIRECTION ( 'NONE',  ( -1.000000000000000000, 0.000000000000000000, 0.000000000000000000 ) ) ;
#6118 = CARTESIAN_POINT ( 'NONE',  ( -0.2726725254360707895, 0.2716535433070866867, -0.4306299212598424520 ) ) ;
#6119 = VERTEX_POINT ( 'NONE', #53 ) ;
#6120 = FACE_OUTER_BOUND ( 'NONE', #891, .T. ) ;
#6121 = DIRECTION ( 'NONE',  ( 1.000000000000000000, -3.433861939970594219E-15, 0.000000000000000000 ) ) ;
#6122 = PLANE ( 'NONE',  #2808 ) ;
#6123 = LINE ( 'NONE', #7269, #7084 ) ;
#6124 = VERTEX_POINT ( 'NONE', #2470 ) ;
#6125 = EDGE_CURVE ( 'NONE', #2034, #4760, #327, .T. ) ;
#6126 = VERTEX_POINT ( 'NONE', #1778 ) ;
#6127 = PLANE ( 'NONE',  #725 ) ;
#6128 = PLANE ( 'NONE',  #6538 ) ;
#6129 = CARTESIAN_POINT ( 'NONE',  ( -0.02972440944881905162, 0.000000000000000000, 0.000000000000000000 ) ) ;
#6130 = CARTESIAN_POINT ( 'NONE',  ( -0.3142341929376631926, 0.2680467370219827283, 0.4482971850636469635 ) ) ;
#6131 = CARTESIAN_POINT ( 'NONE',  ( -0.3484251968503935815, 0.3858267716535432323, -0.3877952755905513804 ) ) ;
#6132 = ADVANCED_FACE ( 'NONE', ( #6381 ), #3510, .T. ) ;
#6133 = VERTEX_POINT ( 'NONE', #6522 ) ;
#6134 = EDGE_CURVE ( 'NONE', #88, #6172, #1057, .T. ) ;
#6135 = EDGE_CURVE ( 'NONE', #6126, #2728, #5485, .T. ) ;
#6136 = ORIENTED_EDGE ( 'NONE', *, *, #1878, .F. ) ;
#6137 = VERTEX_POINT ( 'NONE', #3703 ) ;
#6138 = DIRECTION ( 'NONE',  ( -1.141265444721584004E-16, 4.379057701015053347E-47, -1.000000000000000000 ) ) ;
#6139 = CARTESIAN_POINT ( 'NONE',  ( -0.4295669291338582996, 0.000000000000000000, 0.08999999999999999667 ) ) ;
#6140 = FACE_OUTER_BOUND ( 'NONE', #1609, .T. ) ;
#6141 = PLANE ( 'NONE',  #1274 ) ;
#6142 = DIRECTION ( 'NONE',  ( 0.000000000000000000, 1.000000000000000000, 7.661286097916305006E-43 ) ) ;
#6143 = EDGE_CURVE ( 'NONE', #3790, #1434, #6006, .T. ) ;
#6144 = LINE ( 'NONE', #4938, #4576 ) ;
#6145 = VECTOR ( 'NONE', #4271, 39.37007874015748143 ) ;
#6146 = ORIENTED_EDGE ( 'NONE', *, *, #6544, .F. ) ;
#6147 = CARTESIAN_POINT ( 'NONE',  ( 0.4507874015748030150, 0.4015748031496062520, 0.2480314960629921017 ) ) ;
#6148 = VERTEX_POINT ( 'NONE', #4396 ) ;
#6149 = TOROIDAL_SURFACE ( 'NONE', #6740, 1.389999999999999902, 0.02999999999999999889 ) ;
#6150 = CARTESIAN_POINT ( 'NONE',  ( -0.3263734900923607740, 0.2455807691404416904, -0.4319215389013775774 ) ) ;
#6151 = VECTOR ( 'NONE', #3325, 39.37007874015748143 ) ;
#6152 = ORIENTED_EDGE ( 'NONE', *, *, #651, .F. ) ;
#6153 = STYLED_ITEM ( 'NONE', ( #3857 ), #1492 ) ;
#6154 = FACE_OUTER_BOUND ( 'NONE', #2342, .T. ) ;
#6155 = CARTESIAN_POINT ( 'NONE',  ( -0.1912401113257624630, 0.2577683469667285121, -0.4571060850642205131 ) ) ;
#6156 = CARTESIAN_POINT ( 'NONE',  ( -0.2568980361612549501, 0.2593126996350295643, 0.4553323077928593254 ) ) ;
#6157 = DIRECTION ( 'NONE',  ( -0.000000000000000000, 1.000000000000000000, -0.000000000000000000 ) ) ;
#6158 = CARTESIAN_POINT ( 'NONE',  ( -0.3265669291338584301, 0.2416535433070866601, 0.4319299212598425308 ) ) ;
#6159 = ORIENTED_EDGE ( 'NONE', *, *, #5255, .F. ) ;
#6160 = DIRECTION ( 'NONE',  ( 1.000000000000000000, 0.000000000000000000, 0.000000000000000000 ) ) ;
#6161 = ORIENTED_EDGE ( 'NONE', *, *, #689, .T. ) ;
#6162 = FACE_OUTER_BOUND ( 'NONE', #3254, .T. ) ;
#6163 = DIRECTION ( 'NONE',  ( 0.000000000000000000, 1.000000000000000000, 0.000000000000000000 ) ) ;
#6164 = AXIS2_PLACEMENT_3D ( 'NONE', #4252, #2558, #1794 ) ;
#6165 = DIRECTION ( 'NONE',  ( 0.000000000000000000, -0.4896753169007020956, -0.8719048594991295476 ) ) ;
#6166 = CARTESIAN_POINT ( 'NONE',  ( -0.2978669291338584824, 0.2416535433070866601, 0.4606299212598424231 ) ) ;
#6167 = ADVANCED_FACE ( 'NONE', ( #914 ), #3930, .T. ) ;
#6168 = CARTESIAN_POINT ( 'NONE',  ( -0.4816026208834747746, 0.02852789497276874905, -0.008845837007875591296 ) ) ;
#6169 = EDGE_LOOP ( 'NONE', ( #7100, #1215, #7148, #4488 ) ) ;
#6170 = ORIENTED_EDGE ( 'NONE', *, *, #1099, .T. ) ;
#6171 = CARTESIAN_POINT ( 'NONE',  ( -0.2978669291338577052, 0.2592271364358937902, -0.4606299212598424786 ) ) ;
#6172 = VERTEX_POINT ( 'NONE', #3170 ) ;
#6173 = EDGE_CURVE ( 'NONE', #4847, #3659, #6085, .T. ) ;
#6174 = FACE_OUTER_BOUND ( 'NONE', #5731, .T. ) ;
#6175 = CARTESIAN_POINT ( 'NONE',  ( -0.4752772192324700717, 0.04917272174909721044, 0.02205967480314803206 ) ) ;
#6176 = CARTESIAN_POINT ( 'NONE',  ( 0.3487518205591552123, 0.2716535433070866312, 0.3788699307953760642 ) ) ;
#6177 = EDGE_CURVE ( 'NONE', #2598, #697, #3663, .T. ) ;
#6178 = AXIS2_PLACEMENT_3D ( 'NONE', #859, #2449, #5923 ) ;
#6179 = CARTESIAN_POINT ( 'NONE',  ( 0.4803149606299223495, 0.1102362204724409295, 0.2185039370078739329 ) ) ;
#6180 = EDGE_CURVE ( 'NONE', #6069, #3143, #5971, .T. ) ;
#6181 = VECTOR ( 'NONE', #582, 39.37007874015748143 ) ;
#6182 = ORIENTED_EDGE ( 'NONE', *, *, #780, .T. ) ;
#6183 = VECTOR ( 'NONE', #6764, 39.37007874015748143 ) ;
#6184 = VERTEX_POINT ( 'NONE', #2578 ) ;
#6185 = EDGE_CURVE ( 'NONE', #7230, #3792, #6560, .T. ) ;
#6186 = CARTESIAN_POINT ( 'NONE',  ( 0.1596456692913385822, 0.3114173228346456268, -0.1279527559055120278 ) ) ;
#6187 = ORIENTED_EDGE ( 'NONE', *, *, #7154, .F. ) ;
#6188 = DIRECTION ( 'NONE',  ( 0.000000000000000000, -1.000000000000000000, -7.661286097916305006E-43 ) ) ;
#6189 = CIRCLE ( 'NONE', #2334, 0.3499999999999999778 ) ;
#6190 = ORIENTED_EDGE ( 'NONE', *, *, #415, .T. ) ;
#6191 = CARTESIAN_POINT ( 'NONE',  ( 0.1594488188976377896, 0.3917322834645668994, -0.06045746635706854971 ) ) ;
#6192 = AXIS2_PLACEMENT_3D ( 'NONE', #750, #6476, #1379 ) ;
#6193 = DIRECTION ( 'NONE',  ( 0.9230681940233445015, 0.3846363336743959249, -0.000000000000000000 ) ) ;
#6194 = ORIENTED_EDGE ( 'NONE', *, *, #7218, .T. ) ;
#6195 = VECTOR ( 'NONE', #6255, 39.37007874015748143 ) ;
#6196 = CARTESIAN_POINT ( 'NONE',  ( -0.2726725254360707895, 0.2716535433070866867, 0.4306299212598424520 ) ) ;
#6197 = LINE ( 'NONE', #1027, #4673 ) ;
#6198 = CARTESIAN_POINT ( 'NONE',  ( 0.3701181102362202102, 0.2516535433070866135, 0.09000000000000001055 ) ) ;
#6199 = DIRECTION ( 'NONE',  ( -0.4999999999999947820, -1.198706289329680813E-15, -0.8660254037844417052 ) ) ;
#6200 = EDGE_LOOP ( 'NONE', ( #6956, #947, #5564, #325 ) ) ;
#6201 = ORIENTED_EDGE ( 'NONE', *, *, #1054, .T. ) ;
#6202 = CARTESIAN_POINT ( 'NONE',  ( 0.4606299212598436443, 1.468368296594541455E-15, 0.2185039370078736831 ) ) ;
#6203 = CARTESIAN_POINT ( 'NONE',  ( 0.1596456692913385822, 0.3153543307086614234, -0.09663724781254488805 ) ) ;
#6204 = LINE ( 'NONE', #925, #7356 ) ;
#6205 = CARTESIAN_POINT ( 'NONE',  ( -0.4940944881889764995, 0.2023622047244093280, -0.2054993803149607612 ) ) ;
#6206 = CARTESIAN_POINT ( 'NONE',  ( -0.4789342142725088736, 0.05063094610672995433, -0.03975134881889921118 ) ) ;
#6207 = ORIENTED_EDGE ( 'NONE', *, *, #951, .F. ) ;
#6208 = LENGTH_MEASURE_WITH_UNIT ( LENGTH_MEASURE( 0.02539999999999999897 ), #3473 );
#6209 = ORIENTED_EDGE ( 'NONE', *, *, #6678, .T. ) ;
#6210 = DIRECTION ( 'NONE',  ( -0.000000000000000000, -1.000000000000000000, -0.000000000000000000 ) ) ;
#6211 = ADVANCED_FACE ( 'NONE', ( #2036 ), #5410, .T. ) ;
#6212 = ORIENTED_EDGE ( 'NONE', *, *, #1051, .T. ) ;
#6213 = DIRECTION ( 'NONE',  ( 1.000000000000000000, 0.000000000000000000, -5.542458384320307220E-16 ) ) ;
#6214 = CARTESIAN_POINT ( 'NONE',  ( 0.1596456692913385822, 0.3745673898465213814, 0.01683623137732593103 ) ) ;
#6215 = DIRECTION ( 'NONE',  ( 1.000000000000000000, 0.000000000000000000, -0.000000000000000000 ) ) ;
#6216 = CARTESIAN_POINT ( 'NONE',  ( 0.4704724409448826639, 0.09842519685039349819, -0.03975134881889921118 ) ) ;
#6217 = ORIENTED_EDGE ( 'NONE', *, *, #1557, .F. ) ;
#6218 = FACE_OUTER_BOUND ( 'NONE', #899, .T. ) ;
#6219 = EDGE_CURVE ( 'NONE', #981, #222, #1392, .T. ) ;
#6220 = ORIENTED_EDGE ( 'NONE', *, *, #3261, .F. ) ;
#6221 = ADVANCED_FACE ( 'NONE', ( #4512 ), #1999, .T. ) ;
#6222 = DIRECTION ( 'NONE',  ( 0.000000000000000000, 1.000000000000000000, 7.661286097916305006E-43 ) ) ;
#6223 = ORIENTED_EDGE ( 'NONE', *, *, #4533, .F. ) ;
#6224 = LINE ( 'NONE', #4540, #7213 ) ;
#6225 = CARTESIAN_POINT ( 'NONE',  ( -0.2977354163236736184, 0.2549478376355674425, -0.4575950102555778609 ) ) ;
#6226 = CIRCLE ( 'NONE', #4426, 0.07874015748031495954 ) ;
#6227 = AXIS2_PLACEMENT_3D ( 'NONE', #1210, #2316, #6939 ) ;
#6228 = EDGE_CURVE ( 'NONE', #1049, #4419, #5716, .T. ) ;
#6229 = VERTEX_POINT ( 'NONE', #7266 ) ;
#6230 = EDGE_CURVE ( 'NONE', #3798, #620, #6747, .T. ) ;
#6231 = VERTEX_POINT ( 'NONE', #2834 ) ;
#6232 = EDGE_CURVE ( 'NONE', #1049, #274, #3320, .T. ) ;
#6233 = AXIS2_PLACEMENT_3D ( 'NONE', #2375, #4434, #3812 ) ;
#6234 = CARTESIAN_POINT ( 'NONE',  ( 0.4707524537788596031, 0.09772296914473160845, -0.03975134881889921118 ) ) ;
#6235 = DIRECTION ( 'NONE',  ( 3.920279041755496988E-16, 0.000000000000000000, -1.000000000000000000 ) ) ;
#6236 = CARTESIAN_POINT ( 'NONE',  ( 0.3701181102362202102, 0.2716535433070866312, 0.09000000000000001055 ) ) ;
#6237 = ORIENTED_EDGE ( 'NONE', *, *, #6540, .F. ) ;
#6238 = DIRECTION ( 'NONE',  ( 1.000000000000000000, 0.000000000000000000, 0.000000000000000000 ) ) ;
#6239 = CIRCLE ( 'NONE', #5518, 0.03090551181102363376 ) ;
#6240 = LINE ( 'NONE', #2797, #1280 ) ;
#6241 = CARTESIAN_POINT ( 'NONE',  ( -0.1596456692913385822, 0.3153543307086614234, -0.09663724781254488805 ) ) ;
#6242 = CARTESIAN_POINT ( 'NONE',  ( 0.3487518205591552123, 0.000000000000000000, -0.3788699307953760642 ) ) ;
#6243 = ORIENTED_EDGE ( 'NONE', *, *, #2990, .F. ) ;
#6244 = VECTOR ( 'NONE', #4717, 39.37007874015748143 ) ;
#6245 = ORIENTED_EDGE ( 'NONE', *, *, #1841, .F. ) ;
#6246 = CARTESIAN_POINT ( 'NONE',  ( 0.4996656043679575387, 0.1102362204724408601, 0.2717052744913953100 ) ) ;
#6247 = LINE ( 'NONE', #1071, #3416 ) ;
#6248 = DIRECTION ( 'NONE',  ( 0.000000000000000000, 0.000000000000000000, 1.000000000000000000 ) ) ;
#6249 = DIRECTION ( 'NONE',  ( 0.000000000000000000, -1.000000000000000000, -7.661286097916305006E-43 ) ) ;
#6250 = ORIENTED_EDGE ( 'NONE', *, *, #1566, .T. ) ;
#6251 = ORIENTED_EDGE ( 'NONE', *, *, #353, .F. ) ;
#6252 = CARTESIAN_POINT ( 'NONE',  ( -0.1999999999999999833, 0.3917322834645668994, -0.1279527559055120278 ) ) ;
#6253 = ORIENTED_EDGE ( 'NONE', *, *, #3685, .T. ) ;
#6254 = CIRCLE ( 'NONE', #4322, 0.01377952755905510404 ) ;
#6255 = DIRECTION ( 'NONE',  ( 1.000000000000000000, 0.000000000000000000, 0.000000000000000000 ) ) ;
#6256 = CARTESIAN_POINT ( 'NONE',  ( -0.2505326743371041331, 0.2457374586504338099, -0.4534870641169853056 ) ) ;
#6257 = DIRECTION ( 'NONE',  ( 0.000000000000000000, 0.000000000000000000, -1.000000000000000000 ) ) ;
#6258 = DIRECTION ( 'NONE',  ( -0.000000000000000000, 0.000000000000000000, -1.000000000000000000 ) ) ;
#6259 = FACE_OUTER_BOUND ( 'NONE', #1395, .T. ) ;
#6260 = EDGE_LOOP ( 'NONE', ( #1496, #5818, #4301, #6667, #4987, #575, #1374, #2811 ) ) ;
#6261 = ORIENTED_EDGE ( 'NONE', *, *, #1916, .T. ) ;
#6262 = CARTESIAN_POINT ( 'NONE',  ( -0.2265748031496063741, 0.000000000000000000, -0.4606299212598424786 ) ) ;
#6263 = CARTESIAN_POINT ( 'NONE',  ( 0.4291338582677163838, 0.4015748031496062520, -0.3877952755905513804 ) ) ;
#6264 = ORIENTED_EDGE ( 'NONE', *, *, #1965, .F. ) ;
#6265 = CARTESIAN_POINT ( 'NONE',  ( -0.2665669291338584879, 0.000000000000000000, -0.3511974678401351690 ) ) ;
#6266 = ADVANCED_FACE ( 'NONE', ( #5560 ), #6788, .T. ) ;
#6267 = AXIS2_PLACEMENT_3D ( 'NONE', #4954, #5562, #4469 ) ;
#6268 = VERTEX_POINT ( 'NONE', #2112 ) ;
#6269 = VERTEX_POINT ( 'NONE', #5601 ) ;
#6270 = CARTESIAN_POINT ( 'NONE',  ( 0.2403543307086613845, 0.3015748031496062187, -0.09303263377995586725 ) ) ;
#6271 = EDGE_CURVE ( 'NONE', #38, #6269, #6464, .T. ) ;
#6272 = ORIENTED_EDGE ( 'NONE', *, *, #542, .F. ) ;
#6273 = DIRECTION ( 'NONE',  ( -0.8660254037844417052, 0.000000000000000000, -0.4999999999999947820 ) ) ;
#6274 = VECTOR ( 'NONE', #5976, 39.37007874015748143 ) ;
#6275 = DIRECTION ( 'NONE',  ( 0.000000000000000000, -7.661286097916305006E-43, 1.000000000000000000 ) ) ;
#6276 = CARTESIAN_POINT ( 'NONE',  ( -0.4688831772650427498, 0.03382800193284898893, 0.02205967480314803206 ) ) ;
#6277 = EDGE_CURVE ( 'NONE', #6298, #7417, #3356, .T. ) ;
#6278 = ADVANCED_FACE ( 'NONE', ( #4684 ), #1543, .T. ) ;
#6279 = AXIS2_PLACEMENT_3D ( 'NONE', #1367, #5347, #1933 ) ;
#6280 = ORIENTED_EDGE ( 'NONE', *, *, #4397, .F. ) ;
#6281 = EDGE_LOOP ( 'NONE', ( #630, #3050, #5477 ) ) ;
#6282 = EDGE_CURVE ( 'NONE', #7341, #2907, #6240, .T. ) ;
#6283 = DIRECTION ( 'NONE',  ( 0.000000000000000000, -0.4896753169007019846, -0.8719048594991295476 ) ) ;
#6284 = CARTESIAN_POINT ( 'NONE',  ( 0.4291338582677163838, 0.4015748031496062520, -0.4035433070866142891 ) ) ;
#6285 = AXIS2_PLACEMENT_3D ( 'NONE', #5231, #2356, #769 ) ;
#6286 = PLANE ( 'NONE',  #361 ) ;
#6287 = ORIENTED_EDGE ( 'NONE', *, *, #1140, .F. ) ;
#6288 = ORIENTED_EDGE ( 'NONE', *, *, #2216, .T. ) ;
#6289 = DIRECTION ( 'NONE',  ( 0.000000000000000000, 1.000000000000000000, 0.000000000000000000 ) ) ;
#6290 = ORIENTED_EDGE ( 'NONE', *, *, #6996, .T. ) ;
#6291 = AXIS2_PLACEMENT_3D ( 'NONE', #3420, #27, #1144 ) ;
#6292 = LINE ( 'NONE', #5307, #7092 ) ;
#6293 = DIRECTION ( 'NONE',  ( 0.000000000000000000, -4.956352788505162676E-15, 1.000000000000000000 ) ) ;
#6294 = DIRECTION ( 'NONE',  ( -0.4999999999999990563, 0.000000000000000000, 0.8660254037844391517 ) ) ;
#6295 = DIRECTION ( 'NONE',  ( -0.000000000000000000, -1.000000000000000000, -7.661286097916305006E-43 ) ) ;
#6296 = DIRECTION ( 'NONE',  ( 0.000000000000000000, -1.000000000000000000, -7.661286097916305006E-43 ) ) ;
#6297 = CARTESIAN_POINT ( 'NONE',  ( -0.2726725254360719553, 0.2716535433070866312, 0.4306299212598424520 ) ) ;
#6298 = VERTEX_POINT ( 'NONE', #381 ) ;
#6299 = CARTESIAN_POINT ( 'NONE',  ( 0.3083442662718037242, 0.2516535433070866690, -0.4488578678306663350 ) ) ;
#6300 = FACE_OUTER_BOUND ( 'NONE', #6690, .T. ) ;
#6301 = ORIENTED_EDGE ( 'NONE', *, *, #1278, .T. ) ;
#6302 = AXIS2_PLACEMENT_3D ( 'NONE', #6465, #849, #5385 ) ;
#6303 = DIRECTION ( 'NONE',  ( -1.000000000000000000, 0.000000000000000000, 0.000000000000000000 ) ) ;
#6304 = VERTEX_POINT ( 'NONE', #5106 ) ;
#6305 = AXIS2_PLACEMENT_3D ( 'NONE', #2485, #4780, #4897 ) ;
#6306 = VERTEX_POINT ( 'NONE', #988 ) ;
#6307 = VECTOR ( 'NONE', #4912, 39.37007874015748143 ) ;
#6308 = EDGE_CURVE ( 'NONE', #4262, #2622, #7376, .T. ) ;
#6309 = CARTESIAN_POINT ( 'NONE',  ( 0.2933442662718037108, 0.2416535433070866601, 0.4748386299441995084 ) ) ;
#6310 = ORIENTED_EDGE ( 'NONE', *, *, #5945, .F. ) ;
#6311 = PRODUCT_DEFINITION_CONTEXT ( 'detailed design', #5216, 'design' ) ;
#6312 = VECTOR ( 'NONE', #4295, 39.37007874015748143 ) ;
#6313 = DIRECTION ( 'NONE',  ( 0.4999999999999947820, -1.198706289329680813E-15, -0.8660254037844417052 ) ) ;
#6314 = PLANE ( 'NONE',  #5586 ) ;
#6315 = EDGE_CURVE ( 'NONE', #5005, #5243, #2754, .T. ) ;
#6316 = APPLICATION_PROTOCOL_DEFINITION ( 'draft international standard', 'automotive_design', 1998, #5216 ) ;
#6317 = EDGE_CURVE ( 'NONE', #756, #6812, #5024, .T. ) ;
#6318 = VERTEX_POINT ( 'NONE', #4466 ) ;
#6319 = EDGE_CURVE ( 'NONE', #4786, #404, #6197, .T. ) ;
#6320 = LINE ( 'NONE', #13, #4348 ) ;
#6321 = CARTESIAN_POINT ( 'NONE',  ( 0.2087340609205521613, 0.2416535433070866601, -0.4606299212598424786 ) ) ;
#6322 = CARTESIAN_POINT ( 'NONE',  ( -0.4606299212598433113, 0.1102362204724409017, -0.03975134881889921118 ) ) ;
#6323 = DIRECTION ( 'NONE',  ( 1.000000000000000000, 0.000000000000000000, 0.000000000000000000 ) ) ;
#6324 = EDGE_CURVE ( 'NONE', #1125, #408, #6828, .T. ) ;
#6325 = VERTEX_POINT ( 'NONE', #1870 ) ;
#6326 = ORIENTED_EDGE ( 'NONE', *, *, #4481, .T. ) ;
#6327 = ORIENTED_EDGE ( 'NONE', *, *, #6361, .T. ) ;
#6328 = EDGE_CURVE ( 'NONE', #6172, #1053, #3004, .T. ) ;
#6329 = CARTESIAN_POINT ( 'NONE',  ( -0.4704724409448817202, 0.3818897637795276023, 0.2185039370078739329 ) ) ;
#6330 = DIRECTION ( 'NONE',  ( 1.000000000000000000, -0.000000000000000000, -0.000000000000000000 ) ) ;
#6331 = LINE ( 'NONE', #2886, #2417 ) ;
#6332 = CARTESIAN_POINT ( 'NONE',  ( -0.3256848422390818953, 0.2499376458207609730, -0.3507886447300664345 ) ) ;
#6333 = VERTEX_POINT ( 'NONE', #5926 ) ;
#6334 = VERTEX_POINT ( 'NONE', #2524 ) ;
#6335 = PLANE ( 'NONE',  #1796 ) ;
#6336 = CARTESIAN_POINT ( 'NONE',  ( -0.1804770808631407930, 0.2716535433070866312, 0.4306299212598441728 ) ) ;
#6337 = CARTESIAN_POINT ( 'NONE',  ( -0.3191683920043987266, 0.2614784873077392047, -0.4316093179842325767 ) ) ;
#6338 = VERTEX_POINT ( 'NONE', #3530 ) ;
#6339 = VERTEX_POINT ( 'NONE', #3686 ) ;
#6340 = CARTESIAN_POINT ( 'NONE',  ( -0.2665669291338584879, 0.000000000000000000, 0.3856257223156518976 ) ) ;
#6341 = ORIENTED_EDGE ( 'NONE', *, *, #4696, .T. ) ;
#6342 = VECTOR ( 'NONE', #4775, 39.37007874015748143 ) ;
#6343 = VECTOR ( 'NONE', #5378, 39.37007874015748143 ) ;
#6344 = CIRCLE ( 'NONE', #4050, 0.1408151085747029740 ) ;
#6345 = ORIENTED_EDGE ( 'NONE', *, *, #2859, .T. ) ;
#6346 = DIRECTION ( 'NONE',  ( 0.8660254037844393737, 1.290769260640714014E-15, -0.4999999999999991118 ) ) ;
#6347 = LINE ( 'NONE', #6284, #5338 ) ;
#6348 = DIRECTION ( 'NONE',  ( 0.000000000000000000, 0.000000000000000000, 1.000000000000000000 ) ) ;
#6349 = DIRECTION ( 'NONE',  ( 0.000000000000000000, 1.000000000000000000, 7.661286097916305006E-43 ) ) ;
#6350 = EDGE_CURVE ( 'NONE', #265, #2434, #5638, .T. ) ;
#6351 = AXIS2_PLACEMENT_3D ( 'NONE', #3010, #72, #6893 ) ;
#6352 = ORIENTED_EDGE ( 'NONE', *, *, #6766, .F. ) ;
#6353 = VERTEX_POINT ( 'NONE', #4261 ) ;
#6354 = FACE_OUTER_BOUND ( 'NONE', #1416, .T. ) ;
#6355 = DIRECTION ( 'NONE',  ( -3.396661351562978405E-15, -1.000000000000000000, 1.392496217984120218E-32 ) ) ;
#6356 = CARTESIAN_POINT ( 'NONE',  ( -0.3980708661417322602, 0.02000000000000002470, -0.05118110236220477227 ) ) ;
#6357 = PLANE ( 'NONE',  #3953 ) ;
#6358 = EDGE_CURVE ( 'NONE', #1362, #4266, #7064, .T. ) ;
#6359 = DIRECTION ( 'NONE',  ( -1.000000000000000000, 0.000000000000000000, 0.000000000000000000 ) ) ;
#6360 = DIRECTION ( 'NONE',  ( -8.459571950149005536E-16, -7.042530573768935242E-43, -1.000000000000000000 ) ) ;
#6361 = EDGE_CURVE ( 'NONE', #3023, #2341, #7380, .T. ) ;
#6362 = EDGE_CURVE ( 'NONE', #1013, #1169, #2827, .T. ) ;
#6363 = ORIENTED_EDGE ( 'NONE', *, *, #6074, .F. ) ;
#6364 = ORIENTED_EDGE ( 'NONE', *, *, #5536, .F. ) ;
#6365 = CARTESIAN_POINT ( 'NONE',  ( -0.1596456692913385822, 0.3745673898465213814, 0.01683623137732593103 ) ) ;
#6366 = DIRECTION ( 'NONE',  ( 8.459571950149005536E-16, 7.042530573768935242E-43, 1.000000000000000000 ) ) ;
#6367 = CARTESIAN_POINT ( 'NONE',  ( -0.4704724409448817202, 0.3818897637795276023, 5.335640612625514253E-17 ) ) ;
#6368 = EDGE_CURVE ( 'NONE', #3804, #3798, #1905, .T. ) ;
#6369 = LINE ( 'NONE', #2181, #4394 ) ;
#6370 = VERTEX_POINT ( 'NONE', #672 ) ;
#6371 = ORIENTED_EDGE ( 'NONE', *, *, #5635, .F. ) ;
#6372 = AXIS2_PLACEMENT_3D ( 'NONE', #358, #7168, #1375 ) ;
#6373 = DIRECTION ( 'NONE',  ( -1.000000000000000000, 0.000000000000000000, 0.000000000000000000 ) ) ;
#6374 = VERTEX_POINT ( 'NONE', #4143 ) ;
#6375 = UNCERTAINTY_MEASURE_WITH_UNIT (LENGTH_MEASURE( 1.000000000000000082E-05 ), #4806, 'distance_accuracy_value', 'NONE');
#6376 = CARTESIAN_POINT ( 'NONE',  ( 0.4704724409448827194, 0.1102362204724409017, -0.3799212598425197318 ) ) ;
#6377 = VERTEX_POINT ( 'NONE', #1944 ) ;
#6378 = CIRCLE ( 'NONE', #488, 0.003937007874015724558 ) ;
#6379 = DIRECTION ( 'NONE',  ( 0.000000000000000000, 1.000000000000000000, 7.661286097916305006E-43 ) ) ;
#6380 = FACE_OUTER_BOUND ( 'NONE', #497, .T. ) ;
#6381 = FACE_OUTER_BOUND ( 'NONE', #3864, .T. ) ;
#6382 = CARTESIAN_POINT ( 'NONE',  ( -0.4880767018726059892, 0.05427650700081183832, -0.03975134881889921118 ) ) ;
#6383 = VECTOR ( 'NONE', #5202, 39.37007874015748143 ) ;
#6384 = ORIENTED_EDGE ( 'NONE', *, *, #7117, .T. ) ;
#6385 = ORIENTED_EDGE ( 'NONE', *, *, #2116, .T. ) ;
#6386 = ORIENTED_EDGE ( 'NONE', *, *, #1046, .F. ) ;
#6387 = CARTESIAN_POINT ( 'NONE',  ( -0.2978669291338584824, 0.2716535433070866312, -0.4606299212598424786 ) ) ;
#6388 = DIRECTION ( 'NONE',  ( 1.000000000000000000, -0.000000000000000000, -0.000000000000000000 ) ) ;
#6389 = MECHANICAL_DESIGN_GEOMETRIC_PRESENTATION_REPRESENTATION (  '', ( #5437 ), #4948 ) ;
#6390 = CARTESIAN_POINT ( 'NONE',  ( -0.2702380923577387128, 0.2716535433070866312, -0.4338483348013669749 ) ) ;
#6391 = ADVANCED_FACE ( 'NONE', ( #7031 ), #5362, .T. ) ;
#6392 = CARTESIAN_POINT ( 'NONE',  ( -0.4752772192324700717, 0.04917272174909721044, -0.03975134881889921118 ) ) ;
#6393 = LINE ( 'NONE', #592, #6610 ) ;
#6394 = DIRECTION ( 'NONE',  ( 0.000000000000000000, 1.000000000000000000, 0.000000000000000000 ) ) ;
#6395 = SURFACE_SIDE_STYLE ('',( #6844 ) ) ;
#6396 = VERTEX_POINT ( 'NONE', #6510 ) ;
#6397 = EDGE_CURVE ( 'NONE', #4471, #7252, #2013, .T. ) ;
#6398 = EDGE_CURVE ( 'NONE', #4148, #6019, #3607, .T. ) ;
#6399 = DIRECTION ( 'NONE',  ( -0.000000000000000000, 0.000000000000000000, -1.000000000000000000 ) ) ;
#6400 = EDGE_CURVE ( 'NONE', #885, #1013, #828, .T. ) ;
#6401 = DIRECTION ( 'NONE',  ( 1.000000000000000000, 0.000000000000000000, 0.000000000000000000 ) ) ;
#6402 = EDGE_CURVE ( 'NONE', #4409, #7298, #104, .T. ) ;
#6403 = DIRECTION ( 'NONE',  ( -0.000000000000000000, 0.000000000000000000, 1.000000000000000000 ) ) ;
#6404 = DIRECTION ( 'NONE',  ( 1.000000000000000000, 0.000000000000000000, 0.000000000000000000 ) ) ;
#6405 = ADVANCED_FACE ( 'NONE', ( #3648 ), #5283, .T. ) ;
#6406 = EDGE_LOOP ( 'NONE', ( #2134, #3427, #6384, #603 ) ) ;
#6407 = DIRECTION ( 'NONE',  ( -0.000000000000000000, -1.000000000000000000, -0.000000000000000000 ) ) ;
#6408 = AXIS2_PLACEMENT_3D ( 'NONE', #4284, #3139, #6565 ) ;
#6409 = VERTEX_POINT ( 'NONE', #2415 ) ;
#6410 = LINE ( 'NONE', #6001, #5718 ) ;
#6411 = VECTOR ( 'NONE', #7186, 39.37007874015748143 ) ;
#6412 = VECTOR ( 'NONE', #2949, 39.37007874015748143 ) ;
#6413 = PLANE ( 'NONE',  #6057 ) ;
#6414 = AXIS2_PLACEMENT_3D ( 'NONE', #1895, #129, #4848 ) ;
#6415 = CARTESIAN_POINT ( 'NONE',  ( -0.2601158228121032145, 0.2716535433070866312, 0.4606299212598424786 ) ) ;
#6416 = AXIS2_PLACEMENT_3D ( 'NONE', #649, #6868, #2940 ) ;
#6417 = DIRECTION ( 'NONE',  ( 0.3703889868387169604, -0.9288767401698617698, 0.000000000000000000 ) ) ;
#6418 = DIRECTION ( 'NONE',  ( 0.000000000000000000, 0.000000000000000000, 1.000000000000000000 ) ) ;
#6419 = CARTESIAN_POINT ( 'NONE',  ( 0.4704724409448817202, 0.3818897637795276023, -0.3799212598425195653 ) ) ;
#6420 = CARTESIAN_POINT ( 'NONE',  ( -0.2978669291338584824, 0.000000000000000000, 0.4606299212598424231 ) ) ;
#6421 = AXIS2_PLACEMENT_3D ( 'NONE', #868, #2601, #7181 ) ;
#6422 = ORIENTED_EDGE ( 'NONE', *, *, #6135, .T. ) ;
#6423 = ORIENTED_EDGE ( 'NONE', *, *, #3616, .F. ) ;
#6424 = ORIENTED_EDGE ( 'NONE', *, *, #2710, .F. ) ;
#6425 = DIRECTION ( 'NONE',  ( 8.459571950149005536E-16, 7.042530573768935242E-43, 1.000000000000000000 ) ) ;
#6426 = PLANE ( 'NONE',  #1840 ) ;
#6427 = CARTESIAN_POINT ( 'NONE',  ( 0.3487518205591552123, 0.2516535433070866690, 0.3788699307953760642 ) ) ;
#6428 = DIRECTION ( 'NONE',  ( -1.000000000000000000, 0.000000000000000000, 0.000000000000000000 ) ) ;
#6429 = CARTESIAN_POINT ( 'NONE',  ( -0.02972440944881905162, 0.2416535433070866601, 0.000000000000000000 ) ) ;
#6430 = AXIS2_PLACEMENT_3D ( 'NONE', #1077, #478, #2324 ) ;
#6431 = FACE_OUTER_BOUND ( 'NONE', #6829, .T. ) ;
#6432 = ORIENTED_EDGE ( 'NONE', *, *, #6945, .T. ) ;
#6433 = ADVANCED_FACE ( 'NONE', ( #5430 ), #3667, .T. ) ;
#6434 = AXIS2_PLACEMENT_3D ( 'NONE', #7087, #3555, #5871 ) ;
#6435 = VERTEX_POINT ( 'NONE', #792 ) ;
#6436 = CARTESIAN_POINT ( 'NONE',  ( 0.3085062810569361713, 0.2716535433070866312, 0.08999999999999998279 ) ) ;
#6437 = LINE ( 'NONE', #101, #4445 ) ;
#6438 = FACE_OUTER_BOUND ( 'NONE', #1281, .T. ) ;
#6439 = CARTESIAN_POINT ( 'NONE',  ( -0.3484251968503935815, 0.3015748031496062187, -0.4035433070866146221 ) ) ;
#6440 = LINE ( 'NONE', #5325, #2683 ) ;
#6441 = ORIENTED_EDGE ( 'NONE', *, *, #5215, .T. ) ;
#6442 = ADVANCED_FACE ( 'NONE', ( #255 ), #4825, .T. ) ;
#6443 = VECTOR ( 'NONE', #3227, 39.37007874015748854 ) ;
#6444 = ORIENTED_EDGE ( 'NONE', *, *, #1063, .F. ) ;
#6445 = EDGE_LOOP ( 'NONE', ( #1130, #5921, #5540, #6345 ) ) ;
#6446 = EDGE_CURVE ( 'NONE', #921, #2502, #6997, .T. ) ;
#6447 = CARTESIAN_POINT ( 'NONE',  ( -0.2026169323371818931, 0.2459285824720018332, 0.4534870628589512953 ) ) ;
#6448 = EDGE_CURVE ( 'NONE', #4611, #2117, #4754, .T. ) ;
#6449 = EDGE_CURVE ( 'NONE', #2571, #3994, #6028, .T. ) ;
#6450 = VECTOR ( 'NONE', #5350, 39.37007874015748143 ) ;
#6451 = CARTESIAN_POINT ( 'NONE',  ( -0.2403543307086613845, 0.3659856491034197412, 0.02165587032319897520 ) ) ;
#6452 = CARTESIAN_POINT ( 'NONE',  ( -0.4291338582677163838, 0.3858267716535432879, -0.3937007874015749365 ) ) ;
#6453 = CARTESIAN_POINT ( 'NONE',  ( 0.4559778300884202440, 0.2716535433070866312, 0.3508954572730170196 ) ) ;
#6454 = CARTESIAN_POINT ( 'NONE',  ( -0.2978669291338584824, 0.000000000000000000, 0.4319299212598424753 ) ) ;
#6455 = DIRECTION ( 'NONE',  ( -0.000000000000000000, -1.000000000000000000, -0.000000000000000000 ) ) ;
#6456 = VECTOR ( 'NONE', #3704, 39.37007874015748143 ) ;
#6457 = AXIS2_PLACEMENT_3D ( 'NONE', #4899, #3756, #1448 ) ;
#6458 = ORIENTED_EDGE ( 'NONE', *, *, #135, .T. ) ;
#6459 = ORIENTED_EDGE ( 'NONE', *, *, #4658, .T. ) ;
#6460 = ORIENTED_EDGE ( 'NONE', *, *, #3775, .T. ) ;
#6461 = CARTESIAN_POINT ( 'NONE',  ( -0.4616099661787624875, 0.09407740825064973833, 0.02205967480314803206 ) ) ;
#6462 = PLANE ( 'NONE',  #2939 ) ;
#6463 = CARTESIAN_POINT ( 'NONE',  ( 0.2783442662718037530, 0.000000000000000000, 0.5008193920577327374 ) ) ;
#6464 = CIRCLE ( 'NONE', #6233, 0.01000000000000002970 ) ;
#6465 = CARTESIAN_POINT ( 'NONE',  ( 0.2087340609205521613, 0.2716535433070866312, 0.4606299212598424786 ) ) ;
#6466 = FACE_OUTER_BOUND ( 'NONE', #5471, .T. ) ;
#6467 = DIRECTION ( 'NONE',  ( 1.141265444721567241E-16, 4.852373359375687380E-16, -1.000000000000000000 ) ) ;
#6468 = VECTOR ( 'NONE', #5853, 39.37007874015748854 ) ;
#6469 = EDGE_LOOP ( 'NONE', ( #5671, #533, #1548, #4023 ) ) ;
#6470 = CARTESIAN_POINT ( 'NONE',  ( 0.4725173040131662727, 0.03231368565854034897, -0.03975134881889921118 ) ) ;
#6471 = ORIENTED_EDGE ( 'NONE', *, *, #962, .F. ) ;
#6472 = AXIS2_PLACEMENT_3D ( 'NONE', #3495, #6887, #1833 ) ;
#6473 = CARTESIAN_POINT ( 'NONE',  ( 0.4725173040131662727, 0.03231368565854034897, -0.008845837007875591296 ) ) ;
#6474 = DIRECTION ( 'NONE',  ( 0.000000000000000000, -1.000000000000000000, -7.661286097916305006E-43 ) ) ;
#6475 = DIRECTION ( 'NONE',  ( 0.000000000000000000, 0.000000000000000000, 1.000000000000000000 ) ) ;
#6476 = DIRECTION ( 'NONE',  ( 3.433861939970594219E-15, -1.000000000000000000, -0.000000000000000000 ) ) ;
#6477 = CARTESIAN_POINT ( 'NONE',  ( -0.2601158228121032145, 0.000000000000000000, 0.4506299212598424697 ) ) ;
#6478 = DIRECTION ( 'NONE',  ( -1.000000000000000000, 3.396661351562978405E-15, 1.141265444721584004E-16 ) ) ;
#6479 = FACE_OUTER_BOUND ( 'NONE', #2321, .T. ) ;
#6480 = EDGE_LOOP ( 'NONE', ( #4072, #3928, #5822, #5059 ) ) ;
#6481 = ORIENTED_EDGE ( 'NONE', *, *, #6935, .F. ) ;
#6482 = FACE_OUTER_BOUND ( 'NONE', #1692, .T. ) ;
#6483 = EDGE_LOOP ( 'NONE', ( #1622, #7122, #3009, #3117 ) ) ;
#6484 = EDGE_CURVE ( 'NONE', #7271, #976, #6681, .T. ) ;
#6485 = CARTESIAN_POINT ( 'NONE',  ( 0.4704724409448827194, 0.1102362204724409017, -0.3799212598425197318 ) ) ;
#6486 = EDGE_CURVE ( 'NONE', #519, #1817, #4299, .T. ) ;
#6487 = DIRECTION ( 'NONE',  ( -0.000000000000000000, 0.000000000000000000, 1.000000000000000000 ) ) ;
#6488 = EDGE_CURVE ( 'NONE', #5667, #3194, #6068, .T. ) ;
#6489 = CARTESIAN_POINT ( 'NONE',  ( 0.3316939163176266248, 0.3917322834645668994, 0.3779992289461152066 ) ) ;
#6490 = EDGE_CURVE ( 'NONE', #199, #6370, #3757, .T. ) ;
#6491 = DIRECTION ( 'NONE',  ( -0.000000000000000000, -0.000000000000000000, -1.000000000000000000 ) ) ;
#6492 = CARTESIAN_POINT ( 'NONE',  ( 0.4606299212598433113, 0.1102362204724409017, -0.03975134881889921118 ) ) ;
#6493 = AXIS2_PLACEMENT_3D ( 'NONE', #3891, #6199, #506 ) ;
#6494 = ORIENTED_EDGE ( 'NONE', *, *, #6490, .T. ) ;
#6495 = ADVANCED_FACE ( 'NONE', ( #3189 ), #2059, .T. ) ;
#6496 = ORIENTED_EDGE ( 'NONE', *, *, #3402, .F. ) ;
#6497 = CARTESIAN_POINT ( 'NONE',  ( -0.4507874015748030150, 0.3917322834645668994, 0.2185039370078739884 ) ) ;
#6498 = CARTESIAN_POINT ( 'NONE',  ( -0.1930337834871094782, 0.000000000000000000, 0.4506299212598425252 ) ) ;
#6499 = LINE ( 'NONE', #5977, #6064 ) ;
#6500 = DIRECTION ( 'NONE',  ( 0.000000000000000000, 0.000000000000000000, -1.000000000000000000 ) ) ;
#6501 = CIRCLE ( 'NONE', #3609, 1.419999999999999929 ) ;
#6502 = DIRECTION ( 'NONE',  ( 0.000000000000000000, 0.000000000000000000, -1.000000000000000000 ) ) ;
#6503 = VECTOR ( 'NONE', #4625, 39.37007874015748143 ) ;
#6504 = LINE ( 'NONE', #1825, #7162 ) ;
#6505 = ORIENTED_EDGE ( 'NONE', *, *, #3261, .T. ) ;
#6506 = EDGE_LOOP ( 'NONE', ( #4073, #6250, #5952, #56 ) ) ;
#6507 = DIRECTION ( 'NONE',  ( 0.000000000000000000, -1.000000000000000000, -7.661286097916305006E-43 ) ) ;
#6508 = CARTESIAN_POINT ( 'NONE',  ( 0.4911417322834649712, 0.1102362204724408323, 0.2766265343339150418 ) ) ;
#6509 = LINE ( 'NONE', #897, #5023 ) ;
#6510 = CARTESIAN_POINT ( 'NONE',  ( 0.4890567467915251654, 0.04917272174909721044, 0.02205967480314803206 ) ) ;
#6511 = LINE ( 'NONE', #3044, #5241 ) ;
#6512 = ORIENTED_EDGE ( 'NONE', *, *, #5901, .F. ) ;
#6513 = DIRECTION ( 'NONE',  ( 0.000000000000000000, 0.000000000000000000, -1.000000000000000000 ) ) ;
#6514 = LINE ( 'NONE', #1347, #5833 ) ;
#6515 = ORIENTED_EDGE ( 'NONE', *, *, #6766, .T. ) ;
#6516 = PRODUCT_DEFINITION_CONTEXT ( 'detailed design', #3656, 'design' ) ;
#6517 = FACE_OUTER_BOUND ( 'NONE', #359, .T. ) ;
#6518 = CARTESIAN_POINT ( 'NONE',  ( 0.4752772192324700717, 0.04917272174909721044, 0.02205967480314803206 ) ) ;
#6519 = EDGE_LOOP ( 'NONE', ( #2344, #952, #6571, #4401 ) ) ;
#6520 = AXIS2_PLACEMENT_3D ( 'NONE', #4352, #6557, #4429 ) ;
#6521 = FACE_BOUND ( 'NONE', #4560, .T. ) ;
#6522 = CARTESIAN_POINT ( 'NONE',  ( -0.1594488188976377896, 0.3917322834645668994, -0.06045746635706854971 ) ) ;
#6523 = FACE_OUTER_BOUND ( 'NONE', #6636, .T. ) ;
#6524 = PLANE ( 'NONE',  #3015 ) ;
#6525 = AXIS2_PLACEMENT_3D ( 'NONE', #548, #1672, #7344 ) ;
#6526 = EDGE_CURVE ( 'NONE', #564, #3552, #3187, .T. ) ;
#6527 = ORIENTED_EDGE ( 'NONE', *, *, #1504, .F. ) ;
#6528 = EDGE_CURVE ( 'NONE', #4326, #5422, #4900, .T. ) ;
#6529 = AXIS2_PLACEMENT_3D ( 'NONE', #6356, #7125, #2511 ) ;
#6530 = EDGE_CURVE ( 'NONE', #1427, #6339, #294, .T. ) ;
#6531 = VECTOR ( 'NONE', #6897, 39.37007874015748143 ) ;
#6532 = ORIENTED_EDGE ( 'NONE', *, *, #4976, .T. ) ;
#6533 = CARTESIAN_POINT ( 'NONE',  ( 0.4880767018726059892, 0.05427650700081183832, 0.02205967480314803206 ) ) ;
#6534 = CARTESIAN_POINT ( 'NONE',  ( 0.3487518205591552123, 0.2416535433070866601, -0.5196850393700790383 ) ) ;
#6535 = FACE_OUTER_BOUND ( 'NONE', #5988, .T. ) ;
#6536 = LINE ( 'NONE', #1293, #3150 ) ;
#6537 = DIRECTION ( 'NONE',  ( 3.433861939970594219E-15, -1.000000000000000000, -0.000000000000000000 ) ) ;
#6538 = AXIS2_PLACEMENT_3D ( 'NONE', #5566, #2686, #4998 ) ;
#6539 = CARTESIAN_POINT ( 'NONE',  ( 0.1596456692913385822, 0.3745673898465213814, 0.01683623137732593103 ) ) ;
#6540 = EDGE_CURVE ( 'NONE', #2728, #3964, #2133, .T. ) ;
#6541 = AXIS2_PLACEMENT_3D ( 'NONE', #5517, #6188, #4871 ) ;
#6542 = ORIENTED_EDGE ( 'NONE', *, *, #7301, .T. ) ;
#6543 = ADVANCED_FACE ( 'NONE', ( #7177 ), #5507, .T. ) ;
#6544 = EDGE_CURVE ( 'NONE', #6954, #3602, #3675, .T. ) ;
#6545 = CARTESIAN_POINT ( 'NONE',  ( 0.3386220472440941709, 0.000000000000000000, 0.05118110236220457798 ) ) ;
#6546 = CARTESIAN_POINT ( 'NONE',  ( -0.4547244094488192556, 0.2023622047244094113, -0.2054993803149607612 ) ) ;
#6547 = VECTOR ( 'NONE', #6903, 39.37007874015748143 ) ;
#6548 = DIRECTION ( 'NONE',  ( 0.000000000000000000, -0.000000000000000000, -1.000000000000000000 ) ) ;
#6549 = LINE ( 'NONE', #860, #4792 ) ;
#6550 = DIRECTION ( 'NONE',  ( -3.396661351562978405E-15, 1.000000000000000000, 4.852373359375683435E-16 ) ) ;
#6551 = CARTESIAN_POINT ( 'NONE',  ( -0.2265748031496063741, 0.000000000000000000, 0.4606299212598424786 ) ) ;
#6552 = EDGE_LOOP ( 'NONE', ( #6698, #1908, #5071, #4536, #6966, #7351 ) ) ;
#6553 = VECTOR ( 'NONE', #7051, 39.37007874015748143 ) ;
#6554 = ORIENTED_EDGE ( 'NONE', *, *, #4795, .F. ) ;
#6555 = ORIENTED_EDGE ( 'NONE', *, *, #5631, .T. ) ;
#6556 = CARTESIAN_POINT ( 'NONE',  ( -0.2017928749367215446, 0.2501940695371181467, 0.4529029487007873445 ) ) ;
#6557 = DIRECTION ( 'NONE',  ( 1.000000000000000000, 0.000000000000000000, 0.000000000000000000 ) ) ;
#6558 = CIRCLE ( 'NONE', #5497, 0.01181102362204724046 ) ;
#6559 = LINE ( 'NONE', #3168, #2457 ) ;
#6560 = LINE ( 'NONE', #840, #448 ) ;
#6561 = DIRECTION ( 'NONE',  ( 0.000000000000000000, 1.000000000000000000, 0.000000000000000000 ) ) ;
#6562 = ORIENTED_EDGE ( 'NONE', *, *, #1456, .T. ) ;
#6563 = ORIENTED_EDGE ( 'NONE', *, *, #2500, .F. ) ;
#6564 = DIRECTION ( 'NONE',  ( -0.8660254037844388186, 2.345220000641100191E-31, 0.4999999999999997224 ) ) ;
#6565 = DIRECTION ( 'NONE',  ( -1.000000000000000000, 0.000000000000000000, 0.000000000000000000 ) ) ;
#6566 = LINE ( 'NONE', #6054, #5070 ) ;
#6567 = VECTOR ( 'NONE', #6360, 39.37007874015748143 ) ;
#6568 = EDGE_CURVE ( 'NONE', #2263, #1166, #2357, .T. ) ;
#6569 = DIRECTION ( 'NONE',  ( 0.000000000000000000, 0.000000000000000000, 1.000000000000000000 ) ) ;
#6570 = CARTESIAN_POINT ( 'NONE',  ( 0.2783442662718037530, 0.2716535433070866312, 0.5008193920577327374 ) ) ;
#6571 = ORIENTED_EDGE ( 'NONE', *, *, #5684, .F. ) ;
#6572 = ORIENTED_EDGE ( 'NONE', *, *, #4976, .F. ) ;
#6573 = DIRECTION ( 'NONE',  ( 1.000000000000000000, -3.491481338843132961E-15, -1.141265444721584251E-16 ) ) ;
#6574 = VECTOR ( 'NONE', #2488, 39.37007874015748143 ) ;
#6575 = EDGE_LOOP ( 'NONE', ( #2792, #5213, #7316, #4687 ) ) ;
#6576 = LINE ( 'NONE', #2694, #4424 ) ;
#6577 = EDGE_CURVE ( 'NONE', #1307, #1460, #4056, .T. ) ;
#6578 = LINE ( 'NONE', #5955, #6312 ) ;
#6579 = LINE ( 'NONE', #4178, #5164 ) ;
#6580 = CIRCLE ( 'NONE', #4308, 0.05500000000000002803 ) ;
#6581 = CARTESIAN_POINT ( 'NONE',  ( 0.4879966628509019855, 0.04387261478901692546, 0.02205967480314803206 ) ) ;
#6582 = ADVANCED_FACE ( 'NONE', ( #5545 ), #7246, .F. ) ;
#6583 = CARTESIAN_POINT ( 'NONE',  ( -0.4291338582677163838, 0.3015748031496062187, -0.4035433070866146221 ) ) ;
#6584 = ADVANCED_FACE ( 'NONE', ( #1009 ), #3871, .T. ) ;
#6585 = ORIENTED_EDGE ( 'NONE', *, *, #1506, .F. ) ;
#6586 = ORIENTED_EDGE ( 'NONE', *, *, #3080, .T. ) ;
#6587 = ADVANCED_FACE ( 'NONE', ( #5009 ), #7284, .T. ) ;
#6588 = FACE_OUTER_BOUND ( 'NONE', #5112, .T. ) ;
#6589 = VERTEX_POINT ( 'NONE', #1983 ) ;
#6590 = LINE ( 'NONE', #1422, #2466 ) ;
#6591 = CARTESIAN_POINT ( 'NONE',  ( -0.4940944881889764995, 0.2023622047244093280, -0.2054993803149607612 ) ) ;
#6592 = EDGE_LOOP ( 'NONE', ( #107, #1452, #813, #1273 ) ) ;
#6593 = CARTESIAN_POINT ( 'NONE',  ( 0.2248110124664194631, 0.2516535433070866690, -0.4006299212598424808 ) ) ;
#6594 = ORIENTED_EDGE ( 'NONE', *, *, #5337, .T. ) ;
#6595 = DIRECTION ( 'NONE',  ( 0.000000000000000000, 4.336808689942025625E-15, -1.000000000000000000 ) ) ;
#6596 = CARTESIAN_POINT ( 'NONE',  ( -0.2405511811023622049, 0.3917322834645668994, -0.06045746635706857747 ) ) ;
#6597 = CARTESIAN_POINT ( 'NONE',  ( 0.2087340609205521613, 0.000000000000000000, -0.4606299212598424786 ) ) ;
#6598 = ORIENTED_EDGE ( 'NONE', *, *, #1799, .T. ) ;
#6599 = ORIENTED_EDGE ( 'NONE', *, *, #6219, .F. ) ;
#6600 = PLANE ( 'NONE',  #1124 ) ;
#6601 = PLANE ( 'NONE',  #4253 ) ;
#6602 = CARTESIAN_POINT ( 'NONE',  ( -0.4704724409448826639, 0.09842519685039349819, 0.02205967480314803206 ) ) ;
#6603 = LINE ( 'NONE', #818, #1762 ) ;
#6604 = AXIS2_PLACEMENT_3D ( 'NONE', #1953, #190, #1314 ) ;
#6605 = EDGE_LOOP ( 'NONE', ( #3251, #5558, #1200, #1069 ) ) ;
#6606 = EDGE_LOOP ( 'NONE', ( #6894, #733, #2193, #5582, #3242 ) ) ;
#6607 = DIRECTION ( 'NONE',  ( 0.000000000000000000, -1.000000000000000000, -7.661286097916305006E-43 ) ) ;
#6608 = EDGE_CURVE ( 'NONE', #4011, #5878, #3641, .T. ) ;
#6609 = ORIENTED_EDGE ( 'NONE', *, *, #4941, .F. ) ;
#6610 = VECTOR ( 'NONE', #4028, 39.37007874015748854 ) ;
#6611 = DIRECTION ( 'NONE',  ( 1.000000000000000000, -0.000000000000000000, -0.000000000000000000 ) ) ;
#6612 = CARTESIAN_POINT ( 'NONE',  ( -0.4616099661787624875, 0.09407740825064973833, 0.02205967480314803206 ) ) ;
#6613 = CIRCLE ( 'NONE', #5915, 0.01000000000000002970 ) ;
#6614 = DIRECTION ( 'NONE',  ( 1.000000000000000000, 0.000000000000000000, 0.000000000000000000 ) ) ;
#6615 = DIRECTION ( 'NONE',  ( 1.000000000000000000, -0.000000000000000000, -0.000000000000000000 ) ) ;
#6616 = EDGE_CURVE ( 'NONE', #265, #2253, #6558, .T. ) ;
#6617 = ORIENTED_EDGE ( 'NONE', *, *, #6082, .F. ) ;
#6618 = ADVANCED_FACE ( 'NONE', ( #1223 ), #309, .F. ) ;
#6619 = ORIENTED_EDGE ( 'NONE', *, *, #722, .T. ) ;
#6620 = EDGE_CURVE ( 'NONE', #295, #7399, #5254, .T. ) ;
#6621 = FACE_OUTER_BOUND ( 'NONE', #2494, .T. ) ;
#6623 = CARTESIAN_POINT ( 'NONE',  ( -0.4752772192324700717, 0.04917272174909721044, -0.03975134881889921118 ) ) ;
#6622 = VECTOR ( 'NONE', #6094, 39.37007874015748143 ) ;
#6624 = ORIENTED_EDGE ( 'NONE', *, *, #3970, .T. ) ;
#6625 = LINE ( 'NONE', #1457, #159 ) ;
#6626 = EDGE_CURVE ( 'NONE', #1571, #3954, #1509, .T. ) ;
#6628 = ORIENTED_EDGE ( 'NONE', *, *, #6848, .F. ) ;
#6627 =( GEOMETRIC_REPRESENTATION_CONTEXT ( 3 ) GLOBAL_UNCERTAINTY_ASSIGNED_CONTEXT ( ( #1990 ) ) GLOBAL_UNIT_ASSIGNED_CONTEXT ( ( #4316, #4400, #5489 ) ) REPRESENTATION_CONTEXT ( 'NONE', 'WORKASPACE' ) );
#6629 = DIRECTION ( 'NONE',  ( 6.672013369141568175E-16, -8.149294847492425490E-43, -1.000000000000000000 ) ) ;
#6630 = ORIENTED_EDGE ( 'NONE', *, *, #4832, .T. ) ;
#6631 = DIRECTION ( 'NONE',  ( 1.000000000000000000, -0.000000000000000000, -0.000000000000000000 ) ) ;
#6632 = CARTESIAN_POINT ( 'NONE',  ( -0.2405511811023625934, 0.3917322834645668994, -0.02155930790201438310 ) ) ;
#6633 = DIRECTION ( 'NONE',  ( -1.000000000000000000, 0.000000000000000000, 0.000000000000000000 ) ) ;
#6634 = CARTESIAN_POINT ( 'NONE',  ( -0.3484251968503935815, 0.3858267716535432323, -0.3877952755905513804 ) ) ;
#6635 = ORIENTED_EDGE ( 'NONE', *, *, #6988, .F. ) ;
#6636 = EDGE_LOOP ( 'NONE', ( #6212, #1697, #4066, #2023 ) ) ;
#6637 = DIRECTION ( 'NONE',  ( 0.000000000000000000, 0.000000000000000000, 1.000000000000000000 ) ) ;
#6638 = FACE_OUTER_BOUND ( 'NONE', #1404, .T. ) ;
#6639 = CARTESIAN_POINT ( 'NONE',  ( 0.4606299212598423676, 0.3818897637795276023, -0.3799212598425195653 ) ) ;
#6640 = VECTOR ( 'NONE', #5863, 39.37007874015748854 ) ;
#6641 = SURFACE_SIDE_STYLE ('',( #4363 ) ) ;
#6642 = CARTESIAN_POINT ( 'NONE',  ( -0.2976951046912541532, 0.2566882542222694852, 0.4566647418151280058 ) ) ;
#6643 = CARTESIAN_POINT ( 'NONE',  ( 0.4688831772650427498, 0.03382800193284898893, 0.02205967480314803206 ) ) ;
#6644 = AXIS2_PLACEMENT_3D ( 'NONE', #4177, #3037, #3146 ) ;
#6645 = ORIENTED_EDGE ( 'NONE', *, *, #2715, .T. ) ;
#6646 = ORIENTED_EDGE ( 'NONE', *, *, #262, .T. ) ;
#6647 = VECTOR ( 'NONE', #7114, 39.37007874015748143 ) ;
#6648 = FACE_OUTER_BOUND ( 'NONE', #5703, .T. ) ;
#6649 = ORIENTED_EDGE ( 'NONE', *, *, #2161, .T. ) ;
#6650 = DIRECTION ( 'NONE',  ( 0.000000000000000000, 0.000000000000000000, -1.000000000000000000 ) ) ;
#6651 = CIRCLE ( 'NONE', #153, 0.003937007874015741038 ) ;
#6652 = FACE_OUTER_BOUND ( 'NONE', #6680, .T. ) ;
#6653 = DIRECTION ( 'NONE',  ( 8.459571950149005536E-16, -8.280041622063673177E-43, -1.000000000000000000 ) ) ;
#6654 = CARTESIAN_POINT ( 'NONE',  ( 0.3484251968503935815, 0.3917322834645668994, -0.3799212598425196763 ) ) ;
#6655 = CARTESIAN_POINT ( 'NONE',  ( -0.4901574803149654214, 0.04905824521324918253, 0.02205967480314803206 ) ) ;
#6656 = EDGE_CURVE ( 'NONE', #5604, #1795, #5354, .T. ) ;
#6657 = ORIENTED_EDGE ( 'NONE', *, *, #2943, .F. ) ;
#6658 = VECTOR ( 'NONE', #1957, 39.37007874015748143 ) ;
#6659 = PLANE ( 'NONE',  #4084 ) ;
#6660 = ORIENTED_EDGE ( 'NONE', *, *, #2765, .F. ) ;
#6661 = DIRECTION ( 'NONE',  ( 0.000000000000000000, 0.000000000000000000, 1.000000000000000000 ) ) ;
#6662 = EDGE_LOOP ( 'NONE', ( #595, #6701, #6780, #4550 ) ) ;
#6663 = CARTESIAN_POINT ( 'NONE',  ( -0.3265669291338584301, 0.2416535433070866878, -0.4606299212598424231 ) ) ;
#6664 = EDGE_CURVE ( 'NONE', #4504, #299, #6576, .T. ) ;
#6665 = CARTESIAN_POINT ( 'NONE',  ( -0.3265669291338584856, 0.000000000000000000, -0.4319299212598423643 ) ) ;
#6666 = B_SPLINE_CURVE_WITH_KNOTS ( 'NONE', 3,
 ( #5271, #589, #4529, #7432 ),
 .UNSPECIFIED., .F., .F.,
 ( 4, 4 ),
 ( 0.6010112023691344119, 1.000000000000000000 ),
 .UNSPECIFIED. ) ;
#6667 = ORIENTED_EDGE ( 'NONE', *, *, #4650, .F. ) ;
#6668 = VECTOR ( 'NONE', #202, 39.37007874015748143 ) ;
#6669 = CARTESIAN_POINT ( 'NONE',  ( -0.2601158228121032145, 0.2716535433070866312, 0.4506299212598424697 ) ) ;
#6670 = LINE ( 'NONE', #661, #1491 ) ;
#6671 = EDGE_CURVE ( 'NONE', #2256, #6374, #5465, .T. ) ;
#6672 = CARTESIAN_POINT ( 'NONE',  ( -0.2526622628871039722, 0.2416535433070866601, 0.4606299212598424786 ) ) ;
#6673 = VECTOR ( 'NONE', #713, 39.37007874015748143 ) ;
#6674 = CARTESIAN_POINT ( 'NONE',  ( -0.1930337834871095060, 0.2416535433070866601, -0.4606299212598424231 ) ) ;
#6675 = DIRECTION ( 'NONE',  ( 0.000000000000000000, 1.000000000000000000, 0.000000000000000000 ) ) ;
#6676 = EDGE_CURVE ( 'NONE', #564, #4500, #3986, .T. ) ;
#6677 = CARTESIAN_POINT ( 'NONE',  ( -0.4613299533447856038, 0.09477963595631162808, 0.02205967480314803206 ) ) ;
#6678 = EDGE_CURVE ( 'NONE', #348, #3324, #6292, .T. ) ;
#6679 = VECTOR ( 'NONE', #4462, 39.37007874015748143 ) ;
#6680 = EDGE_LOOP ( 'NONE', ( #2055, #1094, #3515, #4127 ) ) ;
#6681 = CIRCLE ( 'NONE', #1260, 0.01968503937007889601 ) ;
#6682 = ORIENTED_EDGE ( 'NONE', *, *, #6671, .T. ) ;
#6683 = DIRECTION ( 'NONE',  ( -1.000000000000000000, 0.000000000000000000, 0.000000000000000000 ) ) ;
#6684 = CARTESIAN_POINT ( 'NONE',  ( 0.4606299212598423676, 0.3818897637795276023, 0.2185039370078738497 ) ) ;
#6685 = LINE ( 'NONE', #1516, #3759 ) ;
#6686 = CARTESIAN_POINT ( 'NONE',  ( -0.3226017496891435687, 0.2566882542222698182, 0.4317580968172382017 ) ) ;
#6687 = ORIENTED_EDGE ( 'NONE', *, *, #184, .F. ) ;
#6688 = EDGE_LOOP ( 'NONE', ( #2519, #4902, #6422, #5279 ) ) ;
#6689 = CARTESIAN_POINT ( 'NONE',  ( -0.3980708661417323158, 0.01999999999999999001, 0.05118110236220458492 ) ) ;
#6690 = EDGE_LOOP ( 'NONE', ( #1722, #3668, #820, #1376 ) ) ;
#6691 = VECTOR ( 'NONE', #4779, 39.37007874015748143 ) ;
#6692 = DIRECTION ( 'NONE',  ( -0.000000000000000000, -0.000000000000000000, -1.000000000000000000 ) ) ;
#6693 = AXIS2_PLACEMENT_3D ( 'NONE', #4248, #627, #7056 ) ;
#6694 = DIRECTION ( 'NONE',  ( -1.000000000000000000, -0.000000000000000000, -0.000000000000000000 ) ) ;
#6695 = DIRECTION ( 'NONE',  ( -0.000000000000000000, 0.000000000000000000, 1.000000000000000000 ) ) ;
#6696 = DIRECTION ( 'NONE',  ( 0.000000000000000000, 1.000000000000000000, 3.787605842744118123E-15 ) ) ;
#6697 = CIRCLE ( 'NONE', #2376, 0.07874015748031489015 ) ;
#6698 = ORIENTED_EDGE ( 'NONE', *, *, #600, .T. ) ;
#6699 = AXIS2_PLACEMENT_3D ( 'NONE', #143, #2270, #7375 ) ;
#6700 = DIRECTION ( 'NONE',  ( 0.000000000000000000, 0.000000000000000000, 1.000000000000000000 ) ) ;
#6701 = ORIENTED_EDGE ( 'NONE', *, *, #6084, .F. ) ;
#6702 = PRODUCT_DEFINITION ( 'UNKNOWN', '', #5328, #6516 ) ;
#6703 = PLANE ( 'NONE',  #5155 ) ;
#6704 = ORIENTED_EDGE ( 'NONE', *, *, #7340, .F. ) ;
#6705 = VECTOR ( 'NONE', #3116, 39.37007874015748143 ) ;
#6706 = VERTEX_POINT ( 'NONE', #2362 ) ;
#6707 = EDGE_CURVE ( 'NONE', #1013, #6873, #4057, .T. ) ;
#6708 = DIRECTION ( 'NONE',  ( 0.000000000000000000, 1.000000000000000000, 7.661286097916305006E-43 ) ) ;
#6709 = CARTESIAN_POINT ( 'NONE',  ( -0.3484251968503935815, 0.4015748031496062520, -0.3799212598425196763 ) ) ;
#6710 = AXIS2_PLACEMENT_3D ( 'NONE', #5785, #6401, #2374 ) ;
#6711 = CARTESIAN_POINT ( 'NONE',  ( -0.2513567313624906485, 0.2501940695371154821, 0.4529029487007895649 ) ) ;
#6712 = DIRECTION ( 'NONE',  ( 1.000000000000000000, -3.491481338843132961E-15, -1.141265444721584004E-16 ) ) ;
#6713 = CARTESIAN_POINT ( 'NONE',  ( -0.4606299212598433113, 0.1102362204724408601, 0.02205967480314803206 ) ) ;
#6714 = CIRCLE ( 'NONE', #3464, 0.07874015748031495954 ) ;
#6715 = ADVANCED_FACE ( 'NONE', ( #6354 ), #5870, .T. ) ;
#6716 = ORIENTED_EDGE ( 'NONE', *, *, #4578, .F. ) ;
#6717 = EDGE_CURVE ( 'NONE', #6333, #3743, #6025, .T. ) ;
#6718 = ORIENTED_EDGE ( 'NONE', *, *, #4382, .F. ) ;
#6719 = ADVANCED_FACE ( 'NONE', ( #3476 ), #4089, .F. ) ;
#6720 = DIRECTION ( 'NONE',  ( 0.3846363336743944261, -0.9230681940233451677, 0.000000000000000000 ) ) ;
#6721 = LINE ( 'NONE', #3855, #284 ) ;
#6722 = DIRECTION ( 'NONE',  ( 1.000000000000000000, 0.000000000000000000, -0.000000000000000000 ) ) ;
#6723 = DIRECTION ( 'NONE',  ( 0.000000000000000000, -1.000000000000000000, -7.661286097916305006E-43 ) ) ;
#6724 = ADVANCED_FACE ( 'NONE', ( #2437 ), #2400, .T. ) ;
#6725 = ORIENTED_EDGE ( 'NONE', *, *, #2495, .F. ) ;
#6726 = VERTEX_POINT ( 'NONE', #58 ) ;
#6727 = CARTESIAN_POINT ( 'NONE',  ( -0.2973284515027730390, 0.2716535433070866312, -0.4482035143886496931 ) ) ;
#6728 = AXIS2_PLACEMENT_3D ( 'NONE', #6546, #857, #3144 ) ;
#6729 = ORIENTED_EDGE ( 'NONE', *, *, #3358, .F. ) ;
#6730 = DIRECTION ( 'NONE',  ( -0.4999999999999943934, -0.000000000000000000, 0.8660254037844418162 ) ) ;
#6731 = PLANE ( 'NONE',  #7304 ) ;
#6732 = PLANE ( 'NONE',  #3079 ) ;
#6733 = CARTESIAN_POINT ( 'NONE',  ( -0.4291338582677163838, 0.3917322834645668994, -0.4035433070866142891 ) ) ;
#6734 = VERTEX_POINT ( 'NONE', #1818 ) ;
#6735 = AXIS2_PLACEMENT_3D ( 'NONE', #5332, #837, #1240 ) ;
#6736 = VERTEX_POINT ( 'NONE', #3629 ) ;
#6737 = DIRECTION ( 'NONE',  ( 0.000000000000000000, -1.000000000000000000, -7.661286097916305006E-43 ) ) ;
#6738 = ORIENTED_EDGE ( 'NONE', *, *, #1517, .F. ) ;
#6739 = DIRECTION ( 'NONE',  ( 0.000000000000000000, 0.000000000000000000, 1.000000000000000000 ) ) ;
#6740 = AXIS2_PLACEMENT_3D ( 'NONE', #4405, #5041, #3290 ) ;
#6741 = CARTESIAN_POINT ( 'NONE',  ( -0.1854965636774737192, 0.2709186994302524853, -0.4370327953486475847 ) ) ;
#6742 = EDGE_LOOP ( 'NONE', ( #3717, #1179, #1769, #4817 ) ) ;
#6743 = LINE ( 'NONE', #5672, #4624 ) ;
#6744 = CARTESIAN_POINT ( 'NONE',  ( 0.4616099661787624875, 0.09407740825064973833, 0.02205967480314803206 ) ) ;
#6745 = ORIENTED_EDGE ( 'NONE', *, *, #5543, .T. ) ;
#6746 = DIRECTION ( 'NONE',  ( 0.000000000000000000, -0.4896753169007019846, -0.8719048594991295476 ) ) ;
#6747 = LINE ( 'NONE', #1062, #4306 ) ;
#6748 = DIRECTION ( 'NONE',  ( 0.000000000000000000, 0.000000000000000000, -1.000000000000000000 ) ) ;
#6749 = ADVANCED_FACE ( 'NONE', ( #1893 ), #2991, .T. ) ;
#6750 = EDGE_LOOP ( 'NONE', ( #4427, #892, #5454, #4745 ) ) ;
#6751 = ORIENTED_EDGE ( 'NONE', *, *, #4397, .T. ) ;
#6752 = CARTESIAN_POINT ( 'NONE',  ( -0.4752772192324700717, 0.04917272174909721044, 0.02205967480314803206 ) ) ;
#6753 = CARTESIAN_POINT ( 'NONE',  ( -0.02972440944881905162, 0.2516535433070866690, 9.705473735494732134E-31 ) ) ;
#6754 = CARTESIAN_POINT ( 'NONE',  ( 0.4606299212598433113, 0.09918119350236434539, -0.03975134881889921118 ) ) ;
#6755 = LINE ( 'NONE', #5000, #2292 ) ;
#6756 = EDGE_CURVE ( 'NONE', #4474, #835, #6613, .T. ) ;
#6757 = ADVANCED_FACE ( 'NONE', ( #4769 ), #4205, .T. ) ;
#6758 = ORIENTED_EDGE ( 'NONE', *, *, #6656, .T. ) ;
#6759 = DIRECTION ( 'NONE',  ( 1.000000000000000000, 0.000000000000000000, 0.000000000000000000 ) ) ;
#6760 = ORIENTED_EDGE ( 'NONE', *, *, #407, .F. ) ;
#6761 = DIRECTION ( 'NONE',  ( 0.000000000000000000, 1.000000000000000000, 0.000000000000000000 ) ) ;
#6762 = ORIENTED_EDGE ( 'NONE', *, *, #4740, .F. ) ;
#6763 = VECTOR ( 'NONE', #1174, 39.37007874015748143 ) ;
#6764 = DIRECTION ( 'NONE',  ( -0.8660254037844418162, -3.081856994139119741E-15, 0.4999999999999943934 ) ) ;
#6765 = FACE_OUTER_BOUND ( 'NONE', #5694, .T. ) ;
#6766 = EDGE_CURVE ( 'NONE', #1578, #6736, #4224, .T. ) ;
#6767 = CARTESIAN_POINT ( 'NONE',  ( -0.4752772192324700717, 0.04917272174909721044, -0.03975134881889921118 ) ) ;
#6768 = TOROIDAL_SURFACE ( 'NONE', #3514, 0.05500000000000001416, 0.02999999999999999889 ) ;
#6769 = DIRECTION ( 'NONE',  ( 0.000000000000000000, 6.982962677686265922E-15, -1.000000000000000000 ) ) ;
#6770 = ADVANCED_FACE ( 'NONE', ( #5415 ), #7157, .T. ) ;
#6771 = AXIS2_PLACEMENT_3D ( 'NONE', #4764, #232, #3017 ) ;
#6772 = VERTEX_POINT ( 'NONE', #1968 ) ;
#6773 = FACE_OUTER_BOUND ( 'NONE', #6506, .T. ) ;
#6774 = VECTOR ( 'NONE', #4860, 39.37007874015748143 ) ;
#6775 = ORIENTED_EDGE ( 'NONE', *, *, #3250, .F. ) ;
#6776 = CARTESIAN_POINT ( 'NONE',  ( -0.2403543307086613845, 0.3015748031496062187, -0.09663724781254488805 ) ) ;
#6777 = VECTOR ( 'NONE', #3433, 39.37007874015748143 ) ;
#6778 = FACE_OUTER_BOUND ( 'NONE', #5196, .T. ) ;
#6779 = ORIENTED_EDGE ( 'NONE', *, *, #5778, .F. ) ;
#6780 = ORIENTED_EDGE ( 'NONE', *, *, #5743, .T. ) ;
#6781 = VECTOR ( 'NONE', #7291, 39.37007874015748143 ) ;
#6782 = ORIENTED_EDGE ( 'NONE', *, *, #47, .F. ) ;
#6783 = CARTESIAN_POINT ( 'NONE',  ( 0.2933442662718037108, 0.2716535433070866312, 0.4748386299441995639 ) ) ;
#6784 = FACE_OUTER_BOUND ( 'NONE', #297, .T. ) ;
#6785 = CARTESIAN_POINT ( 'NONE',  ( -0.4816026208834747746, 0.02852789497276874905, -0.008845837007875591296 ) ) ;
#6786 = ORIENTED_EDGE ( 'NONE', *, *, #3119, .F. ) ;
#6787 = FACE_OUTER_BOUND ( 'NONE', #3901, .T. ) ;
#6788 = CYLINDRICAL_SURFACE ( 'NONE', #684, 0.03000000000000002318 ) ;
#6789 = LINE ( 'NONE', #44, #4260 ) ;
#6790 = DIRECTION ( 'NONE',  ( 0.000000000000000000, 7.661286097916305006E-43, 1.000000000000000000 ) ) ;
#6791 = ORIENTED_EDGE ( 'NONE', *, *, #6400, .T. ) ;
#6792 = AXIS2_PLACEMENT_3D ( 'NONE', #4991, #5102, #2227 ) ;
#6793 = PRODUCT_CONTEXT ( 'NONE', #5603, 'mechanical' ) ;
#6794 = ORIENTED_EDGE ( 'NONE', *, *, #2536, .T. ) ;
#6795 = DIRECTION ( 'NONE',  ( 0.000000000000000000, -3.491481338843132961E-15, 1.000000000000000000 ) ) ;
#6796 = DIRECTION ( 'NONE',  ( 1.141265444721579813E-16, -1.224646799147357151E-16, 1.000000000000000000 ) ) ;
#6797 = DIRECTION ( 'NONE',  ( 3.433861939970594219E-15, 1.000000000000000000, 0.000000000000000000 ) ) ;
#6798 = CARTESIAN_POINT ( 'NONE',  ( -0.2965669291338591251, 0.2416535433070866601, 0.3788699307953755091 ) ) ;
#6799 = ORIENTED_EDGE ( 'NONE', *, *, #2662, .F. ) ;
#6800 = FILL_AREA_STYLE_COLOUR ( '', #256 ) ;
#6801 = ORIENTED_EDGE ( 'NONE', *, *, #3869, .F. ) ;
#6802 = CARTESIAN_POINT ( 'NONE',  ( -0.2265748031496063741, 0.000000000000000000, -0.4606299212598424786 ) ) ;
#6803 = ORIENTED_EDGE ( 'NONE', *, *, #2255, .F. ) ;
#6804 = CARTESIAN_POINT ( 'NONE',  ( -0.4704724409448817757, 0.3917322834645669549, -0.3799212598425195653 ) ) ;
#6805 = CARTESIAN_POINT ( 'NONE',  ( 0.2405511811023621771, 0.3917322834645668994, -0.02155930790201440045 ) ) ;
#6806 = ADVANCED_FACE ( 'NONE', ( #1514 ), #923, .T. ) ;
#6807 = DIRECTION ( 'NONE',  ( 0.000000000000000000, 7.661286097916305006E-43, 1.000000000000000000 ) ) ;
#6808 = PLANE ( 'NONE',  #5199 ) ;
#6809 = DIRECTION ( 'NONE',  ( -1.000000000000000000, 0.000000000000000000, 0.000000000000000000 ) ) ;
#6810 = FACE_OUTER_BOUND ( 'NONE', #4890, .T. ) ;
#6811 = ORIENTED_EDGE ( 'NONE', *, *, #1272, .T. ) ;
#6812 = VERTEX_POINT ( 'NONE', #4808 ) ;
#6813 = EDGE_CURVE ( 'NONE', #2162, #4262, #3852, .T. ) ;
#6814 = DIRECTION ( 'NONE',  ( -0.000000000000000000, 0.000000000000000000, 1.000000000000000000 ) ) ;
#6815 = EDGE_CURVE ( 'NONE', #1795, #3097, #2550, .T. ) ;
#6816 = ORIENTED_EDGE ( 'NONE', *, *, #4986, .F. ) ;
#6817 = CARTESIAN_POINT ( 'NONE',  ( 0.3386220472440941709, 0.000000000000000000, 0.05118110236220457798 ) ) ;
#6818 = AXIS2_PLACEMENT_3D ( 'NONE', #1159, #1759, #2171 ) ;
#6819 = AXIS2_PLACEMENT_3D ( 'NONE', #5496, #4923, #319 ) ;
#6820 = VERTEX_POINT ( 'NONE', #3099 ) ;
#6821 = EDGE_CURVE ( 'NONE', #5659, #4148, #6378, .T. ) ;
#6822 = EDGE_LOOP ( 'NONE', ( #7068, #5855, #2861, #6496, #4190 ) ) ;
#6823 = VECTOR ( 'NONE', #7152, 39.37007874015748143 ) ;
#6824 = LINE ( 'NONE', #458, #2257 ) ;
#6825 = ORIENTED_EDGE ( 'NONE', *, *, #4889, .T. ) ;
#6826 = CARTESIAN_POINT ( 'NONE',  ( -0.2626442315948400164, 0.2688466401727468980, 0.4428567796937049605 ) ) ;
#6827 = AXIS2_PLACEMENT_3D ( 'NONE', #5751, #2343, #2868 ) ;
#6828 = LINE ( 'NONE', #1664, #1394 ) ;
#6829 = EDGE_LOOP ( 'NONE', ( #7167, #4606, #5499, #5011, #2821, #5816, #1493, #3593 ) ) ;
#6830 = VECTOR ( 'NONE', #6694, 39.37007874015748143 ) ;
#6831 = ORIENTED_EDGE ( 'NONE', *, *, #1506, .T. ) ;
#6832 = CARTESIAN_POINT ( 'NONE',  ( -0.4632672164609371035, 0.1102362204724408740, 0.2283464566929133133 ) ) ;
#6833 = CARTESIAN_POINT ( 'NONE',  ( 0.2120637066065088894, 0.2716535433070866312, 0.4482035143886496931 ) ) ;
#6834 = CARTESIAN_POINT ( 'NONE',  ( -0.3116751993502156481, 0.2678672588882455852, 0.4312846129692179953 ) ) ;
#6835 = AXIS2_PLACEMENT_3D ( 'NONE', #525, #6330, #6257 ) ;
#6836 = VERTEX_POINT ( 'NONE', #4402 ) ;
#6837 = VERTEX_POINT ( 'NONE', #240 ) ;
#6838 = LINE ( 'NONE', #2281, #5905 ) ;
#6839 = VERTEX_POINT ( 'NONE', #3820 ) ;
#6840 = DIRECTION ( 'NONE',  ( -0.000000000000000000, -1.000000000000000000, -0.000000000000000000 ) ) ;
#6841 = CARTESIAN_POINT ( 'NONE',  ( -0.4725173040131662727, 0.03231368565854034897, 0.02205967480314803206 ) ) ;
#6842 = DIRECTION ( 'NONE',  ( 0.000000000000000000, 1.000000000000000000, 7.661286097916305006E-43 ) ) ;
#6843 = CARTESIAN_POINT ( 'NONE',  ( -0.2965669291338585145, 0.2716535433070866312, -0.3369861442512482319 ) ) ;
#6844 = SURFACE_STYLE_FILL_AREA ( #3485 ) ;
#6845 = DIRECTION ( 'NONE',  ( 1.000000000000000000, 0.000000000000000000, 0.000000000000000000 ) ) ;
#6846 = ORIENTED_EDGE ( 'NONE', *, *, #4580, .T. ) ;
#6847 = VECTOR ( 'NONE', #3715, 39.37007874015748143 ) ;
#6848 = EDGE_CURVE ( 'NONE', #4135, #2016, #280, .T. ) ;
#6849 = DIRECTION ( 'NONE',  ( 0.000000000000000000, 1.000000000000000000, 3.787605842744118123E-15 ) ) ;
#6850 = AXIS2_PLACEMENT_3D ( 'NONE', #1451, #2174, #2738 ) ;
#6851 = DIRECTION ( 'NONE',  ( -1.000000000000000000, 0.000000000000000000, 0.000000000000000000 ) ) ;
#6852 = CARTESIAN_POINT ( 'NONE',  ( -0.1596456692913385822, 0.3982251319113281340, 0.07685328891188097922 ) ) ;
#6853 = ORIENTED_EDGE ( 'NONE', *, *, #4793, .T. ) ;
#6854 = VECTOR ( 'NONE', #6573, 39.37007874015748143 ) ;
#6855 = EDGE_CURVE ( 'NONE', #1967, #7191, #814, .T. ) ;
#6856 = CARTESIAN_POINT ( 'NONE',  ( -0.2969072143486322646, 0.2708725996766051525, -0.4384826569853893519 ) ) ;
#6857 = VECTOR ( 'NONE', #1771, 39.37007874015748854 ) ;
#6858 = ORIENTED_EDGE ( 'NONE', *, *, #6848, .T. ) ;
#6859 = EDGE_CURVE ( 'NONE', #4504, #2208, #3136, .T. ) ;
#6860 = ADVANCED_FACE ( 'NONE', ( #313 ), #4917, .T. ) ;
#6861 = ORIENTED_EDGE ( 'NONE', *, *, #1417, .F. ) ;
#6862 = DIRECTION ( 'NONE',  ( 1.141265444721588195E-16, -1.224646799147349263E-16, -1.000000000000000000 ) ) ;
#6863 = VECTOR ( 'NONE', #6249, 39.37007874015748143 ) ;
#6864 = ORIENTED_EDGE ( 'NONE', *, *, #793, .T. ) ;
#6865 = CARTESIAN_POINT ( 'NONE',  ( -0.1596456692913385822, 0.3153543307086614234, -0.09663724781254488805 ) ) ;
#6866 = VECTOR ( 'NONE', #6012, 39.37007874015748143 ) ;
#6867 = EDGE_CURVE ( 'NONE', #5667, #2549, #7342, .T. ) ;
#6868 = DIRECTION ( 'NONE',  ( -0.000000000000000000, 1.000000000000000000, 0.000000000000000000 ) ) ;
#6869 = DIRECTION ( 'NONE',  ( 0.000000000000000000, 0.000000000000000000, -1.000000000000000000 ) ) ;
#6870 = EDGE_CURVE ( 'NONE', #1152, #5368, #116, .T. ) ;
#6871 = VECTOR ( 'NONE', #3712, 39.37007874015748143 ) ;
#6872 = ITEM_DEFINED_TRANSFORMATION ( 'NONE', 'NONE', #7104,  #7221 ) ;
#6873 = VERTEX_POINT ( 'NONE', #3245 ) ;
#6874 = LINE ( 'NONE', #3364, #6151 ) ;
#6875 = FACE_OUTER_BOUND ( 'NONE', #4327, .T. ) ;
#6876 = CARTESIAN_POINT ( 'NONE',  ( -0.4704724409448817202, 0.3818897637795276023, -0.3799212598425195653 ) ) ;
#6877 = ORIENTED_EDGE ( 'NONE', *, *, #5205, .T. ) ;
#6878 = ORIENTED_EDGE ( 'NONE', *, *, #1182, .T. ) ;
#6879 = ORIENTED_EDGE ( 'NONE', *, *, #7027, .T. ) ;
#6880 = LINE ( 'NONE', #4635, #6076 ) ;
#6881 = DIRECTION ( 'NONE',  ( -0.3846363336743944261, -0.9230681940233451677, 0.000000000000000000 ) ) ;
#6882 = LINE ( 'NONE', #1156, #1661 ) ;
#6883 = DIRECTION ( 'NONE',  ( 1.000000000000000000, -0.000000000000000000, -0.000000000000000000 ) ) ;
#6884 = DIRECTION ( 'NONE',  ( 1.000000000000000000, 0.000000000000000000, 0.000000000000000000 ) ) ;
#6885 = APPLICATION_CONTEXT ( 'automotive_design' ) ;
#6886 = EDGE_LOOP ( 'NONE', ( #2531, #6459, #2166, #965 ) ) ;
#6887 = DIRECTION ( 'NONE',  ( 0.000000000000000000, -1.000000000000000000, -7.661286097916305006E-43 ) ) ;
#6888 = VECTOR ( 'NONE', #3367, 39.37007874015748143 ) ;
#6889 = CARTESIAN_POINT ( 'NONE',  ( -0.3044196648594081345, 0.2708725996766041533, -0.4309702064746161465 ) ) ;
#6890 = ORIENTED_EDGE ( 'NONE', *, *, #1233, .F. ) ;
#6891 = AXIS2_PLACEMENT_3D ( 'NONE', #5208, #457, #4716 ) ;
#6892 = ORIENTED_EDGE ( 'NONE', *, *, #6232, .T. ) ;
#6893 = DIRECTION ( 'NONE',  ( 3.396661351562978405E-15, -1.000000000000000000, 0.000000000000000000 ) ) ;
#6894 = ORIENTED_EDGE ( 'NONE', *, *, #3722, .F. ) ;
#6895 = ADVANCED_FACE ( 'NONE', ( #5565 ), #993, .T. ) ;
#6896 = AXIS2_PLACEMENT_3D ( 'NONE', #3415, #5123, #3447 ) ;
#6897 = DIRECTION ( 'NONE',  ( 0.000000000000000000, -1.000000000000000000, -7.661286097916305006E-43 ) ) ;
#6898 = AXIS2_PLACEMENT_3D ( 'NONE', #1032, #994, #2722 ) ;
#6899 = ADVANCED_FACE ( 'NONE', ( #3287 ), #6127, .T. ) ;
#6900 = VECTOR ( 'NONE', #1679, 39.37007874015748854 ) ;
#6901 = ORIENTED_EDGE ( 'NONE', *, *, #5543, .F. ) ;
#6902 = CARTESIAN_POINT ( 'NONE',  ( 0.1595472440944881720, 0.4015748031496061965, 0.1200787401574800878 ) ) ;
#6903 = DIRECTION ( 'NONE',  ( 0.000000000000000000, 1.000000000000000000, 0.000000000000000000 ) ) ;
#6904 = EDGE_CURVE ( 'NONE', #5878, #5800, #4518, .T. ) ;
#6905 = DIRECTION ( 'NONE',  ( -0.000000000000000000, -0.000000000000000000, 1.000000000000000000 ) ) ;
#6906 = ADVANCED_FACE ( 'NONE', ( #5608 ), #2838, .F. ) ;
#6907 = DIRECTION ( 'NONE',  ( 1.000000000000000000, 0.000000000000000000, -0.000000000000000000 ) ) ;
#6908 = CARTESIAN_POINT ( 'NONE',  ( 0.1596456692913385822, 0.3917324959044880539, 0.05623699386691865393 ) ) ;
#6909 = AXIS2_PLACEMENT_3D ( 'NONE', #2777, #5198, #5086 ) ;
#6910 = VERTEX_POINT ( 'NONE', #1588 ) ;
#6911 = ORIENTED_EDGE ( 'NONE', *, *, #4481, .F. ) ;
#6912 = EDGE_CURVE ( 'NONE', #4760, #6812, #5150, .T. ) ;
#6913 = ORIENTED_EDGE ( 'NONE', *, *, #6398, .T. ) ;
#6914 = DIRECTION ( 'NONE',  ( -0.000000000000000000, -1.000000000000000000, -7.661286097916305006E-43 ) ) ;
#6915 = CARTESIAN_POINT ( 'NONE',  ( -0.02972440944881905162, 0.2416535433070866601, 0.000000000000000000 ) ) ;
#6916 = FACE_OUTER_BOUND ( 'NONE', #745, .T. ) ;
#6917 = CARTESIAN_POINT ( 'NONE',  ( 0.4704724409448822198, 0.2432767907299736576, -0.2054993803149607612 ) ) ;
#6918 = CARTESIAN_POINT ( 'NONE',  ( 0.4717910885454286718, 0.3818897637795276023, 0.2234251968503936647 ) ) ;
#6919 = CARTESIAN_POINT ( 'NONE',  ( -0.3265669291338584856, 0.2416535433070866601, -0.3511974678401351690 ) ) ;
#6920 = ORIENTED_EDGE ( 'NONE', *, *, #3725, .F. ) ;
#6921 = ORIENTED_EDGE ( 'NONE', *, *, #4433, .F. ) ;
#6922 = FACE_OUTER_BOUND ( 'NONE', #6406, .T. ) ;
#6923 = LINE ( 'NONE', #3274, #3762 ) ;
#6924 = LINE ( 'NONE', #2929, #2010 ) ;
#6925 = CARTESIAN_POINT ( 'NONE',  ( -0.1596456692913385822, 0.3119216344114207340, -0.09470939223419565234 ) ) ;
#6926 = LINE ( 'NONE', #6265, #4029 ) ;
#6927 = ORIENTED_EDGE ( 'NONE', *, *, #4104, .F. ) ;
#6928 = VERTEX_POINT ( 'NONE', #1669 ) ;
#6929 = DIRECTION ( 'NONE',  ( 0.000000000000000000, 0.000000000000000000, 1.000000000000000000 ) ) ;
#6930 = VERTEX_POINT ( 'NONE', #468 ) ;
#6931 = AXIS2_PLACEMENT_3D ( 'NONE', #1043, #6258, #1530 ) ;
#6932 = AXIS2_PLACEMENT_3D ( 'NONE', #2983, #1851, #5261 ) ;
#6933 = DIRECTION ( 'NONE',  ( -1.000000000000000000, -0.000000000000000000, -0.000000000000000000 ) ) ;
#6934 = VECTOR ( 'NONE', #3392, 39.37007874015748143 ) ;
#6935 = EDGE_CURVE ( 'NONE', #4291, #3071, #6874, .T. ) ;
#6936 = VERTEX_POINT ( 'NONE', #2761 ) ;
#6937 = DIRECTION ( 'NONE',  ( -0.3846363336743959249, 0.9230681940233443905, 0.000000000000000000 ) ) ;
#6938 = CARTESIAN_POINT ( 'NONE',  ( 0.3484251968503935815, 0.3917322834645668994, -0.3799212598425196763 ) ) ;
#6939 = DIRECTION ( 'NONE',  ( 0.000000000000000000, 0.000000000000000000, 1.000000000000000000 ) ) ;
#6940 = DIRECTION ( 'NONE',  ( 0.000000000000000000, 0.000000000000000000, -1.000000000000000000 ) ) ;
#6941 = EDGE_CURVE ( 'NONE', #1169, #7271, #2154, .T. ) ;
#6942 = AXIS2_PLACEMENT_3D ( 'NONE', #410, #2705, #1015 ) ;
#6943 = ORIENTED_EDGE ( 'NONE', *, *, #3959, .F. ) ;
#6944 = ADVANCED_FACE ( 'NONE', ( #6162 ), #1070, .T. ) ;
#6945 = EDGE_CURVE ( 'NONE', #1427, #199, #5553, .T. ) ;
#6946 =( LENGTH_UNIT ( ) NAMED_UNIT ( * ) SI_UNIT ( $, .METRE. ) );
#6947 = EDGE_LOOP ( 'NONE', ( #7166, #1482, #5149, #1306 ) ) ;
#6948 = LINE ( 'NONE', #1785, #6900 ) ;
#6949 = CARTESIAN_POINT ( 'NONE',  ( -0.2676530426217390568, 0.2709186994302524298, -0.4370327953486474737 ) ) ;
#6950 = CARTESIAN_POINT ( 'NONE',  ( 0.4648844297688598526, 0.2023622047244092448, -0.2054993803149607612 ) ) ;
#6951 = CARTESIAN_POINT ( 'NONE',  ( 0.2403543307086613845, 0.3119216344114207340, -0.09470939223419565234 ) ) ;
#6952 = FACE_OUTER_BOUND ( 'NONE', #7374, .T. ) ;
#6953 = EDGE_CURVE ( 'NONE', #5509, #1817, #3895, .T. ) ;
#6954 = VERTEX_POINT ( 'NONE', #1630 ) ;
#6955 = CIRCLE ( 'NONE', #4074, 0.08081510857470286524 ) ;
#6956 = ORIENTED_EDGE ( 'NONE', *, *, #134, .T. ) ;
#6957 = DIRECTION ( 'NONE',  ( -1.141265444721584004E-16, 3.876492227960139089E-31, -1.000000000000000000 ) ) ;
#6958 = CARTESIAN_POINT ( 'NONE',  ( -0.1596456692913385822, 0.3015748031496062187, -0.1279527559055120278 ) ) ;
#6959 = CARTESIAN_POINT ( 'NONE',  ( 0.3487518205591552123, 0.2516535433070866690, -0.4596850393700789295 ) ) ;
#6960 = DIRECTION ( 'NONE',  ( 1.000000000000000000, 2.081668171172166620E-14, 0.000000000000000000 ) ) ;
#6961 = CARTESIAN_POINT ( 'NONE',  ( 0.4752772192324700717, 0.04917272174909721044, -0.03975134881889921118 ) ) ;
#6962 = ORIENTED_EDGE ( 'NONE', *, *, #3494, .F. ) ;
#6963 = ORIENTED_EDGE ( 'NONE', *, *, #1612, .T. ) ;
#6964 = CIRCLE ( 'NONE', #6728, 0.03409548833797012429 ) ;
#6965 = CARTESIAN_POINT ( 'NONE',  ( -0.4714814016823667409, 0.03274533922123844948, -0.03975134881889921118 ) ) ;
#6966 = ORIENTED_EDGE ( 'NONE', *, *, #6676, .F. ) ;
#6967 = CIRCLE ( 'NONE', #355, 0.03000000000000002665 ) ;
#6968 = CYLINDRICAL_SURFACE ( 'NONE', #3890, 0.003937007874015724558 ) ;
#6969 = AXIS2_PLACEMENT_3D ( 'NONE', #3934, #6796, #4476 ) ;
#6970 = ORIENTED_EDGE ( 'NONE', *, *, #4711, .T. ) ;
#6971 = AXIS2_PLACEMENT_3D ( 'NONE', #2313, #5186, #2874 ) ;
#6972 = AXIS2_PLACEMENT_3D ( 'NONE', #1599, #3295, #3372 ) ;
#6973 = LINE ( 'NONE', #4120, #884 ) ;
#6974 = DIRECTION ( 'NONE',  ( 0.000000000000000000, 7.661286097916301820E-43, 1.000000000000000000 ) ) ;
#6975 = CARTESIAN_POINT ( 'NONE',  ( 0.4507874015748030150, 0.3917322834645668994, 0.2480314960629921017 ) ) ;
#6976 = VECTOR ( 'NONE', #2688, 39.37007874015748143 ) ;
#6977 = ORIENTED_EDGE ( 'NONE', *, *, #4428, .F. ) ;
#6978 = AXIS2_PLACEMENT_3D ( 'NONE', #4356, #6633, #6748 ) ;
#6979 = EDGE_LOOP ( 'NONE', ( #6280, #5134, #6371, #1574 ) ) ;
#6980 = VERTEX_POINT ( 'NONE', #6246 ) ;
#6981 = FACE_OUTER_BOUND ( 'NONE', #5306, .T. ) ;
#6982 = AXIS2_PLACEMENT_3D ( 'NONE', #2009, #2444, #7131 ) ;
#6983 = CARTESIAN_POINT ( 'NONE',  ( 0.2404527559055117947, 0.4015748031496061965, 0.1200787401574800739 ) ) ;
#6984 = DIRECTION ( 'NONE',  ( -0.000000000000000000, -1.000000000000000000, -7.661286097916305006E-43 ) ) ;
#6985 = FACE_OUTER_BOUND ( 'NONE', #1288, .T. ) ;
#6986 = ADVANCED_FACE ( 'NONE', ( #580 ), #5761, .T. ) ;
#6987 = DIRECTION ( 'NONE',  ( -1.000000000000000000, 3.469446951953586973E-15, 0.000000000000000000 ) ) ;
#6988 = EDGE_CURVE ( 'NONE', #4223, #6980, #4013, .T. ) ;
#6989 = VERTEX_POINT ( 'NONE', #6902 ) ;
#6990 = DIRECTION ( 'NONE',  ( -0.000000000000000000, 1.000000000000000000, 3.787605842744118123E-15 ) ) ;
#6991 = ORIENTED_EDGE ( 'NONE', *, *, #7165, .F. ) ;
#6992 = EDGE_CURVE ( 'NONE', #1025, #3081, #6320, .T. ) ;
#6993 = DIRECTION ( 'NONE',  ( -3.396661351562978405E-15, -1.000000000000000000, -6.065466699219604294E-16 ) ) ;
#6994 = CARTESIAN_POINT ( 'NONE',  ( -0.02972440944881905162, 0.2716535433070866312, 0.000000000000000000 ) ) ;
#6995 = CARTESIAN_POINT ( 'NONE',  ( -0.2560901412285055412, 0.2609261686953474602, 0.4490556471572179076 ) ) ;
#6996 = EDGE_CURVE ( 'NONE', #4778, #7298, #4894, .T. ) ;
#6997 = LINE ( 'NONE', #218, #3306 ) ;
#6998 = EDGE_CURVE ( 'NONE', #6910, #3234, #5539, .T. ) ;
#6999 = LINE ( 'NONE', #1906, #1610 ) ;
#7000 = ORIENTED_EDGE ( 'NONE', *, *, #2666, .T. ) ;
#7001 = DIRECTION ( 'NONE',  ( -3.396661351562978405E-15, -1.000000000000000000, -2.890305043900352215E-32 ) ) ;
#7002 = AXIS2_PLACEMENT_3D ( 'NONE', #3509, #2876, #2315 ) ;
#7003 = DIRECTION ( 'NONE',  ( -1.000000000000000000, 0.000000000000000000, 0.000000000000000000 ) ) ;
#7004 = EDGE_LOOP ( 'NONE', ( #3502, #5964, #7370, #4411 ) ) ;
#7005 =( BOUNDED_SURFACE ( )  B_SPLINE_SURFACE ( 3, 2, ( 
 ( #4117, #3615, #7111 ),
 ( #2977, #4153, #6447 ),
 ( #1275, #836, #6556 ),
 ( #3088, #7073, #7039 ),
 ( #5406, #4794, #3654 ),
 ( #3580, #5892, #1349 ),
 ( #721, #3013, #5331 ),
 ( #151, #760, #3052 ) ),
 .UNSPECIFIED., .F., .F., .F. ) 
 B_SPLINE_SURFACE_WITH_KNOTS ( ( 4, 2, 2, 4 ),
 ( 3, 3 ),
 ( 0.000000000000000000, 0.0002160716060914417091, 0.0004321432121828834181, 0.0008642864243657668363 ),
 ( 0.000000000000000000, 1.000000000000000000 ),
 .UNSPECIFIED. ) 
 GEOMETRIC_REPRESENTATION_ITEM ( )  RATIONAL_B_SPLINE_SURFACE ( (
 ( 1.000000000000000000, 0.8017837257372734117, 1.000000000000000000),
 ( 1.000000000000000000, 0.8011594390344161098, 1.000000000000000000),
 ( 1.000000000000000000, 0.8211072828555707748, 1.000000000000000000),
 ( 1.000000000000000000, 0.8721878404355305481, 1.000000000000000000),
 ( 1.000000000000000000, 0.9023595930342865890, 1.000000000000000000),
 ( 1.000000000000000000, 0.9756697712767183894, 1.000000000000000000),
 ( 1.000000000000000000, 1.001369084523680231, 1.000000000000000000),
 ( 1.000000000000000000, 1.000000000000000000, 1.000000000000000000) ) ) 
 REPRESENTATION_ITEM ( '' )  SURFACE ( )  );
#7006 = DIRECTION ( 'NONE',  ( 1.000000000000000000, 0.000000000000000000, 0.000000000000000000 ) ) ;
#7007 = VECTOR ( 'NONE', #3053, 39.37007874015748143 ) ;
#7008 = DIRECTION ( 'NONE',  ( -1.000000000000000000, -3.491481338843132961E-15, 0.000000000000000000 ) ) ;
#7009 = AXIS2_PLACEMENT_3D ( 'NONE', #3431, #6313, #6273 ) ;
#7010 = ORIENTED_EDGE ( 'NONE', *, *, #648, .T. ) ;
#7011 = CARTESIAN_POINT ( 'NONE',  ( -0.2526622672224207444, 0.2467714134088832001, -0.4606299160295139195 ) ) ;
#7012 = DIRECTION ( 'NONE',  ( 0.000000000000000000, 7.661286097916309786E-43, 1.000000000000000000 ) ) ;
#7013 = CARTESIAN_POINT ( 'NONE',  ( 0.1594488188976377896, 0.4015748031496061965, 0.09834919395275064369 ) ) ;
#7014 = CARTESIAN_POINT ( 'NONE',  ( -0.2403543307086613845, 0.3119216344114207340, -0.09470939223419565234 ) ) ;
#7015 = CIRCLE ( 'NONE', #2926, 0.02500000000000000486 ) ;
#7016 = EDGE_LOOP ( 'NONE', ( #1734, #5036, #5771 ) ) ;
#7017 = AXIS2_PLACEMENT_3D ( 'NONE', #1019, #7183, #4307 ) ;
#7018 = ORIENTED_EDGE ( 'NONE', *, *, #5901, .T. ) ;
#7019 = ORIENTED_EDGE ( 'NONE', *, *, #1191, .F. ) ;
#7020 = DIRECTION ( 'NONE',  ( -0.000000000000000000, 7.661286097916305006E-43, 1.000000000000000000 ) ) ;
#7021 = CARTESIAN_POINT ( 'NONE',  ( -0.02972440944881905162, 0.2516535433070866690, 0.3499999999999999778 ) ) ;
#7022 = FACE_OUTER_BOUND ( 'NONE', #1763, .T. ) ;
#7023 = CARTESIAN_POINT ( 'NONE',  ( 0.4648844297688599636, 0.1759656976240450976, -0.2054993803149607612 ) ) ;
#7024 = DIRECTION ( 'NONE',  ( -1.000000000000000000, 0.000000000000000000, -5.542458384320307220E-16 ) ) ;
#7025 = PLANE ( 'NONE',  #5141 ) ;
#7026 = ORIENTED_EDGE ( 'NONE', *, *, #6656, .F. ) ;
#7027 = EDGE_CURVE ( 'NONE', #6098, #6318, #4254, .T. ) ;
#7028 = EDGE_LOOP ( 'NONE', ( #2274, #6071, #7085, #7105 ) ) ;
#7029 = DIRECTION ( 'NONE',  ( 1.000000000000000000, 0.000000000000000000, 1.652117596168386770E-15 ) ) ;
#7030 = CARTESIAN_POINT ( 'NONE',  ( -0.2726725254360707895, 0.2716535433070866867, 0.4306299212598424520 ) ) ;
#7031 = FACE_OUTER_BOUND ( 'NONE', #755, .T. ) ;
#7032 = PLANE ( 'NONE',  #5474 ) ;
#7033 = ADVANCED_FACE ( 'NONE', ( #4367 ), #3070, .T. ) ;
#7034 = ADVANCED_FACE ( 'NONE', ( #3220 ), #3105, .T. ) ;
#7035 = ORIENTED_EDGE ( 'NONE', *, *, #6717, .T. ) ;
#7036 = EDGE_CURVE ( 'NONE', #2103, #6017, #5417, .T. ) ;
#7037 = DIRECTION ( 'NONE',  ( 0.000000000000000000, 0.4896753169007020956, 0.8719048594991295476 ) ) ;
#7038 = ORIENTED_EDGE ( 'NONE', *, *, #3, .F. ) ;
#7039 = CARTESIAN_POINT ( 'NONE',  ( -0.1990049991582012734, 0.2576625423673962190, 0.4506904696125346166 ) ) ;
#7040 = DIRECTION ( 'NONE',  ( 3.491481338843132961E-15, -1.000000000000000000, 3.984707002911920258E-31 ) ) ;
#7041 = EDGE_CURVE ( 'NONE', #5549, #2253, #6964, .T. ) ;
#7042 = AXIS2_PLACEMENT_3D ( 'NONE', #6473, #3603, #3564 ) ;
#7043 = AXIS2_PLACEMENT_3D ( 'NONE', #6654, #5700, #526 ) ;
#7044 = DIRECTION ( 'NONE',  ( 1.000000000000000000, 0.000000000000000000, 0.000000000000000000 ) ) ;
#7045 = CARTESIAN_POINT ( 'NONE',  ( -0.4901574803149654214, 0.04905824521324918253, -0.03975134881889921118 ) ) ;
#7046 = CARTESIAN_POINT ( 'NONE',  ( 0.4850061848610860982, 0.000000000000000000, -0.3433221740225207430 ) ) ;
#7047 = AXIS2_PLACEMENT_3D ( 'NONE', #3588, #5898, #6974 ) ;
#7048 = ORIENTED_EDGE ( 'NONE', *, *, #4110, .F. ) ;
#7049 = ORIENTED_EDGE ( 'NONE', *, *, #122, .T. ) ;
#7050 = CARTESIAN_POINT ( 'NONE',  ( 0.4707524537788596031, 0.09772296914473160845, -0.03975134881889921118 ) ) ;
#7051 = DIRECTION ( 'NONE',  ( -1.000000000000000000, 0.000000000000000000, 0.000000000000000000 ) ) ;
#7052 = DIRECTION ( 'NONE',  ( 0.000000000000000000, 0.000000000000000000, 1.000000000000000000 ) ) ;
#7053 = DIRECTION ( 'NONE',  ( 0.000000000000000000, 0.000000000000000000, 1.000000000000000000 ) ) ;
#7054 = CARTESIAN_POINT ( 'NONE',  ( -0.4507874015748029595, 0.4015748031496063630, 0.2185039370078739329 ) ) ;
#7055 = FACE_OUTER_BOUND ( 'NONE', #4448, .T. ) ;
#7056 = DIRECTION ( 'NONE',  ( -0.000000000000000000, 0.000000000000000000, -1.000000000000000000 ) ) ;
#7057 = CIRCLE ( 'NONE', #1884, 0.04035433070866141503 ) ;
#7058 = EDGE_LOOP ( 'NONE', ( #493, #1584, #6223, #4002 ) ) ;
#7059 = ORIENTED_EDGE ( 'NONE', *, *, #2765, .T. ) ;
#7060 = AXIS2_PLACEMENT_3D ( 'NONE', #1410, #4822, #1981 ) ;
#7061 = LINE ( 'NONE', #6023, #4012 ) ;
#7062 = DIRECTION ( 'NONE',  ( 0.4999999999999943934, 5.848646723535903236E-16, -0.8660254037844418162 ) ) ;
#7063 = LINE ( 'NONE', #1340, #3198 ) ;
#7064 = LINE ( 'NONE', #1837, #6574 ) ;
#7065 = PLANE ( 'NONE',  #5956 ) ;
#7066 = EDGE_CURVE ( 'NONE', #4326, #6334, #211, .T. ) ;
#7067 = CIRCLE ( 'NONE', #219, 0.02639650710036412634 ) ;
#7068 = ORIENTED_EDGE ( 'NONE', *, *, #1107, .T. ) ;
#7069 = ORIENTED_EDGE ( 'NONE', *, *, #4740, .T. ) ;
#7070 = EDGE_CURVE ( 'NONE', #3112, #2459, #5908, .T. ) ;
#7071 = DIRECTION ( 'NONE',  ( -0.9230681940233445015, 0.3846363336743959804, 0.000000000000000000 ) ) ;
#7072 = ORIENTED_EDGE ( 'NONE', *, *, #2259, .F. ) ;
#7073 = CARTESIAN_POINT ( 'NONE',  ( -0.1962515701379601019, 0.2593126996350262337, 0.4553323077928639329 ) ) ;
#7074 = ADVANCED_FACE ( 'NONE', ( #784 ), #2518, .T. ) ;
#7075 = CARTESIAN_POINT ( 'NONE',  ( -0.02972440944881905162, 0.2516535433070866690, 9.705473735494732134E-31 ) ) ;
#7076 = EDGE_CURVE ( 'NONE', #3333, #7252, #3678, .T. ) ;
#7077 = LINE ( 'NONE', #1848, #632 ) ;
#7078 = ADVANCED_FACE ( 'NONE', ( #2054 ), #7240, .F. ) ;
#7079 = DIRECTION ( 'NONE',  ( 4.006172263299079969E-15, -1.000000000000000000, 0.000000000000000000 ) ) ;
#7080 = DIRECTION ( 'NONE',  ( -1.000000000000000000, 0.000000000000000000, 0.000000000000000000 ) ) ;
#7081 = CARTESIAN_POINT ( 'NONE',  ( -0.1942888580430124912, 0.2623662519211608646, -0.4527433773554130347 ) ) ;
#7082 = DIRECTION ( 'NONE',  ( 1.000000000000000000, 0.000000000000000000, 0.000000000000000000 ) ) ;
#7083 = EDGE_CURVE ( 'NONE', #6736, #5604, #6061, .T. ) ;
#7084 = VECTOR ( 'NONE', #383, 39.37007874015748143 ) ;
#7085 = ORIENTED_EDGE ( 'NONE', *, *, #5315, .T. ) ;
#7086 = ORIENTED_EDGE ( 'NONE', *, *, #6185, .F. ) ;
#7087 = CARTESIAN_POINT ( 'NONE',  ( -0.02972440944881905162, 0.2716535433070866312, 0.000000000000000000 ) ) ;
#7088 = CARTESIAN_POINT ( 'NONE',  ( -0.4704724409448826639, 0.09918119350236434539, 0.02205967480314803206 ) ) ;
#7089 = DIRECTION ( 'NONE',  ( 1.000000000000000000, 0.000000000000000000, 0.000000000000000000 ) ) ;
#7090 = AXIS2_PLACEMENT_3D ( 'NONE', #4047, #1779, #4557 ) ;
#7091 = DIRECTION ( 'NONE',  ( 0.9230681940233445015, 0.3846363336743959249, -0.000000000000000000 ) ) ;
#7092 = VECTOR ( 'NONE', #1251, 39.37007874015748143 ) ;
#7093 = LINE ( 'NONE', #4171, #6342 ) ;
#7094 = LINE ( 'NONE', #6570, #6871 ) ;
#7095 = VECTOR ( 'NONE', #3171, 39.37007874015748143 ) ;
#7096 = EDGE_LOOP ( 'NONE', ( #6352, #2888, #6326, #6890 ) ) ;
#7097 = DIRECTION ( 'NONE',  ( -1.000000000000000000, 0.000000000000000000, 0.000000000000000000 ) ) ;
#7098 = CIRCLE ( 'NONE', #1438, 1.389999999999999902 ) ;
#7099 = CARTESIAN_POINT ( 'NONE',  ( 0.4291338582677163838, 0.3917322834645668994, -0.3799212598425196763 ) ) ;
#7100 = ORIENTED_EDGE ( 'NONE', *, *, #6620, .T. ) ;
#7101 = DIRECTION ( 'NONE',  ( 0.000000000000000000, 7.661286097916305006E-43, 1.000000000000000000 ) ) ;
#7102 = DIRECTION ( 'NONE',  ( 0.000000000000000000, 0.000000000000000000, 1.000000000000000000 ) ) ;
#7103 = DIRECTION ( 'NONE',  ( 0.000000000000000000, 0.000000000000000000, 1.000000000000000000 ) ) ;
#7104 = AXIS2_PLACEMENT_3D ( 'NONE', #5111, #3435, #5683 ) ;
#7105 = ORIENTED_EDGE ( 'NONE', *, *, #4428, .T. ) ;
#7106 = EDGE_LOOP ( 'NONE', ( #3263, #6758, #6794, #7378 ) ) ;
#7107 =( GEOMETRIC_REPRESENTATION_CONTEXT ( 3 ) GLOBAL_UNCERTAINTY_ASSIGNED_CONTEXT ( ( #2603 ) ) GLOBAL_UNIT_ASSIGNED_CONTEXT ( ( #1103, #1585, #4552 ) ) REPRESENTATION_CONTEXT ( 'NONE', 'WORKASPACE' ) );
#7108 = CARTESIAN_POINT ( 'NONE',  ( 0.1596456692913385822, 0.3917322834645668994, 0.01683623137732593103 ) ) ;
#7109 = ORIENTED_EDGE ( 'NONE', *, *, #876, .F. ) ;
#7110 =( NAMED_UNIT ( * ) SI_UNIT ( $, .STERADIAN. ) SOLID_ANGLE_UNIT ( ) );
#7111 = CARTESIAN_POINT ( 'NONE',  ( -0.2026169319621086151, 0.2416535433070866601, 0.4534870641169853056 ) ) ;
#7112 = ADVANCED_FACE ( 'NONE', ( #4328 ), #6097, .T. ) ;
#7113 = CARTESIAN_POINT ( 'NONE',  ( 0.4488188976377956996, 0.2023622047244091615, -0.2054993803149607612 ) ) ;
#7114 = DIRECTION ( 'NONE',  ( -1.141265444721584004E-16, 0.000000000000000000, -1.000000000000000000 ) ) ;
#7115 = CARTESIAN_POINT ( 'NONE',  ( 0.3484251968503935815, 0.4015748031496062520, -0.3799212598425196763 ) ) ;
#7116 = CARTESIAN_POINT ( 'NONE',  ( -0.02972440944881905162, 0.2716535433070866312, 0.000000000000000000 ) ) ;
#7117 = EDGE_CURVE ( 'NONE', #4956, #864, #4858, .T. ) ;
#7118 = VERTEX_POINT ( 'NONE', #1406 ) ;
#7119 = VECTOR ( 'NONE', #5541, 39.37007874015748143 ) ;
#7120 = CIRCLE ( 'NONE', #6067, 0.1108151085747029613 ) ;
#7121 = EDGE_CURVE ( 'NONE', #4759, #2622, #1444, .T. ) ;
#7122 = ORIENTED_EDGE ( 'NONE', *, *, #3064, .T. ) ;
#7123 = ADVANCED_FACE ( 'NONE', ( #6648 ), #1483, .T. ) ;
#7124 = CARTESIAN_POINT ( 'NONE',  ( -0.3265669291338584856, 0.000000000000000000, -0.3511974678401351690 ) ) ;
#7125 = DIRECTION ( 'NONE',  ( -2.710505431213761085E-16, -7.463032543401004616E-43, -1.000000000000000000 ) ) ;
#7126 = LINE ( 'NONE', #204, #1716 ) ;
#7127 = DIRECTION ( 'NONE',  ( 0.000000000000000000, 1.000000000000000000, 7.661286097916305006E-43 ) ) ;
#7128 = DIRECTION ( 'NONE',  ( -0.6755902076156643510, 0.000000000000000000, 0.7372773368101203095 ) ) ;
#7129 = CIRCLE ( 'NONE', #2815, 0.03937007874015747977 ) ;
#7130 = LINE ( 'NONE', #851, #3199 ) ;
#7131 = DIRECTION ( 'NONE',  ( -3.338476886082544684E-15, -1.000000000000000000, 0.000000000000000000 ) ) ;
#7132 = EDGE_CURVE ( 'NONE', #3286, #4021, #2339, .T. ) ;
#7133 = ORIENTED_EDGE ( 'NONE', *, *, #3350, .T. ) ;
#7134 = ORIENTED_EDGE ( 'NONE', *, *, #2064, .T. ) ;
#7135 = CARTESIAN_POINT ( 'NONE',  ( 0.000000000000000000, 0.3858267716535433989, -0.4035433070866143446 ) ) ;
#7136 = AXIS2_PLACEMENT_3D ( 'NONE', #4179, #178, #3645 ) ;
#7137 = ORIENTED_EDGE ( 'NONE', *, *, #1014, .T. ) ;
#7138 = LINE ( 'NONE', #2561, #6774 ) ;
#7139 = CARTESIAN_POINT ( 'NONE',  ( -0.4291338582677163838, 0.3858267716535432323, -0.4035433070866143446 ) ) ;
#7140 = DIRECTION ( 'NONE',  ( 2.587319586713973550E-15, -1.000000000000000000, 0.000000000000000000 ) ) ;
#7141 = DIRECTION ( 'NONE',  ( 1.000000000000000000, -0.000000000000000000, -0.000000000000000000 ) ) ;
#7142 = ORIENTED_EDGE ( 'NONE', *, *, #221, .T. ) ;
#7143 = VECTOR ( 'NONE', #2401, 39.37007874015748143 ) ;
#7144 = ORIENTED_EDGE ( 'NONE', *, *, #4667, .F. ) ;
#7145 = LINE ( 'NONE', #5930, #4866 ) ;
#7146 = ORIENTED_EDGE ( 'NONE', *, *, #5220, .F. ) ;
#7147 = CARTESIAN_POINT ( 'NONE',  ( -0.1663668302556448320, 0.000000000000000000, 0.4006299212598424808 ) ) ;
#7148 = ORIENTED_EDGE ( 'NONE', *, *, #3780, .T. ) ;
#7149 = AXIS2_PLACEMENT_3D ( 'NONE', #4935, #3301, #5623 ) ;
#7150 = VERTEX_POINT ( 'NONE', #1003 ) ;
#7151 = CARTESIAN_POINT ( 'NONE',  ( -0.2405511811023621771, 0.4015748031496061965, 0.09788169381906176858 ) ) ;
#7152 = DIRECTION ( 'NONE',  ( -0.8660254037844388186, 2.345220000641100191E-31, 0.4999999999999997224 ) ) ;
#7153 = DIRECTION ( 'NONE',  ( 0.000000000000000000, -1.000000000000000000, -7.661286097916305006E-43 ) ) ;
#7154 = EDGE_CURVE ( 'NONE', #6374, #759, #2772, .T. ) ;
#7155 = ORIENTED_EDGE ( 'NONE', *, *, #7175, .F. ) ;
#7156 = ORIENTED_EDGE ( 'NONE', *, *, #4795, .T. ) ;
#7157 = PLANE ( 'NONE',  #844 ) ;
#7158 = CARTESIAN_POINT ( 'NONE',  ( 0.3701181102362202102, 0.000000000000000000, 0.09000000000000001055 ) ) ;
#7159 = FACE_OUTER_BOUND ( 'NONE', #2066, .T. ) ;
#7160 = EDGE_CURVE ( 'NONE', #6989, #5405, #3984, .T. ) ;
#7161 = DIRECTION ( 'NONE',  ( 0.000000000000000000, 0.8719048594991297696, -0.4896753169007020956 ) ) ;
#7162 = VECTOR ( 'NONE', #4744, 39.37007874015748143 ) ;
#7163 = CARTESIAN_POINT ( 'NONE',  ( 0.3818809286427813365, 0.02000000000000002470, -0.05118110236220476533 ) ) ;
#7164 = EDGE_CURVE ( 'NONE', #7261, #7202, #605, .T. ) ;
#7165 = EDGE_CURVE ( 'NONE', #3540, #1918, #4217, .T. ) ;
#7166 = ORIENTED_EDGE ( 'NONE', *, *, #3396, .F. ) ;
#7167 = ORIENTED_EDGE ( 'NONE', *, *, #1553, .T. ) ;
#7168 = DIRECTION ( 'NONE',  ( -0.000000000000000000, 7.661286097916305006E-43, 1.000000000000000000 ) ) ;
#7169 = VERTEX_POINT ( 'NONE', #4525 ) ;
#7170 = CARTESIAN_POINT ( 'NONE',  ( -0.4507874015748030150, 0.3917322834645668994, 0.2480314960629921017 ) ) ;
#7171 = DIRECTION ( 'NONE',  ( 0.000000000000000000, 0.000000000000000000, 1.000000000000000000 ) ) ;
#7172 = AXIS2_PLACEMENT_3D ( 'NONE', #3956, #4420, #6110 ) ;
#7173 = PLANE ( 'NONE',  #7136 ) ;
#7174 = B_SPLINE_CURVE_WITH_KNOTS ( 'NONE', 3,
 ( #6908, #4591, #5230, #3470 ),
 .UNSPECIFIED., .F., .F.,
 ( 4, 4 ),
 ( 0.6021293236706866114, 1.000000000000000000 ),
 .UNSPECIFIED. ) ;
#7175 = EDGE_CURVE ( 'NONE', #7118, #2192, #2847, .T. ) ;
#7176 = CARTESIAN_POINT ( 'NONE',  ( -0.4911417322834654153, 1.468368296594541455E-15, 0.2766265343339149863 ) ) ;
#7177 = FACE_OUTER_BOUND ( 'NONE', #1980, .T. ) ;
#7178 = AXIS2_PLACEMENT_3D ( 'NONE', #6994, #7404, #1691 ) ;
#7179 = ORIENTED_EDGE ( 'NONE', *, *, #3674, .F. ) ;
#7180 = CARTESIAN_POINT ( 'NONE',  ( 0.3484251968503935815, 0.3015748031496062187, -0.3937007874015752140 ) ) ;
#7181 = DIRECTION ( 'NONE',  ( 0.000000000000000000, 0.000000000000000000, 1.000000000000000000 ) ) ;
#7182 = ORIENTED_EDGE ( 'NONE', *, *, #1459, .T. ) ;
#7183 = DIRECTION ( 'NONE',  ( 0.000000000000000000, 0.000000000000000000, 1.000000000000000000 ) ) ;
#7184 = ORIENTED_EDGE ( 'NONE', *, *, #4230, .T. ) ;
#7185 = AXIS2_PLACEMENT_3D ( 'NONE', #7393, #2285, #5239 ) ;
#7186 = DIRECTION ( 'NONE',  ( -0.3703889868387169604, -0.9288767401698617698, 0.000000000000000000 ) ) ;
#7187 = ORIENTED_EDGE ( 'NONE', *, *, #4979, .T. ) ;
#7188 = DIRECTION ( 'NONE',  ( 0.9230681940233445015, 0.3846363336743959804, -0.000000000000000000 ) ) ;
#7189 = CARTESIAN_POINT ( 'NONE',  ( -0.1898402593067066157, 0.2609261685198123737, -0.4539431922519615026 ) ) ;
#7190 = CARTESIAN_POINT ( 'NONE',  ( -0.1594488188976377896, 0.3917322834645668994, 0.1200787401574801017 ) ) ;
#7191 = VERTEX_POINT ( 'NONE', #7429 ) ;
#7192 = EDGE_LOOP ( 'NONE', ( #279, #6115, #349, #4876, #2962, #90, #3363, #477, #357, #1325, #6423, #7363, #2873, #99, #4031, #379, #1782, #6962, #2789, #5834, #5708, #335 ) ) ;
#7193 = CARTESIAN_POINT ( 'NONE',  ( -0.1596456692913385822, 0.1907360999991050132, 0.1200787401574807817 ) ) ;
#7194 = CARTESIAN_POINT ( 'NONE',  ( 0.4940944881889764995, 0.2023622047244093280, -0.2054993803149607612 ) ) ;
#7195 = EDGE_CURVE ( 'NONE', #2149, #2691, #6838, .T. ) ;
#7196 = CARTESIAN_POINT ( 'NONE',  ( -0.4704724409448817757, 0.3818897637795276023, 0.2185039370078739884 ) ) ;
#7197 = FILL_AREA_STYLE_COLOUR ( '', #1926 ) ;
#7198 = CARTESIAN_POINT ( 'NONE',  ( -0.3225205235358101219, 0.2589302129309311584, 0.4565835156617940038 ) ) ;
#7199 = CARTESIAN_POINT ( 'NONE',  ( 0.2405511811023621771, 0.4015748031496062520, 0.1200787401574801017 ) ) ;
#7200 = CIRCLE ( 'NONE', #481, 0.03937007874015751446 ) ;
#7201 = VERTEX_POINT ( 'NONE', #966 ) ;
#7202 = VERTEX_POINT ( 'NONE', #436 ) ;
#7203 = CARTESIAN_POINT ( 'NONE',  ( -0.4704724409448827194, 0.1102362204724409017, -0.3799212598425197318 ) ) ;
#7204 = ORIENTED_EDGE ( 'NONE', *, *, #1558, .T. ) ;
#7205 = VECTOR ( 'NONE', #391, 39.37007874015748143 ) ;
#7206 = DIRECTION ( 'NONE',  ( 0.000000000000000000, 1.000000000000000000, 0.000000000000000000 ) ) ;
#7207 = ADVANCED_FACE ( 'NONE', ( #3253 ), #2729, .F. ) ;
#7208 = DIRECTION ( 'NONE',  ( -0.4999999999999995559, 0.000000000000000000, -0.8660254037844390407 ) ) ;
#7209 = AXIS2_PLACEMENT_3D ( 'NONE', #5652, #4554, #6720 ) ;
#7210 = LINE ( 'NONE', #3907, #2424 ) ;
#7211 = CARTESIAN_POINT ( 'NONE',  ( -0.2726725254360719553, 0.2716535433070866312, -0.4306299212598441728 ) ) ;
#7212 = CARTESIAN_POINT ( 'NONE',  ( 0.3085062810569361713, 0.000000000000000000, -0.08999999999999994116 ) ) ;
#7213 = VECTOR ( 'NONE', #3232, 39.37007874015748143 ) ;
#7214 = ADVANCED_FACE ( 'NONE', ( #3412 ), #5046, .T. ) ;
#7215 = EDGE_LOOP ( 'NONE', ( #3776, #1047, #5744, #2381 ) ) ;
#7216 = EDGE_CURVE ( 'NONE', #6229, #4291, #1556, .T. ) ;
#7217 = DIRECTION ( 'NONE',  ( 0.000000000000000000, 0.000000000000000000, 1.000000000000000000 ) ) ;
#7218 = EDGE_CURVE ( 'NONE', #5157, #1751, #1433, .T. ) ;
#7219 = ORIENTED_EDGE ( 'NONE', *, *, #7175, .T. ) ;
#7220 = CARTESIAN_POINT ( 'NONE',  ( -0.1992628665308148195, 0.2571247347676183792, -0.4509012044638410210 ) ) ;
#7222 = ORIENTED_EDGE ( 'NONE', *, *, #3399, .T. ) ;
#7221 = AXIS2_PLACEMENT_3D ( 'NONE', #1001, #2845, #6759 ) ;
#7223 = CARTESIAN_POINT ( 'NONE',  ( -0.4507874015748030150, 0.3917322834645668994, 0.2480314960629921017 ) ) ;
#7224 = ORIENTED_EDGE ( 'NONE', *, *, #881, .F. ) ;
#7225 = LINE ( 'NONE', #949, #5101 ) ;
#7226 = CARTESIAN_POINT ( 'NONE',  ( -0.1831904645859319392, 0.2716535433070866312, -0.4381272412455610721 ) ) ;
#7227 = DIRECTION ( 'NONE',  ( 0.000000000000000000, 1.000000000000000000, 0.000000000000000000 ) ) ;
#7228 = DIRECTION ( 'NONE',  ( 0.000000000000000000, 1.000000000000000000, 0.000000000000000000 ) ) ;
#7229 = EDGE_LOOP ( 'NONE', ( #6290, #1214, #4241, #6725 ) ) ;
#7230 = VERTEX_POINT ( 'NONE', #5083 ) ;
#7231 = DIRECTION ( 'NONE',  ( -0.000000000000000000, -0.000000000000000000, -1.000000000000000000 ) ) ;
#7232 = PLANE ( 'NONE',  #1603 ) ;
#7233 = CARTESIAN_POINT ( 'NONE',  ( -0.1596456692913385822, 0.3745673898465213814, 0.01683623137732595879 ) ) ;
#7234 = CIRCLE ( 'NONE', #6408, 0.009842519685039378616 ) ;
#7235 = CARTESIAN_POINT ( 'NONE',  ( -0.3176091009733156834, 0.2653797792392906252, 0.4516720930993001204 ) ) ;
#7236 = VECTOR ( 'NONE', #4272, 39.37007874015748854 ) ;
#7237 = ORIENTED_EDGE ( 'NONE', *, *, #7083, .T. ) ;
#7238 = ORIENTED_EDGE ( 'NONE', *, *, #2988, .F. ) ;
#7239 = AXIS2_PLACEMENT_3D ( 'NONE', #1997, #6631, #2145 ) ;
#7240 = PLANE ( 'NONE',  #476 ) ;
#7241 = ORIENTED_EDGE ( 'NONE', *, *, #2345, .T. ) ;
#7242 = CARTESIAN_POINT ( 'NONE',  ( -0.1596456692913385822, 0.3917322834645668994, 0.01683623137732593103 ) ) ;
#7243 = AXIS2_PLACEMENT_3D ( 'NONE', #3063, #4166, #5345 ) ;
#7244 = CARTESIAN_POINT ( 'NONE',  ( -0.2403543307086613845, 0.3015748031496062187, -0.09663724781254488805 ) ) ;
#7245 = FACE_OUTER_BOUND ( 'NONE', #3400, .T. ) ;
#7246 = PLANE ( 'NONE',  #5021 ) ;
#7247 = ORIENTED_EDGE ( 'NONE', *, *, #4705, .T. ) ;
#7248 = ADVANCED_FACE ( 'NONE', ( #7352 ), #2207, .T. ) ;
#7249 = AXIS2_PLACEMENT_3D ( 'NONE', #7158, #3211, #350 ) ;
#7250 = DIRECTION ( 'NONE',  ( 0.000000000000000000, 0.000000000000000000, 1.000000000000000000 ) ) ;
#7251 = VECTOR ( 'NONE', #5440, 39.37007874015748143 ) ;
#7252 = VERTEX_POINT ( 'NONE', #2704 ) ;
#7253 = APPLICATION_CONTEXT ( 'automotive_design' ) ;
#7254 = FACE_OUTER_BOUND ( 'NONE', #3524, .T. ) ;
#7255 = EDGE_LOOP ( 'NONE', ( #1178, #5931, #6288, #2497 ) ) ;
#7256 = ADVANCED_FACE ( 'NONE', ( #6621 ), #1453, .F. ) ;
#7257 = FACE_OUTER_BOUND ( 'NONE', #4164, .T. ) ;
#7258 = AXIS2_PLACEMENT_3D ( 'NONE', #1342, #3532, #2416 ) ;
#7259 = EDGE_CURVE ( 'NONE', #6333, #4474, #2011, .T. ) ;
#7260 = EDGE_CURVE ( 'NONE', #4419, #5394, #5704, .T. ) ;
#7261 = VERTEX_POINT ( 'NONE', #3913 ) ;
#7262 = PLANE ( 'NONE',  #6520 ) ;
#7263 = CARTESIAN_POINT ( 'NONE',  ( -0.1861690456699964247, 0.2680136398155805177, -0.4454618952515878028 ) ) ;
#7264 = DIRECTION ( 'NONE',  ( 1.000000000000000000, 0.000000000000000000, 5.542458384320307220E-16 ) ) ;
#7265 = DIRECTION ( 'NONE',  ( 0.8660254037844391517, -2.345220000641324836E-31, -0.4999999999999993894 ) ) ;
#7266 = CARTESIAN_POINT ( 'NONE',  ( 0.1594488188976377896, 0.3917322834645668994, -0.06045746635706854971 ) ) ;
#7267 = ADVANCED_FACE ( 'NONE', ( #2335 ), #1690, .T. ) ;
#7268 = DIRECTION ( 'NONE',  ( 3.396661351562978405E-15, 1.000000000000000000, 4.852373359375683435E-16 ) ) ;
#7269 = CARTESIAN_POINT ( 'NONE',  ( 0.3085062810569361713, 0.000000000000000000, 0.08999999999999998279 ) ) ;
#7270 = ORIENTED_EDGE ( 'NONE', *, *, #4483, .F. ) ;
#7271 = VERTEX_POINT ( 'NONE', #5783 ) ;
#7272 = CARTESIAN_POINT ( 'NONE',  ( 0.4704724409448826639, 0.09918119350236434539, 0.02205967480314803206 ) ) ;
#7273 = FACE_OUTER_BOUND ( 'NONE', #5868, .T. ) ;
#7274 = DIRECTION ( 'NONE',  ( -1.000000000000000000, -3.396661351562978405E-15, -1.141265444721584004E-16 ) ) ;
#7275 = LINE ( 'NONE', #6643, #1323 ) ;
#7276 = ORIENTED_EDGE ( 'NONE', *, *, #5984, .F. ) ;
#7277 = ORIENTED_EDGE ( 'NONE', *, *, #6088, .F. ) ;
#7278 = CARTESIAN_POINT ( 'NONE',  ( -0.2978669291338584824, 0.2416535433070866601, -0.4606299212598424786 ) ) ;
#7279 = ORIENTED_EDGE ( 'NONE', *, *, #1334, .T. ) ;
#7280 = DIRECTION ( 'NONE',  ( -1.000000000000000000, 0.000000000000000000, 0.000000000000000000 ) ) ;
#7281 = AXIS2_PLACEMENT_3D ( 'NONE', #2288, #4030, #483 ) ;
#7282 = DIRECTION ( 'NONE',  ( -1.000000000000000000, 0.000000000000000000, 0.000000000000000000 ) ) ;
#7283 = FACE_OUTER_BOUND ( 'NONE', #3834, .T. ) ;
#7284 = PLANE ( 'NONE',  #2849 ) ;
#7285 = AXIS2_PLACEMENT_3D ( 'NONE', #3551, #6007, #841 ) ;
#7286 = ORIENTED_EDGE ( 'NONE', *, *, #3069, .F. ) ;
#7287 = AXIS2_PLACEMENT_3D ( 'NONE', #4782, #3109, #6614 ) ;
#7288 = VERTEX_POINT ( 'NONE', #6299 ) ;
#7289 = EDGE_LOOP ( 'NONE', ( #4715, #4615, #1666, #4460 ) ) ;
#7290 = EDGE_CURVE ( 'NONE', #2502, #3967, #1547, .T. ) ;
#7291 = DIRECTION ( 'NONE',  ( -0.000000000000000000, -1.000000000000000000, -3.787605842744118123E-15 ) ) ;
#7292 = EDGE_LOOP ( 'NONE', ( #7018, #3560, #1714, #4100, #545, #1420, #771, #3527, #2293, #1536, #147, #2896, #6532, #29, #257, #3533, #6970, #2473, #7335, #136, #3410, #1545, #3507 ) ) ;
#7293 = ADVANCED_FACE ( 'NONE', ( #6922 ), #6335, .T. ) ;
#7294 = CARTESIAN_POINT ( 'NONE',  ( 0.4606299212598433668, 0.003785790685771632438, -0.008845837007875591296 ) ) ;
#7295 = CARTESIAN_POINT ( 'NONE',  ( -0.2026169319621086151, 0.2457372503384449292, 0.4534870641169855832 ) ) ;
#7296 = AXIS2_PLACEMENT_3D ( 'NONE', #5924, #3719, #2594 ) ;
#7297 = DIRECTION ( 'NONE',  ( -0.8660254037844388186, 2.345220000641100191E-31, 0.4999999999999997224 ) ) ;
#7298 = VERTEX_POINT ( 'NONE', #3876 ) ;
#7299 = EDGE_CURVE ( 'NONE', #5983, #5789, #230, .T. ) ;
#7300 = CYLINDRICAL_SURFACE ( 'NONE', #7239, 0.01574803149606296415 ) ;
#7301 = EDGE_CURVE ( 'NONE', #3504, #6338, #2787, .T. ) ;
#7302 = DIRECTION ( 'NONE',  ( 0.000000000000000000, 1.000000000000000000, 7.661286097916305006E-43 ) ) ;
#7303 = DIRECTION ( 'NONE',  ( 0.8660254037844388186, -2.345220000633477127E-31, 0.4999999999999997224 ) ) ;
#7304 = AXIS2_PLACEMENT_3D ( 'NONE', #2626, #2732, #4932 ) ;
#7305 = VERTEX_POINT ( 'NONE', #6032 ) ;
#7306 = ADVANCED_FACE ( 'NONE', ( #6773 ), #4337, .T. ) ;
#7307 = ORIENTED_EDGE ( 'NONE', *, *, #6544, .T. ) ;
#7308 = CARTESIAN_POINT ( 'NONE',  ( 0.4940944881889764995, 0.2023622047244093280, -0.2054993803149607612 ) ) ;
#7309 = DIRECTION ( 'NONE',  ( -6.536687853109848904E-31, -1.224646799147353207E-16, -1.000000000000000000 ) ) ;
#7310 = EDGE_CURVE ( 'NONE', #2711, #3912, #4454, .T. ) ;
#7311 = CARTESIAN_POINT ( 'NONE',  ( -0.2665669291338585434, 0.2516535433070866690, -0.3221485083270180239 ) ) ;
#7312 = EDGE_CURVE ( 'NONE', #6019, #7399, #6144, .T. ) ;
#7313 = CARTESIAN_POINT ( 'NONE',  ( -0.3265669291338584301, 0.2416535433070866878, 0.4606299212598424231 ) ) ;
#7314 = DIRECTION ( 'NONE',  ( -0.9230681940233446126, -0.3846363336743960359, 0.000000000000000000 ) ) ;
#7315 = VERTEX_POINT ( 'NONE', #2024 ) ;
#7316 = ORIENTED_EDGE ( 'NONE', *, *, #5894, .T. ) ;
#7317 = ORIENTED_EDGE ( 'NONE', *, *, #7397, .T. ) ;
#7318 = PLANE ( 'NONE',  #5226 ) ;
#7319 = DIRECTION ( 'NONE',  ( 0.000000000000000000, -1.000000000000000000, -7.661286097916305006E-43 ) ) ;
#7320 = CARTESIAN_POINT ( 'NONE',  ( 0.4810721634446568640, 0.05284403589902079978, 0.02205967480314803206 ) ) ;
#7321 = DIRECTION ( 'NONE',  ( 0.4999999999999997224, 5.051367269173974158E-31, -0.8660254037844388186 ) ) ;
#7322 = EDGE_LOOP ( 'NONE', ( #5318, #3853, #3900, #6801 ) ) ;
#7323 = ORIENTED_EDGE ( 'NONE', *, *, #6904, .T. ) ;
#7324 = AXIS2_PLACEMENT_3D ( 'NONE', #5113, #3403, #7420 ) ;
#7325 = DIRECTION ( 'NONE',  ( 1.000000000000000000, 0.000000000000000000, 0.000000000000000000 ) ) ;
#7326 = ORIENTED_EDGE ( 'NONE', *, *, #5990, .F. ) ;
#7327 = AXIS2_PLACEMENT_3D ( 'NONE', #7394, #2366, #62 ) ;
#7328 = CARTESIAN_POINT ( 'NONE',  ( -0.3116751993502150930, 0.2678672588882460293, -0.4312846129692179953 ) ) ;
#7329 = EDGE_LOOP ( 'NONE', ( #3886, #5294, #3651, #3173 ) ) ;
#7330 = EDGE_LOOP ( 'NONE', ( #4632, #4294, #1532, #6811, #4124, #5100 ) ) ;
#7331 = CIRCLE ( 'NONE', #6982, 0.04091458600556441977 ) ;
#7332 = DIRECTION ( 'NONE',  ( -1.000000000000000000, 0.000000000000000000, 0.000000000000000000 ) ) ;
#7333 = SPHERICAL_SURFACE ( 'NONE', #296, 0.03937007874015742426 ) ;
#7334 = CARTESIAN_POINT ( 'NONE',  ( 0.4606299212598433113, 0.09918119350236434539, 0.02205967480314803206 ) ) ;
#7335 = ORIENTED_EDGE ( 'NONE', *, *, #271, .T. ) ;
#7336 = CARTESIAN_POINT ( 'NONE',  ( -0.2621977569112850515, 0.2576625425026042304, 0.4563293440019664526 ) ) ;
#7337 = DIRECTION ( 'NONE',  ( 0.3846363336743959249, 0.9230681940233443905, 0.000000000000000000 ) ) ;
#7338 = LINE ( 'NONE', #3434, #4093 ) ;
#7339 = VERTEX_POINT ( 'NONE', #5053 ) ;
#7340 = EDGE_CURVE ( 'NONE', #1463, #2844, #977, .T. ) ;
#7341 = VERTEX_POINT ( 'NONE', #4418 ) ;
#7342 = LINE ( 'NONE', #2120, #1919 ) ;
#7343 = LINE ( 'NONE', #3366, #4263 ) ;
#7344 = DIRECTION ( 'NONE',  ( 1.000000000000000000, 0.000000000000000000, 0.000000000000000000 ) ) ;
#7345 = DIRECTION ( 'NONE',  ( 0.000000000000000000, 0.000000000000000000, -1.000000000000000000 ) ) ;
#7346 = DIRECTION ( 'NONE',  ( 1.000000000000000000, -0.000000000000000000, -0.000000000000000000 ) ) ;
#7347 = EDGE_CURVE ( 'NONE', #3344, #6873, #3152, .T. ) ;
#7348 = ORIENTED_EDGE ( 'NONE', *, *, #4746, .T. ) ;
#7349 = ADVANCED_FACE ( 'NONE', ( #3761 ), #6659, .T. ) ;
#7350 = EDGE_CURVE ( 'NONE', #2034, #6839, #3138, .T. ) ;
#7351 = ORIENTED_EDGE ( 'NONE', *, *, #1655, .F. ) ;
#7352 = FACE_OUTER_BOUND ( 'NONE', #5251, .T. ) ;
#7353 = ORIENTED_EDGE ( 'NONE', *, *, #2308, .F. ) ;
#7354 = DIRECTION ( 'NONE',  ( 0.000000000000000000, 1.000000000000000000, 7.661286097916305006E-43 ) ) ;
#7355 = LINE ( 'NONE', #2209, #779 ) ;
#7356 = VECTOR ( 'NONE', #1550, 39.37007874015748854 ) ;
#7357 = DIRECTION ( 'NONE',  ( -0.000000000000000000, -0.000000000000000000, -1.000000000000000000 ) ) ;
#7358 = FACE_OUTER_BOUND ( 'NONE', #2736, .T. ) ;
#7359 = DIRECTION ( 'NONE',  ( 0.000000000000000000, 1.000000000000000000, 7.661286097916305006E-43 ) ) ;
#7360 = DIRECTION ( 'NONE',  ( 0.000000000000000000, 0.000000000000000000, 1.000000000000000000 ) ) ;
#7361 = CIRCLE ( 'NONE', #2319, 0.03409548833797012429 ) ;
#7362 = ADVANCED_FACE ( 'NONE', ( #6218 ), #7437, .F. ) ;
#7363 = ORIENTED_EDGE ( 'NONE', *, *, #6855, .F. ) ;
#7364 = VECTOR ( 'NONE', #1485, 39.37007874015748143 ) ;
#7365 = ORIENTED_EDGE ( 'NONE', *, *, #2710, .T. ) ;
#7366 = DIRECTION ( 'NONE',  ( -6.672013369141570147E-16, 8.149294847492427083E-43, 1.000000000000000000 ) ) ;
#7367 = ORIENTED_EDGE ( 'NONE', *, *, #1497, .T. ) ;
#7368 = CARTESIAN_POINT ( 'NONE',  ( -0.2403543307086613845, 0.3745673898465213814, 0.01683623137732593103 ) ) ;
#7369 = CIRCLE ( 'NONE', #5110, 0.04432413483936115811 ) ;
#7370 = ORIENTED_EDGE ( 'NONE', *, *, #3849, .F. ) ;
#7371 = ORIENTED_EDGE ( 'NONE', *, *, #5080, .T. ) ;
#7372 = CARTESIAN_POINT ( 'NONE',  ( -0.1930337834871094782, 0.2416535433070866601, -0.4606299212598424786 ) ) ;
#7373 = CARTESIAN_POINT ( 'NONE',  ( -0.2588607482561989248, 0.2623662519211619748, -0.4527433773554181418 ) ) ;
#7374 = EDGE_LOOP ( 'NONE', ( #869, #894, #6444, #6 ) ) ;
#7375 = DIRECTION ( 'NONE',  ( 0.000000000000000000, 0.000000000000000000, 1.000000000000000000 ) ) ;
#7376 = LINE ( 'NONE', #3280, #4061 ) ;
#7377 = LINE ( 'NONE', #6276, #2680 ) ;
#7378 = ORIENTED_EDGE ( 'NONE', *, *, #6319, .F. ) ;
#7379 = ORIENTED_EDGE ( 'NONE', *, *, #2105, .T. ) ;
#7380 = CIRCLE ( 'NONE', #4154, 0.02500000000000000486 ) ;
#7381 = CARTESIAN_POINT ( 'NONE',  ( 0.3083442662718037242, 0.2716535433070866312, -0.4488578678306663350 ) ) ;
#7382 = CYLINDRICAL_SURFACE ( 'NONE', #1116, 0.03000000000000002318 ) ;
#7383 = DIRECTION ( 'NONE',  ( 0.000000000000000000, 0.000000000000000000, -1.000000000000000000 ) ) ;
#7384 = EDGE_CURVE ( 'NONE', #2862, #2681, #5085, .T. ) ;
#7385 = AXIS2_PLACEMENT_3D ( 'NONE', #5470, #1413, #368 ) ;
#7386 = EDGE_LOOP ( 'NONE', ( #2462, #97, #886, #1134, #4631, #5082, #5705, #2870, #384 ) ) ;
#7387 = ORIENTED_EDGE ( 'NONE', *, *, #512, .T. ) ;
#7388 = DIRECTION ( 'NONE',  ( 0.8660254037844418162, -3.081856994139119741E-15, 0.4999999999999943934 ) ) ;
#7389 = ORIENTED_EDGE ( 'NONE', *, *, #2810, .T. ) ;
#7390 = CARTESIAN_POINT ( 'NONE',  ( -0.2403543307086613845, 0.3153543307086614234, -0.09663724781254488805 ) ) ;
#7391 = EDGE_CURVE ( 'NONE', #88, #6820, #596, .T. ) ;
#7392 = CARTESIAN_POINT ( 'NONE',  ( 0.2405511811023622049, 0.3917322834645668994, -0.06045746635706857747 ) ) ;
#7393 = CARTESIAN_POINT ( 'NONE',  ( -0.4752772192324700717, 0.04917272174909721044, 0.02205967480314803206 ) ) ;
#7394 = CARTESIAN_POINT ( 'NONE',  ( -0.2265748031496063741, 0.2716535433070866312, 0.4606299212598424786 ) ) ;
#7395 = ADVANCED_FACE ( 'NONE', ( #5808 ), #2370, .T. ) ;
#7396 = LINE ( 'NONE', #1645, #5388 ) ;
#7397 = EDGE_CURVE ( 'NONE', #5509, #6334, #3561, .T. ) ;
#7398 = LINE ( 'NONE', #4570, #2638 ) ;
#7399 = VERTEX_POINT ( 'NONE', #6470 ) ;
#7400 = DIRECTION ( 'NONE',  ( 0.000000000000000000, 0.000000000000000000, 1.000000000000000000 ) ) ;
#7401 = VECTOR ( 'NONE', #5506, 39.37007874015748143 ) ;
#7402 = ORIENTED_EDGE ( 'NONE', *, *, #5118, .T. ) ;
#7403 = EDGE_CURVE ( 'NONE', #2706, #212, #4959, .T. ) ;
#7404 = DIRECTION ( 'NONE',  ( 0.000000000000000000, -1.000000000000000000, -7.661286097916305006E-43 ) ) ;
#7405 = DIRECTION ( 'NONE',  ( 0.9230681940233448346, -0.3846363336743950367, 0.000000000000000000 ) ) ;
#7406 = ORIENTED_EDGE ( 'NONE', *, *, #3208, .F. ) ;
#7407 = AXIS2_PLACEMENT_3D ( 'NONE', #6865, #6238, #1869 ) ;
#7408 = VERTEX_POINT ( 'NONE', #6545 ) ;
#7409 = VERTEX_POINT ( 'NONE', #1299 ) ;
#7410 = CARTESIAN_POINT ( 'NONE',  ( -0.1833234381361107945, 0.2709059143785780277, -0.4383202351107003403 ) ) ;
#7411 = CARTESIAN_POINT ( 'NONE',  ( -0.2670270665102031926, 0.2688466405238212342, -0.4454726370332438568 ) ) ;
#7412 = ORIENTED_EDGE ( 'NONE', *, *, #4022, .F. ) ;
#7413 = FACE_BOUND ( 'NONE', #5968, .T. ) ;
#7414 = AXIS2_PLACEMENT_3D ( 'NONE', #5436, #867, #4903 ) ;
#7415 = LINE ( 'NONE', #2871, #3771 ) ;
#7416 = CARTESIAN_POINT ( 'NONE',  ( -0.4291338582677163838, 0.3858267716535432323, -0.3877952755905513804 ) ) ;
#7417 = VERTEX_POINT ( 'NONE', #3601 ) ;
#7418 = AXIS2_PLACEMENT_3D ( 'NONE', #1226, #599, #5133 ) ;
#7419 = ORIENTED_EDGE ( 'NONE', *, *, #1750, .T. ) ;
#7420 = DIRECTION ( 'NONE',  ( 0.000000000000000000, 0.000000000000000000, 1.000000000000000000 ) ) ;
#7421 = PLANE ( 'NONE',  #1359 ) ;
#7422 = FACE_OUTER_BOUND ( 'NONE', #555, .T. ) ;
#7423 = SHAPE_REPRESENTATION ( 'BHX2-2032-PC sheetmetal', ( #7221 ), #4000 ) ;
#7424 = LINE ( 'NONE', #2507, #1518 ) ;
#7425 = VECTOR ( 'NONE', #3990, 39.37007874015748143 ) ;
#7426 = B_SPLINE_CURVE_WITH_KNOTS ( 'NONE', 3,
 ( #538, #2185, #3843, #4583, #5713, #2713, #7295, #2829 ),
 .UNSPECIFIED., .F., .F.,
 ( 4, 2, 2, 4 ),
 ( -5.858261205695361613E-06, 0.0006157627650375417303, 0.0009265732781591596396, 0.001237383791280777549 ),
 .UNSPECIFIED. ) ;
#7427 = ORIENTED_EDGE ( 'NONE', *, *, #4658, .F. ) ;
#7428 = ORIENTED_EDGE ( 'NONE', *, *, #512, .F. ) ;
#7429 = CARTESIAN_POINT ( 'NONE',  ( -0.3265669291338584856, 0.000000000000000000, -0.3511974678401351690 ) ) ;
#7430 = ORIENTED_EDGE ( 'NONE', *, *, #6870, .T. ) ;
#7431 = CARTESIAN_POINT ( 'NONE',  ( 0.3487518205591552123, 0.2416535433070866601, -0.3788699307953760642 ) ) ;
#7432 = CARTESIAN_POINT ( 'NONE',  ( -0.1596456692913385822, 0.3745673898465213814, 0.01683623137732593103 ) ) ;
#7433 = CARTESIAN_POINT ( 'NONE',  ( -0.1999999999999999833, 0.3917322834645668994, -0.1279527559055120278 ) ) ;
#7434 = DIRECTION ( 'NONE',  ( 0.000000000000000000, 0.000000000000000000, -1.000000000000000000 ) ) ;
#7435 = DIRECTION ( 'NONE',  ( 0.000000000000000000, -1.000000000000000000, -7.661286097916305006E-43 ) ) ;
#7436 = ORIENTED_EDGE ( 'NONE', *, *, #3914, .F. ) ;
#7437 = PLANE ( 'NONE',  #3020 ) ;
#7438 = EDGE_CURVE ( 'NONE', #7118, #659, #5919, .T. ) ;
#7439 = ORIENTED_EDGE ( 'NONE', *, *, #1965, .T. ) ;
#7440 = DIRECTION ( 'NONE',  ( 0.000000000000000000, 7.661286097916305006E-43, 1.000000000000000000 ) ) ;
#7441 = CARTESIAN_POINT ( 'NONE',  ( 0.2403543307086613845, 0.3153543307086614234, -0.09663724781254488805 ) ) ;
#7442 = DIRECTION ( 'NONE',  ( -0.000000000000000000, -0.000000000000000000, -1.000000000000000000 ) ) ;
#7443 = CARTESIAN_POINT ( 'NONE',  ( -0.4789342142725088736, 0.05063094610672995433, 0.02205967480314803206 ) ) ;
#7444 = ORIENTED_EDGE ( 'NONE', *, *, #3769, .T. ) ;
#7445 = NEXT_ASSEMBLY_USAGE_OCCURRENCE ( 'NAUO1', ' ', ' ', #444, #5381, $ ) ;
#7446 = NEXT_ASSEMBLY_USAGE_OCCURRENCE ( 'NAUO2', ' ', ' ', #444, #6702, $ ) ;
ENDSEC;
END-ISO-10303-21;
